aml_screening_id,customer_id,screening_date,aml_risk_score,aml_risk_category,sanctions_match_status,pep_status,adverse_media_status,high_risk_country_flag,suspicious_activity_flag,screening_status
AML000001,CUST00001,2024-08-13,63.39,Medium,No Match,Not PEP,No Adverse Media,False,False,Cleared
AML000002,CUST00002,2026-11-13,68.95,Medium,No Match,Not PEP,No Adverse Media,False,False,Cleared
AML000003,CUST00003,2025-09-12,64.05,Medium,No Match,Not PEP,No Adverse Media,False,False,Cleared
AML000004,CUST00004,2025-04-08,22.22,Low,No Match,Not PEP,No Adverse Media,False,False,Cleared
AML000005,CUST00005,2026-10-25,10.5,Low,No Match,Not PEP,No Adverse Media,False,False,Cleared
AML000006,CUST00006,2025-10-01,13.59,Low,No Match,Not PEP,No Adverse Media,False,False,Cleared
AML000007,CUST00007,2024-11-07,31.52,Low,No Match,Not PEP,No Adverse Media,False,False,Cleared
AML000008,CUST00008,2026-11-24,36.02,Low,No Match,Not PEP,No Adverse Media,False,False,Cleared
AML000009,CUST00009,2024-04-02,27.96,Low,No Match,Not PEP,No Adverse Media,False,False,Cleared
AML000010,CUST00010,2026-02-11,14.46,Low,No Match,Not PEP,No Adverse Media,False,False,Cleared
AML000011,CUST00011,2026-10-29,22.74,Low,No Match,Not PEP,No Adverse Media,False,False,Cleared
AML000012,CUST00012,2024-05-17,7.83,Low,No Match,Not PEP,Potential Adverse Media,False,False,Cleared
AML000013,CUST00013,2026-12-16,23.37,Low,No Match,Not PEP,No Adverse Media,False,False,Cleared
AML000014,CUST00014,2024-06-25,25.81,Low,No Match,Not PEP,No Adverse Media,False,False,Cleared
AML000015,CUST00015,2026-11-06,21.1,Low,No Match,Not PEP,No Adverse Media,False,False,Cleared
AML000016,CUST00016,2025-04-11,40.18,Medium,No Match,Not PEP,No Adverse Media,False,False,Cleared
AML000017,CUST00017,2025-09-30,16.49,Low,No Match,Not PEP,No Adverse Media,False,False,Cleared
AML000018,CUST00018,2025-10-11,35.33,Low,No Match,Not PEP,Potential Adverse Media,False,False,Cleared
AML000019,CUST00019,2024-05-17,23.33,Low,No Match,Not PEP,No Adverse Media,False,False,Cleared
AML000020,CUST00020,2025-06-08,5.42,Low,No Match,Not PEP,No Adverse Media,False,False,Cleared
AML000021,CUST00021,2025-01-29,19.54,Low,No Match,Not PEP,No Adverse Media,False,False,Cleared
AML000022,CUST00022,2025-03-23,7.88,Low,No Match,Not PEP,No Adverse Media,False,False,Cleared
AML000023,CUST00023,2026-12-14,38.52,Low,No Match,Not PEP,No Adverse Media,False,False,Cleared
AML000024,CUST00024,2024-07-31,6.59,Low,No Match,Not PEP,No Adverse Media,False,False,Cleared
AML000025,CUST00025,2026-09-23,44.57,Medium,No Match,Not PEP,Potential Adverse Media,False,False,Cleared
AML000026,CUST00026,2025-12-21,25.5,Low,No Match,Not PEP,No Adverse Media,False,False,Cleared
AML000027,CUST00027,2024-04-26,34.75,Low,No Match,Not PEP,No Adverse Media,False,False,Cleared
AML000028,CUST00028,2025-11-20,40.12,Medium,No Match,Not PEP,Potential Adverse Media,False,False,Cleared
AML000029,CUST00029,2025-08-25,16.52,Low,No Match,Not PEP,No Adverse Media,False,False,Cleared
AML000030,CUST00030,2026-09-14,40.07,Medium,No Match,Not PEP,No Adverse Media,False,False,Cleared
AML000031,CUST00031,2024-06-03,11.39,Low,No Match,Not PEP,No Adverse Media,False,False,Cleared
AML000032,CUST00032,2025-08-04,37.3,Low,No Match,Not PEP,No Adverse Media,False,False,Cleared
AML000033,CUST00033,2025-05-19,15.79,Low,No Match,Not PEP,No Adverse Media,False,False,Cleared
AML000034,CUST00034,2026-01-19,24.81,Low,No Match,Not PEP,Potential Adverse Media,False,False,Cleared
AML000035,CUST00035,2026-10-19,13.24,Low,No Match,Not PEP,No Adverse Media,False,False,Cleared
AML000036,CUST00036,2025-01-18,15.23,Low,No Match,Not PEP,No Adverse Media,False,False,Cleared
AML000037,CUST00037,2024-08-16,25.08,Low,No Match,Not PEP,No Adverse Media,False,False,Cleared
AML000038,CUST00038,2026-06-04,35.64,Low,No Match,Not PEP,No Adverse Media,False,False,Cleared
AML000039,CUST00039,2025-01-07,10.44,Low,No Match,Not PEP,No Adverse Media,False,False,Cleared
AML000040,CUST00040,2024-10-05,6.28,Low,No Match,Not PEP,No Adverse Media,False,False,Cleared
AML000041,CUST00041,2024-05-29,38.68,Low,No Match,Not PEP,No Adverse Media,False,False,Cleared
AML000042,CUST00042,2026-10-18,12.51,Low,No Match,PEP,No Adverse Media,False,False,Cleared
AML000043,CUST00043,2024-01-26,32.43,Low,No Match,Not PEP,No Adverse Media,False,False,Cleared
AML000044,CUST00044,2025-06-29,28.6,Low,No Match,PEP,No Adverse Media,False,False,Cleared
AML000045,CUST00045,2025-12-27,10.41,Low,No Match,Not PEP,No Adverse Media,False,False,Cleared
AML000046,CUST00046,2026-10-19,28.37,Low,No Match,Not PEP,No Adverse Media,False,False,Cleared
AML000047,CUST00047,2025-05-26,28.68,Low,No Match,Not PEP,No Adverse Media,False,False,Cleared
AML000048,CUST00048,2025-03-05,40.53,Medium,No Match,Not PEP,No Adverse Media,False,False,Cleared
AML000049,CUST00049,2024-05-17,6.21,Low,No Match,Not PEP,No Adverse Media,False,False,Cleared
AML000050,CUST00050,2026-07-27,43.13,Medium,No Match,Not PEP,No Adverse Media,False,False,Cleared
AML000051,CUST00051,2025-07-13,42.08,Medium,No Match,Not PEP,No Adverse Media,False,False,Cleared
AML000052,CUST00052,2025-06-23,20.71,Low,No Match,Not PEP,No Adverse Media,False,False,Cleared
AML000053,CUST00053,2025-09-24,23.15,Low,No Match,Not PEP,No Adverse Media,False,False,Cleared
AML000054,CUST00054,2026-02-18,40.86,Medium,No Match,Not PEP,No Adverse Media,False,False,Cleared
AML000055,CUST00055,2026-01-11,14.88,Low,No Match,Not PEP,No Adverse Media,False,False,Cleared
AML000056,CUST00056,2026-08-05,10.4,Low,No Match,Not PEP,No Adverse Media,False,False,Cleared
AML000057,CUST00057,2025-10-28,31.29,Low,No Match,Not PEP,No Adverse Media,False,False,Cleared
AML000058,CUST00058,2025-03-29,16.16,Low,No Match,Not PEP,No Adverse Media,False,False,Cleared
AML000059,CUST00059,2026-08-17,29.72,Low,Potential Match,Not PEP,No Adverse Media,False,False,Cleared
AML000060,CUST00060,2025-07-23,30.57,Low,No Match,Not PEP,No Adverse Media,False,False,Cleared
AML000061,CUST00061,2024-07-23,43.02,Medium,No Match,Not PEP,No Adverse Media,False,False,Cleared
AML000062,CUST00062,2026-10-03,15.56,Low,No Match,Not PEP,No Adverse Media,False,False,Cleared
AML000063,CUST00063,2026-12-19,44.3,Medium,No Match,Not PEP,No Adverse Media,False,False,Cleared
AML000064,CUST00064,2026-05-04,30.01,Low,No Match,Not PEP,No Adverse Media,False,False,Cleared
AML000065,CUST00065,2025-05-19,21.34,Low,No Match,Not PEP,No Adverse Media,False,False,Cleared
AML000066,CUST00066,2026-07-15,35.86,Low,No Match,Not PEP,No Adverse Media,False,False,Cleared
AML000067,CUST00067,2024-11-22,22.73,Low,No Match,Not PEP,No Adverse Media,False,False,Cleared
AML000068,CUST00068,2026-04-20,35.27,Low,No Match,Not PEP,No Adverse Media,False,False,Cleared
AML000069,CUST00069,2026-07-22,35.15,Low,No Match,Not PEP,Confirmed Adverse Media,False,False,Cleared
AML000070,CUST00070,2026-10-06,6.86,Low,No Match,Not PEP,Potential Adverse Media,False,False,Cleared
AML000071,CUST00071,2024-05-30,44.3,Medium,Potential Match,Not PEP,No Adverse Media,False,False,Cleared
AML000072,CUST00072,2024-01-22,25.31,Low,No Match,Not PEP,No Adverse Media,False,False,Cleared
AML000073,CUST00073,2026-08-03,10.4,Low,No Match,Not PEP,No Adverse Media,False,False,Cleared
AML000074,CUST00074,2024-12-10,23.55,Low,No Match,Not PEP,Potential Adverse Media,False,False,Cleared
AML000075,CUST00075,2025-01-22,35.66,Low,No Match,Not PEP,No Adverse Media,False,False,Cleared
AML000076,CUST00076,2026-08-02,15.8,Low,No Match,Not PEP,No Adverse Media,False,False,Cleared
AML000077,CUST00077,2025-11-02,32.74,Low,No Match,Not PEP,No Adverse Media,False,False,Cleared
AML000078,CUST00078,2026-01-27,38.12,Low,No Match,Not PEP,No Adverse Media,False,False,Cleared
AML000079,CUST00079,2025-06-23,6.9,Low,No Match,Not PEP,No Adverse Media,False,False,Cleared
AML000080,CUST00080,2025-07-07,18.54,Low,No Match,Not PEP,No Adverse Media,False,False,Cleared
AML000081,CUST00081,2025-08-29,13.65,Low,No Match,Not PEP,No Adverse Media,False,False,Cleared
AML000082,CUST00082,2024-10-21,27.96,Low,No Match,Related to PEP,No Adverse Media,False,False,Cleared
AML000083,CUST00083,2024-06-27,41.35,Medium,No Match,PEP,No Adverse Media,False,False,Cleared
AML000084,CUST00084,2024-09-02,10.72,Low,No Match,Not PEP,No Adverse Media,False,False,Cleared
AML000085,CUST00085,2026-09-10,27.75,Low,No Match,Related to PEP,No Adverse Media,False,False,Cleared
AML000086,CUST00086,2025-05-22,36.7,Low,No Match,Not PEP,No Adverse Media,False,False,Cleared
AML000087,CUST00087,2025-07-31,19.29,Low,No Match,Not PEP,No Adverse Media,False,False,Cleared
AML000088,CUST00088,2026-12-11,21.41,Low,No Match,Not PEP,No Adverse Media,False,False,Cleared
AML000089,CUST00089,2025-04-20,10.63,Low,No Match,Not PEP,No Adverse Media,False,False,Cleared
AML000090,CUST00090,2026-04-14,8.96,Low,No Match,Not PEP,No Adverse Media,False,False,Cleared
AML000091,CUST00091,2026-07-14,31.86,Low,No Match,Not PEP,No Adverse Media,False,False,Cleared
AML000092,CUST00092,2025-05-13,14.97,Low,No Match,Not PEP,No Adverse Media,False,False,Cleared
AML000093,CUST00093,2024-12-06,31.84,Low,No Match,Not PEP,No Adverse Media,False,False,Cleared
AML000094,CUST00094,2026-08-24,44.76,Medium,No Match,Not PEP,No Adverse Media,False,False,Cleared
AML000095,CUST00095,2025-01-04,37.56,Low,No Match,Not PEP,No Adverse Media,False,False,Cleared
AML000096,CUST00096,2026-06-15,23.02,Low,No Match,Not PEP,No Adverse Media,False,False,Cleared
AML000097,CUST00097,2024-04-19,8.57,Low,No Match,Not PEP,No Adverse Media,False,False,Cleared
AML000098,CUST00098,2025-05-15,14.26,Low,No Match,Not PEP,No Adverse Media,False,False,Cleared
AML000099,CUST00099,2025-09-04,18.78,Low,No Match,Not PEP,No Adverse Media,False,False,Cleared
AML000100,CUST00100,2024-07-05,28.46,Low,No Match,Not PEP,No Adverse Media,False,False,Cleared
AML000101,CUST00101,2026-04-29,31.12,Low,No Match,Not PEP,No Adverse Media,False,False,Cleared
AML000102,CUST00102,2024-09-04,15.41,Low,No Match,Not PEP,No Adverse Media,False,False,Cleared
AML000103,CUST00103,2024-11-01,37.58,Low,No Match,Not PEP,No Adverse Media,False,False,Cleared
AML000104,CUST00104,2024-08-29,32.17,Low,No Match,Not PEP,Potential Adverse Media,False,False,Cleared
AML000105,CUST00105,2024-12-28,7.22,Low,No Match,Not PEP,No Adverse Media,False,False,Cleared
AML000106,CUST00106,2024-12-06,30.23,Low,No Match,Not PEP,No Adverse Media,False,False,Cleared
AML000107,CUST00107,2026-04-21,5.52,Low,No Match,Not PEP,No Adverse Media,False,False,Cleared
AML000108,CUST00108,2024-08-17,7.47,Low,No Match,Not PEP,No Adverse Media,False,False,Cleared
AML000109,CUST00109,2026-08-29,14.26,Low,No Match,Not PEP,No Adverse Media,False,False,Cleared
AML000110,CUST00110,2025-10-16,7.16,Low,No Match,Not PEP,No Adverse Media,False,False,Cleared
AML000111,CUST00111,2026-05-02,6.91,Low,No Match,Not PEP,No Adverse Media,False,False,Cleared
AML000112,CUST00112,2025-01-08,21.74,Low,No Match,Not PEP,No Adverse Media,False,False,Cleared
AML000113,CUST00113,2026-01-06,5.28,Low,No Match,Not PEP,No Adverse Media,False,False,Cleared
AML000114,CUST00114,2025-10-19,25.26,Low,No Match,Not PEP,No Adverse Media,False,False,Cleared
AML000115,CUST00115,2026-01-16,43.82,Medium,No Match,Not PEP,No Adverse Media,False,False,Cleared
AML000116,CUST00116,2026-06-13,12.28,Low,No Match,Not PEP,No Adverse Media,False,False,Cleared
AML000117,CUST00117,2025-08-02,33.9,Low,No Match,Not PEP,No Adverse Media,False,False,Cleared
AML000118,CUST00118,2026-05-03,17.03,Low,No Match,Not PEP,No Adverse Media,False,False,Cleared
AML000119,CUST00119,2024-02-21,16.91,Low,No Match,Not PEP,No Adverse Media,False,False,Cleared
AML000120,CUST00120,2026-02-25,31.45,Low,No Match,Not PEP,No Adverse Media,False,False,Cleared
AML000121,CUST00121,2024-07-22,42.61,Medium,No Match,Not PEP,No Adverse Media,False,False,Cleared
AML000122,CUST00122,2026-05-23,23.57,Low,No Match,Not PEP,No Adverse Media,False,False,Cleared
AML000123,CUST00123,2025-12-06,19.63,Low,No Match,Not PEP,Potential Adverse Media,False,False,Cleared
AML000124,CUST00124,2024-04-19,10.83,Low,No Match,Not PEP,No Adverse Media,False,False,Cleared
AML000125,CUST00125,2024-11-12,19.35,Low,No Match,Not PEP,No Adverse Media,False,False,Cleared
AML000126,CUST00126,2025-09-01,11.97,Low,No Match,Not PEP,No Adverse Media,False,False,Cleared
AML000127,CUST00127,2026-11-22,43.85,Medium,No Match,Not PEP,No Adverse Media,False,False,Cleared
AML000128,CUST00128,2025-05-05,16.64,Low,No Match,Not PEP,No Adverse Media,False,False,Cleared
AML000129,CUST00129,2026-12-07,40.42,Medium,No Match,Not PEP,No Adverse Media,False,False,Cleared
AML000130,CUST00130,2024-02-23,6.43,Low,No Match,Not PEP,No Adverse Media,False,False,Cleared
AML000131,CUST00131,2026-07-18,35.99,Low,No Match,Not PEP,No Adverse Media,False,False,Cleared
AML000132,CUST00132,2026-07-22,37.53,Low,No Match,Not PEP,No Adverse Media,False,False,Cleared
AML000133,CUST00133,2026-10-22,38.11,Low,No Match,Not PEP,No Adverse Media,False,False,Cleared
AML000134,CUST00134,2024-05-17,33.28,Low,No Match,Not PEP,Confirmed Adverse Media,False,False,Cleared
AML000135,CUST00135,2026-06-01,37.21,Low,No Match,PEP,No Adverse Media,False,False,Cleared
AML000136,CUST00136,2026-05-19,38.75,Low,No Match,Related to PEP,Potential Adverse Media,False,False,Cleared
AML000137,CUST00137,2024-07-12,22.48,Low,Potential Match,Not PEP,No Adverse Media,False,False,Cleared
AML000138,CUST00138,2026-06-10,40.77,Medium,No Match,Not PEP,No Adverse Media,False,False,Cleared
AML000139,CUST00139,2024-08-18,24.7,Low,No Match,Not PEP,No Adverse Media,False,False,Cleared
AML000140,CUST00140,2025-09-15,31.96,Low,No Match,Not PEP,No Adverse Media,False,False,Cleared
AML000141,CUST00141,2026-11-09,31.98,Low,No Match,Not PEP,No Adverse Media,False,False,Cleared
AML000142,CUST00142,2025-08-15,7.32,Low,No Match,Not PEP,No Adverse Media,False,False,Cleared
AML000143,CUST00143,2026-04-13,24.36,Low,No Match,Not PEP,No Adverse Media,False,False,Cleared
AML000144,CUST00144,2026-05-10,15.51,Low,No Match,Not PEP,No Adverse Media,False,False,Cleared
AML000145,CUST00145,2024-11-05,28.14,Low,No Match,Not PEP,No Adverse Media,False,False,Cleared
AML000146,CUST00146,2024-10-24,13.0,Low,No Match,Not PEP,No Adverse Media,False,False,Cleared
AML000147,CUST00147,2026-07-06,11.69,Low,No Match,Not PEP,No Adverse Media,False,False,Cleared
AML000148,CUST00148,2025-03-11,38.29,Low,No Match,Not PEP,No Adverse Media,False,False,Cleared
AML000149,CUST00149,2026-06-07,6.69,Low,No Match,Not PEP,No Adverse Media,False,False,Cleared
AML000150,CUST00150,2026-09-15,21.88,Low,No Match,Not PEP,No Adverse Media,False,False,Cleared
AML000151,CUST00151,2026-03-05,22.74,Low,Potential Match,Related to PEP,No Adverse Media,False,False,Cleared
AML000152,CUST00152,2024-12-20,29.96,Low,No Match,Not PEP,No Adverse Media,False,False,Cleared
AML000153,CUST00153,2025-04-30,16.88,Low,No Match,Not PEP,No Adverse Media,False,False,Cleared
AML000154,CUST00154,2025-03-25,5.03,Low,No Match,Not PEP,No Adverse Media,False,False,Cleared
AML000155,CUST00155,2024-03-16,38.04,Low,No Match,Not PEP,Confirmed Adverse Media,False,False,Cleared
AML000156,CUST00156,2024-08-17,38.35,Low,No Match,Not PEP,No Adverse Media,False,False,Cleared
AML000157,CUST00157,2026-11-23,32.07,Low,No Match,Not PEP,No Adverse Media,False,False,Cleared
AML000158,CUST00158,2024-11-22,7.1,Low,No Match,Not PEP,No Adverse Media,False,False,Cleared
AML000159,CUST00159,2025-04-29,29.48,Low,No Match,Not PEP,No Adverse Media,False,False,Cleared
AML000160,CUST00160,2026-01-26,15.71,Low,No Match,Not PEP,No Adverse Media,False,False,Cleared
AML000161,CUST00161,2025-05-21,41.84,Medium,No Match,Not PEP,No Adverse Media,False,False,Cleared
AML000162,CUST00162,2024-09-23,27.84,Low,No Match,Related to PEP,No Adverse Media,False,False,Cleared
AML000163,CUST00163,2026-12-02,15.96,Low,No Match,Not PEP,No Adverse Media,False,False,Cleared
AML000164,CUST00164,2026-07-14,17.13,Low,No Match,Not PEP,No Adverse Media,False,False,Cleared
AML000165,CUST00165,2024-04-16,40.37,Medium,No Match,Not PEP,No Adverse Media,False,False,Cleared
AML000166,CUST00166,2025-12-28,20.02,Low,No Match,Not PEP,No Adverse Media,False,False,Cleared
AML000167,CUST00167,2025-05-18,20.32,Low,No Match,PEP,Potential Adverse Media,False,False,Cleared
AML000168,CUST00168,2025-02-15,7.86,Low,No Match,Not PEP,No Adverse Media,False,False,Cleared
AML000169,CUST00169,2024-08-14,27.09,Low,No Match,Not PEP,No Adverse Media,False,False,Cleared
AML000170,CUST00170,2024-04-11,9.39,Low,No Match,Not PEP,No Adverse Media,False,False,Cleared
AML000171,CUST00171,2025-11-01,7.73,Low,No Match,Not PEP,Potential Adverse Media,False,False,Cleared
AML000172,CUST00172,2025-07-17,22.12,Low,No Match,Not PEP,No Adverse Media,False,False,Cleared
AML000173,CUST00173,2025-12-04,15.36,Low,No Match,Not PEP,No Adverse Media,False,False,Cleared
AML000174,CUST00174,2025-07-24,23.58,Low,No Match,Not PEP,No Adverse Media,False,False,Cleared
AML000175,CUST00175,2026-07-05,13.11,Low,No Match,Not PEP,No Adverse Media,False,False,Cleared
AML000176,CUST00176,2024-07-02,31.43,Low,No Match,PEP,No Adverse Media,False,False,Cleared
AML000177,CUST00177,2024-12-09,40.86,Medium,No Match,Not PEP,Confirmed Adverse Media,False,False,Cleared
AML000178,CUST00178,2026-01-21,36.83,Low,No Match,Not PEP,No Adverse Media,False,False,Cleared
AML000179,CUST00179,2026-04-20,20.25,Low,Potential Match,Not PEP,No Adverse Media,False,False,Cleared
AML000180,CUST00180,2024-06-24,6.02,Low,No Match,Not PEP,Potential Adverse Media,False,False,Cleared
AML000181,CUST00181,2024-07-12,20.95,Low,No Match,PEP,No Adverse Media,False,False,Cleared
AML000182,CUST00182,2026-01-27,17.96,Low,No Match,Not PEP,No Adverse Media,False,False,Cleared
AML000183,CUST00183,2024-04-14,7.23,Low,No Match,Not PEP,No Adverse Media,False,False,Cleared
AML000184,CUST00184,2026-09-17,38.95,Low,No Match,Not PEP,No Adverse Media,False,False,Cleared
AML000185,CUST00185,2026-06-12,12.51,Low,No Match,Not PEP,No Adverse Media,False,False,Cleared
AML000186,CUST00186,2025-03-13,33.82,Low,No Match,Not PEP,No Adverse Media,False,False,Cleared
AML000187,CUST00187,2025-05-18,22.0,Low,No Match,Not PEP,No Adverse Media,False,False,Cleared
AML000188,CUST00188,2025-05-14,26.18,Low,No Match,Not PEP,No Adverse Media,False,False,Cleared
AML000189,CUST00189,2026-10-19,29.13,Low,No Match,Not PEP,No Adverse Media,False,False,Cleared
AML000190,CUST00190,2024-07-22,7.59,Low,No Match,Not PEP,No Adverse Media,False,False,Cleared
AML000191,CUST00191,2024-08-13,31.41,Low,No Match,Not PEP,No Adverse Media,False,False,Cleared
AML000192,CUST00192,2026-09-13,6.25,Low,No Match,Not PEP,No Adverse Media,False,False,Cleared
AML000193,CUST00193,2024-03-06,40.59,Medium,No Match,Not PEP,No Adverse Media,False,False,Cleared
AML000194,CUST00194,2026-09-19,40.06,Medium,No Match,Not PEP,No Adverse Media,False,False,Cleared
AML000195,CUST00195,2025-12-20,31.41,Low,No Match,PEP,No Adverse Media,False,False,Cleared
AML000196,CUST00196,2024-08-10,31.11,Low,No Match,Not PEP,No Adverse Media,False,False,Cleared
AML000197,CUST00197,2024-04-26,5.47,Low,No Match,Not PEP,No Adverse Media,False,False,Cleared
AML000198,CUST00198,2024-10-22,35.64,Low,No Match,Not PEP,No Adverse Media,False,False,Cleared
AML000199,CUST00199,2025-02-17,40.19,Medium,No Match,Not PEP,No Adverse Media,False,False,Cleared
AML000200,CUST00200,2024-12-22,35.95,Low,No Match,Not PEP,No Adverse Media,False,False,Cleared
AML000201,CUST00201,2024-01-15,17.09,Low,No Match,Not PEP,No Adverse Media,False,False,Cleared
AML000202,CUST00202,2024-02-03,13.11,Low,No Match,Not PEP,No Adverse Media,False,False,Cleared
AML000203,CUST00203,2026-10-03,10.59,Low,No Match,Not PEP,No Adverse Media,False,False,Cleared
AML000204,CUST00204,2026-09-17,15.21,Low,No Match,Not PEP,No Adverse Media,False,False,Cleared
AML000205,CUST00205,2025-04-15,31.18,Low,No Match,Not PEP,No Adverse Media,False,False,Cleared
AML000206,CUST00206,2024-03-03,9.84,Low,No Match,Not PEP,No Adverse Media,False,False,Cleared
AML000207,CUST00207,2026-09-26,27.25,Low,No Match,Not PEP,No Adverse Media,False,False,Cleared
AML000208,CUST00208,2025-02-09,18.58,Low,No Match,Not PEP,No Adverse Media,False,False,Cleared
AML000209,CUST00209,2026-07-31,19.03,Low,No Match,Not PEP,No Adverse Media,False,False,Cleared
AML000210,CUST00210,2024-05-30,7.79,Low,No Match,PEP,No Adverse Media,False,False,Cleared
AML000211,CUST00211,2026-03-27,12.91,Low,No Match,Not PEP,No Adverse Media,False,False,Cleared
AML000212,CUST00212,2025-10-30,33.22,Low,No Match,Not PEP,No Adverse Media,False,False,Cleared
AML000213,CUST00213,2026-02-05,14.73,Low,No Match,PEP,No Adverse Media,False,False,Cleared
AML000214,CUST00214,2026-09-07,20.8,Low,No Match,Not PEP,No Adverse Media,False,False,Cleared
AML000215,CUST00215,2026-07-12,39.69,Low,No Match,Not PEP,No Adverse Media,False,False,Cleared
AML000216,CUST00216,2025-05-08,11.72,Low,No Match,Not PEP,No Adverse Media,False,False,Cleared
AML000217,CUST00217,2024-01-08,37.28,Low,No Match,Not PEP,No Adverse Media,False,False,Cleared
AML000218,CUST00218,2024-09-24,10.14,Low,No Match,Not PEP,No Adverse Media,False,False,Cleared
AML000219,CUST00219,2024-09-23,23.56,Low,No Match,Not PEP,No Adverse Media,False,False,Cleared
AML000220,CUST00220,2026-09-28,28.5,Low,No Match,Not PEP,No Adverse Media,False,False,Cleared
AML000221,CUST00221,2025-04-30,36.16,Low,No Match,Not PEP,No Adverse Media,False,False,Cleared
AML000222,CUST00222,2026-04-25,5.45,Low,No Match,Not PEP,No Adverse Media,False,False,Cleared
AML000223,CUST00223,2026-01-03,27.73,Low,No Match,Not PEP,No Adverse Media,False,False,Cleared
AML000224,CUST00224,2026-12-09,29.25,Low,No Match,Not PEP,No Adverse Media,False,False,Cleared
AML000225,CUST00225,2024-03-18,13.44,Low,No Match,Not PEP,No Adverse Media,False,False,Cleared
AML000226,CUST00226,2025-09-02,27.43,Low,No Match,Not PEP,No Adverse Media,False,False,Cleared
AML000227,CUST00227,2025-02-21,16.7,Low,No Match,Not PEP,No Adverse Media,False,False,Cleared
AML000228,CUST00228,2024-03-17,38.13,Low,No Match,Not PEP,No Adverse Media,False,False,Cleared
AML000229,CUST00229,2025-11-08,41.76,Medium,No Match,Not PEP,No Adverse Media,False,False,Cleared
AML000230,CUST00230,2024-01-04,28.85,Low,No Match,Not PEP,No Adverse Media,False,False,Cleared
AML000231,CUST00231,2024-12-13,12.3,Low,No Match,Not PEP,No Adverse Media,False,False,Cleared
AML000232,CUST00232,2024-12-18,5.79,Low,No Match,Not PEP,No Adverse Media,False,False,Cleared
AML000233,CUST00233,2026-06-04,25.46,Low,No Match,Not PEP,No Adverse Media,False,False,Cleared
AML000234,CUST00234,2024-08-27,30.51,Low,No Match,Not PEP,No Adverse Media,False,False,Cleared
AML000235,CUST00235,2025-05-17,14.24,Low,No Match,Not PEP,No Adverse Media,False,False,Cleared
AML000236,CUST00236,2026-09-26,21.79,Low,No Match,Not PEP,No Adverse Media,False,False,Cleared
AML000237,CUST00237,2026-09-30,44.53,Medium,No Match,Not PEP,No Adverse Media,False,False,Cleared
AML000238,CUST00238,2024-10-07,12.46,Low,No Match,Not PEP,No Adverse Media,False,False,Cleared
AML000239,CUST00239,2025-06-13,20.43,Low,No Match,Not PEP,Potential Adverse Media,False,False,Cleared
AML000240,CUST00240,2024-10-26,8.78,Low,No Match,Not PEP,No Adverse Media,False,False,Cleared
AML000241,CUST00241,2025-09-27,36.02,Low,No Match,Not PEP,No Adverse Media,False,False,Cleared
AML000242,CUST00242,2024-07-27,16.89,Low,No Match,Not PEP,No Adverse Media,False,False,Cleared
AML000243,CUST00243,2024-11-27,27.44,Low,Potential Match,Not PEP,No Adverse Media,False,False,Cleared
AML000244,CUST00244,2026-08-04,13.09,Low,No Match,Not PEP,No Adverse Media,False,False,Cleared
AML000245,CUST00245,2025-01-18,43.44,Medium,No Match,Not PEP,No Adverse Media,False,False,Cleared
AML000246,CUST00246,2026-12-27,32.92,Low,No Match,Not PEP,No Adverse Media,False,False,Cleared
AML000247,CUST00247,2025-03-30,21.46,Low,No Match,Not PEP,No Adverse Media,False,False,Cleared
AML000248,CUST00248,2024-05-21,18.43,Low,No Match,Not PEP,No Adverse Media,False,False,Cleared
AML000249,CUST00249,2026-04-07,30.67,Low,No Match,Not PEP,No Adverse Media,False,False,Cleared
AML000250,CUST00250,2024-07-09,19.39,Low,No Match,Not PEP,No Adverse Media,False,False,Cleared
AML000251,CUST00251,2026-09-03,21.21,Low,No Match,Not PEP,No Adverse Media,False,False,Cleared
AML000252,CUST00252,2026-11-26,42.25,Medium,No Match,Not PEP,No Adverse Media,False,False,Cleared
AML000253,CUST00253,2026-11-24,6.63,Low,No Match,Not PEP,No Adverse Media,False,False,Cleared
AML000254,CUST00254,2025-06-26,19.51,Low,No Match,Not PEP,No Adverse Media,False,False,Cleared
AML000255,CUST00255,2024-04-02,28.01,Low,No Match,Not PEP,No Adverse Media,False,False,Cleared
AML000256,CUST00256,2025-02-21,30.11,Low,No Match,PEP,No Adverse Media,False,False,Cleared
AML000257,CUST00257,2025-08-11,10.71,Low,No Match,Not PEP,No Adverse Media,False,False,Cleared
AML000258,CUST00258,2024-09-06,19.55,Low,No Match,Not PEP,No Adverse Media,False,False,Cleared
AML000259,CUST00259,2025-04-14,37.81,Low,No Match,Not PEP,No Adverse Media,False,False,Cleared
AML000260,CUST00260,2026-08-02,24.19,Low,No Match,Not PEP,No Adverse Media,False,False,Cleared
AML000261,CUST00261,2025-01-15,42.13,Medium,No Match,Not PEP,No Adverse Media,False,False,Cleared
AML000262,CUST00262,2025-07-23,15.62,Low,No Match,Not PEP,No Adverse Media,False,False,Cleared
AML000263,CUST00263,2026-05-08,21.06,Low,No Match,Not PEP,No Adverse Media,False,False,Cleared
AML000264,CUST00264,2024-01-06,34.35,Low,No Match,Not PEP,No Adverse Media,False,False,Cleared
AML000265,CUST00265,2024-05-09,29.35,Low,No Match,Not PEP,No Adverse Media,False,False,Cleared
AML000266,CUST00266,2024-04-21,25.29,Low,No Match,PEP,No Adverse Media,False,False,Cleared
AML000267,CUST00267,2024-02-22,7.6,Low,No Match,Not PEP,No Adverse Media,False,False,Cleared
AML000268,CUST00268,2025-02-02,35.56,Low,No Match,Not PEP,No Adverse Media,False,False,Cleared
AML000269,CUST00269,2026-11-10,20.88,Low,No Match,Not PEP,No Adverse Media,False,False,Cleared
AML000270,CUST00270,2024-07-21,42.4,Medium,No Match,Not PEP,No Adverse Media,False,False,Cleared
AML000271,CUST00271,2025-11-04,17.43,Low,No Match,Not PEP,No Adverse Media,False,False,Cleared
AML000272,CUST00272,2024-12-23,44.81,Medium,Potential Match,Not PEP,Confirmed Adverse Media,False,False,Cleared
AML000273,CUST00273,2024-06-17,7.37,Low,No Match,Not PEP,No Adverse Media,False,False,Cleared
AML000274,CUST00274,2024-11-20,9.79,Low,No Match,Not PEP,No Adverse Media,False,False,Cleared
AML000275,CUST00275,2026-04-23,32.5,Low,No Match,Not PEP,No Adverse Media,False,False,Cleared
AML000276,CUST00276,2026-04-12,36.94,Low,No Match,Not PEP,No Adverse Media,False,False,Cleared
AML000277,CUST00277,2025-08-18,33.33,Low,No Match,Not PEP,No Adverse Media,False,False,Cleared
AML000278,CUST00278,2026-12-20,27.28,Low,No Match,Not PEP,No Adverse Media,False,False,Cleared
AML000279,CUST00279,2024-06-13,9.39,Low,No Match,Not PEP,No Adverse Media,False,False,Cleared
AML000280,CUST00280,2026-11-28,10.24,Low,No Match,Not PEP,No Adverse Media,False,False,Cleared
AML000281,CUST00281,2025-02-11,42.12,Medium,No Match,Not PEP,No Adverse Media,False,False,Cleared
AML000282,CUST00282,2026-06-29,15.47,Low,No Match,Not PEP,No Adverse Media,False,False,Cleared
AML000283,CUST00283,2024-12-02,33.85,Low,No Match,Not PEP,No Adverse Media,False,False,Cleared
AML000284,CUST00284,2025-11-20,21.68,Low,No Match,Not PEP,No Adverse Media,False,False,Cleared
AML000285,CUST00285,2026-09-16,17.34,Low,No Match,Not PEP,No Adverse Media,False,False,Cleared
AML000286,CUST00286,2024-12-26,30.2,Low,No Match,Not PEP,Potential Adverse Media,False,False,Cleared
AML000287,CUST00287,2026-09-13,33.51,Low,No Match,Related to PEP,Confirmed Adverse Media,False,False,Cleared
AML000288,CUST00288,2026-04-16,17.88,Low,No Match,Not PEP,No Adverse Media,False,False,Cleared
AML000289,CUST00289,2024-10-19,14.84,Low,No Match,Not PEP,No Adverse Media,False,False,Cleared
AML000290,CUST00290,2025-05-06,34.02,Low,No Match,Not PEP,No Adverse Media,False,False,Cleared
AML000291,CUST00291,2024-12-12,8.36,Low,No Match,Not PEP,No Adverse Media,False,False,Cleared
AML000292,CUST00292,2025-06-06,39.01,Low,No Match,Not PEP,No Adverse Media,False,False,Cleared
AML000293,CUST00293,2025-05-29,37.14,Low,No Match,Not PEP,Potential Adverse Media,False,False,Cleared
AML000294,CUST00294,2024-04-25,18.81,Low,No Match,Not PEP,Potential Adverse Media,False,False,Cleared
AML000295,CUST00295,2024-09-16,29.17,Low,Potential Match,Not PEP,No Adverse Media,False,False,Cleared
AML000296,CUST00296,2024-06-02,15.05,Low,No Match,Not PEP,Confirmed Adverse Media,False,False,Cleared
AML000297,CUST00297,2024-10-07,36.24,Low,No Match,Not PEP,No Adverse Media,False,False,Cleared
AML000298,CUST00298,2026-11-25,16.33,Low,No Match,Not PEP,Potential Adverse Media,False,False,Cleared
AML000299,CUST00299,2026-06-25,44.08,Medium,No Match,Not PEP,No Adverse Media,False,False,Cleared
AML000300,CUST00300,2024-06-01,34.09,Low,No Match,Not PEP,No Adverse Media,False,False,Cleared
AML000301,CUST00301,2026-03-21,10.71,Low,Confirmed Match,Not PEP,No Adverse Media,False,False,Cleared
AML000302,CUST00302,2025-04-25,30.72,Low,No Match,Not PEP,No Adverse Media,False,False,Cleared
AML000303,CUST00303,2024-05-22,14.07,Low,Potential Match,PEP,No Adverse Media,False,False,Cleared
AML000304,CUST00304,2024-11-07,43.67,Medium,No Match,Not PEP,Potential Adverse Media,False,False,Cleared
AML000305,CUST00305,2024-05-01,9.21,Low,No Match,Not PEP,No Adverse Media,False,False,Cleared
AML000306,CUST00306,2024-01-28,29.87,Low,No Match,Not PEP,No Adverse Media,False,False,Cleared
AML000307,CUST00307,2026-09-12,39.01,Low,No Match,Not PEP,No Adverse Media,False,False,Cleared
AML000308,CUST00308,2024-02-03,16.54,Low,No Match,Not PEP,No Adverse Media,False,False,Cleared
AML000309,CUST00309,2025-02-06,28.0,Low,Potential Match,Not PEP,No Adverse Media,False,False,Cleared
AML000310,CUST00310,2026-09-30,35.3,Low,No Match,Related to PEP,No Adverse Media,False,False,Cleared
AML000311,CUST00311,2025-12-07,33.84,Low,No Match,PEP,No Adverse Media,False,False,Cleared
AML000312,CUST00312,2026-04-14,8.62,Low,No Match,Not PEP,Potential Adverse Media,False,False,Cleared
AML000313,CUST00313,2026-03-01,15.91,Low,No Match,Not PEP,No Adverse Media,False,False,Cleared
AML000314,CUST00314,2026-02-08,35.38,Low,No Match,Not PEP,No Adverse Media,False,False,Cleared
AML000315,CUST00315,2024-11-23,42.22,Medium,No Match,Not PEP,Confirmed Adverse Media,False,False,Cleared
AML000316,CUST00316,2026-09-26,35.27,Low,No Match,Not PEP,No Adverse Media,False,False,Cleared
AML000317,CUST00317,2026-12-18,37.14,Low,Confirmed Match,PEP,Potential Adverse Media,False,False,Cleared
AML000318,CUST00318,2024-05-30,37.42,Low,No Match,Not PEP,No Adverse Media,False,False,Cleared
AML000319,CUST00319,2025-08-14,14.34,Low,No Match,Not PEP,No Adverse Media,False,False,Cleared
AML000320,CUST00320,2024-10-16,9.7,Low,No Match,Not PEP,No Adverse Media,False,False,Cleared
AML000321,CUST00321,2025-08-08,33.83,Low,No Match,Not PEP,No Adverse Media,False,False,Cleared
AML000322,CUST00322,2025-02-23,36.57,Low,No Match,Not PEP,No Adverse Media,False,False,Cleared
AML000323,CUST00323,2025-07-25,38.54,Low,No Match,Not PEP,No Adverse Media,False,False,Cleared
AML000324,CUST00324,2024-03-22,5.72,Low,No Match,Not PEP,No Adverse Media,False,False,Cleared
AML000325,CUST00325,2026-04-08,29.37,Low,No Match,Not PEP,No Adverse Media,False,False,Cleared
AML000326,CUST00326,2026-08-05,11.43,Low,No Match,Not PEP,No Adverse Media,False,False,Cleared
AML000327,CUST00327,2024-01-13,16.3,Low,No Match,Not PEP,No Adverse Media,False,False,Cleared
AML000328,CUST00328,2026-06-20,17.81,Low,No Match,Not PEP,No Adverse Media,False,False,Cleared
AML000329,CUST00329,2026-02-23,43.49,Medium,No Match,Not PEP,No Adverse Media,False,False,Cleared
AML000330,CUST00330,2024-11-12,18.77,Low,No Match,Not PEP,Confirmed Adverse Media,False,False,Cleared
AML000331,CUST00331,2026-10-28,16.23,Low,No Match,Not PEP,No Adverse Media,False,False,Cleared
AML000332,CUST00332,2025-08-17,15.62,Low,Potential Match,Not PEP,No Adverse Media,False,False,Cleared
AML000333,CUST00333,2024-09-22,42.22,Medium,No Match,Not PEP,No Adverse Media,False,False,Cleared
AML000334,CUST00334,2025-12-20,36.03,Low,No Match,Not PEP,No Adverse Media,False,False,Cleared
AML000335,CUST00335,2024-04-30,14.81,Low,Potential Match,Not PEP,No Adverse Media,False,False,Cleared
AML000336,CUST00336,2026-11-15,24.15,Low,No Match,Not PEP,No Adverse Media,False,False,Cleared
AML000337,CUST00337,2024-06-26,26.37,Low,No Match,Not PEP,No Adverse Media,False,False,Cleared
AML000338,CUST00338,2025-12-21,5.11,Low,No Match,Not PEP,No Adverse Media,False,False,Cleared
AML000339,CUST00339,2025-06-22,5.19,Low,No Match,Not PEP,No Adverse Media,False,False,Cleared
AML000340,CUST00340,2024-05-01,31.4,Low,No Match,Not PEP,Confirmed Adverse Media,False,False,Cleared
AML000341,CUST00341,2024-10-26,14.01,Low,No Match,Not PEP,No Adverse Media,False,False,Cleared
AML000342,CUST00342,2024-08-08,6.85,Low,No Match,Not PEP,No Adverse Media,False,False,Cleared
AML000343,CUST00343,2026-02-21,10.52,Low,No Match,Not PEP,No Adverse Media,False,False,Cleared
AML000344,CUST00344,2026-11-13,41.15,Medium,No Match,Not PEP,No Adverse Media,False,False,Cleared
AML000345,CUST00345,2025-03-26,29.56,Low,No Match,Not PEP,No Adverse Media,False,False,Cleared
AML000346,CUST00346,2024-01-23,20.64,Low,No Match,Not PEP,No Adverse Media,False,False,Cleared
AML000347,CUST00347,2024-03-13,29.53,Low,No Match,Not PEP,No Adverse Media,False,False,Cleared
AML000348,CUST00348,2024-10-29,41.79,Medium,No Match,Not PEP,No Adverse Media,False,False,Cleared
AML000349,CUST00349,2025-05-05,11.63,Low,No Match,Not PEP,No Adverse Media,False,False,Cleared
AML000350,CUST00350,2024-10-05,24.87,Low,No Match,Not PEP,No Adverse Media,False,False,Cleared
AML000351,CUST00351,2025-10-11,35.18,Low,No Match,Not PEP,No Adverse Media,False,False,Cleared
AML000352,CUST00352,2026-06-28,41.56,Medium,No Match,Not PEP,No Adverse Media,False,False,Cleared
AML000353,CUST00353,2026-06-22,39.62,Low,No Match,Not PEP,No Adverse Media,False,False,Cleared
AML000354,CUST00354,2026-10-30,40.52,Medium,No Match,Not PEP,No Adverse Media,False,False,Cleared
AML000355,CUST00355,2026-10-26,30.06,Low,No Match,Not PEP,No Adverse Media,False,False,Cleared
AML000356,CUST00356,2026-05-20,6.58,Low,No Match,Not PEP,No Adverse Media,False,False,Cleared
AML000357,CUST00357,2026-02-08,27.53,Low,No Match,Not PEP,Potential Adverse Media,False,False,Cleared
AML000358,CUST00358,2025-05-11,28.44,Low,No Match,Not PEP,No Adverse Media,False,False,Cleared
AML000359,CUST00359,2024-05-14,22.26,Low,No Match,Not PEP,No Adverse Media,False,False,Cleared
AML000360,CUST00360,2024-01-05,19.32,Low,No Match,Not PEP,No Adverse Media,False,False,Cleared
AML000361,CUST00361,2024-04-24,16.95,Low,No Match,Not PEP,No Adverse Media,False,False,Cleared
AML000362,CUST00362,2025-02-22,8.53,Low,No Match,PEP,No Adverse Media,False,False,Cleared
AML000363,CUST00363,2026-12-27,35.08,Low,No Match,Not PEP,No Adverse Media,False,False,Cleared
AML000364,CUST00364,2025-08-23,26.67,Low,No Match,Not PEP,No Adverse Media,False,False,Cleared
AML000365,CUST00365,2024-05-09,16.02,Low,Confirmed Match,Not PEP,No Adverse Media,False,False,Cleared
AML000366,CUST00366,2026-07-13,13.74,Low,No Match,Not PEP,No Adverse Media,False,False,Cleared
AML000367,CUST00367,2025-01-17,44.02,Medium,No Match,Not PEP,No Adverse Media,False,False,Cleared
AML000368,CUST00368,2026-02-26,43.78,Medium,No Match,Not PEP,No Adverse Media,False,False,Cleared
AML000369,CUST00369,2026-01-19,30.79,Low,No Match,Not PEP,No Adverse Media,False,False,Cleared
AML000370,CUST00370,2025-01-24,38.07,Low,No Match,Not PEP,No Adverse Media,False,False,Cleared
AML000371,CUST00371,2025-11-02,33.64,Low,No Match,Not PEP,No Adverse Media,False,False,Cleared
AML000372,CUST00372,2024-01-15,37.11,Low,No Match,Not PEP,Potential Adverse Media,False,False,Cleared
AML000373,CUST00373,2026-11-09,36.8,Low,No Match,Not PEP,No Adverse Media,False,False,Cleared
AML000374,CUST00374,2025-01-16,14.43,Low,No Match,Related to PEP,No Adverse Media,False,False,Cleared
AML000375,CUST00375,2025-09-28,19.48,Low,No Match,Not PEP,No Adverse Media,False,False,Cleared
AML000376,CUST00376,2024-06-03,28.64,Low,No Match,Not PEP,No Adverse Media,False,False,Cleared
AML000377,CUST00377,2024-10-18,28.31,Low,No Match,Not PEP,No Adverse Media,False,False,Cleared
AML000378,CUST00378,2026-10-23,34.05,Low,No Match,PEP,No Adverse Media,False,False,Cleared
AML000379,CUST00379,2025-12-10,26.54,Low,No Match,Not PEP,No Adverse Media,False,False,Cleared
AML000380,CUST00380,2025-11-19,23.28,Low,No Match,Not PEP,No Adverse Media,False,False,Cleared
AML000381,CUST00381,2025-12-22,37.71,Low,No Match,Not PEP,No Adverse Media,False,False,Cleared
AML000382,CUST00382,2024-06-22,17.17,Low,No Match,Not PEP,No Adverse Media,False,False,Cleared
AML000383,CUST00383,2024-02-07,35.22,Low,No Match,Not PEP,No Adverse Media,False,False,Cleared
AML000384,CUST00384,2026-01-16,25.89,Low,No Match,Not PEP,No Adverse Media,False,False,Cleared
AML000385,CUST00385,2025-03-26,13.36,Low,No Match,Not PEP,No Adverse Media,False,False,Cleared
AML000386,CUST00386,2026-01-05,20.95,Low,No Match,Not PEP,No Adverse Media,False,False,Cleared
AML000387,CUST00387,2026-02-06,11.3,Low,No Match,Not PEP,No Adverse Media,False,False,Cleared
AML000388,CUST00388,2025-05-01,35.36,Low,No Match,Not PEP,No Adverse Media,False,False,Cleared
AML000389,CUST00389,2025-10-14,37.74,Low,No Match,Not PEP,No Adverse Media,False,False,Cleared
AML000390,CUST00390,2024-01-30,11.47,Low,No Match,Not PEP,No Adverse Media,False,False,Cleared
AML000391,CUST00391,2026-10-28,29.73,Low,No Match,Not PEP,No Adverse Media,False,False,Cleared
AML000392,CUST00392,2024-04-08,13.8,Low,No Match,Not PEP,No Adverse Media,False,False,Cleared
AML000393,CUST00393,2025-02-15,41.69,Medium,No Match,Not PEP,No Adverse Media,False,False,Cleared
AML000394,CUST00394,2026-12-24,8.72,Low,No Match,Not PEP,No Adverse Media,False,False,Cleared
AML000395,CUST00395,2026-01-01,39.07,Low,No Match,Not PEP,No Adverse Media,False,False,Cleared
AML000396,CUST00396,2024-02-16,16.58,Low,No Match,PEP,No Adverse Media,False,False,Cleared
AML000397,CUST00397,2026-11-22,17.86,Low,No Match,Not PEP,No Adverse Media,False,False,Cleared
AML000398,CUST00398,2024-08-12,12.96,Low,Potential Match,Not PEP,No Adverse Media,False,False,Cleared
AML000399,CUST00399,2025-04-19,37.41,Low,No Match,Not PEP,Potential Adverse Media,False,False,Cleared
AML000400,CUST00400,2024-03-27,18.85,Low,No Match,Not PEP,No Adverse Media,False,False,Cleared
AML000401,CUST00401,2025-06-01,32.45,Low,No Match,Not PEP,Potential Adverse Media,False,False,Cleared
AML000402,CUST00402,2026-07-31,21.7,Low,No Match,Not PEP,No Adverse Media,False,False,Cleared
AML000403,CUST00403,2024-03-05,33.41,Low,No Match,Not PEP,No Adverse Media,False,False,Cleared
AML000404,CUST00404,2026-02-18,7.76,Low,No Match,Not PEP,No Adverse Media,False,False,Cleared
AML000405,CUST00405,2024-05-22,10.22,Low,No Match,Not PEP,No Adverse Media,False,False,Cleared
AML000406,CUST00406,2024-08-03,26.51,Low,No Match,Not PEP,No Adverse Media,False,False,Cleared
AML000407,CUST00407,2024-12-07,43.67,Medium,No Match,Not PEP,No Adverse Media,False,False,Cleared
AML000408,CUST00408,2024-05-17,42.37,Medium,No Match,Not PEP,No Adverse Media,False,False,Cleared
AML000409,CUST00409,2024-06-10,8.18,Low,No Match,Not PEP,No Adverse Media,False,False,Cleared
AML000410,CUST00410,2025-10-04,22.69,Low,No Match,PEP,No Adverse Media,False,False,Cleared
AML000411,CUST00411,2024-01-24,33.04,Low,No Match,Not PEP,No Adverse Media,False,False,Cleared
AML000412,CUST00412,2024-03-31,37.57,Low,No Match,Not PEP,No Adverse Media,False,False,Cleared
AML000413,CUST00413,2026-08-10,29.45,Low,No Match,Not PEP,No Adverse Media,False,False,Cleared
AML000414,CUST00414,2024-12-30,6.49,Low,No Match,Not PEP,No Adverse Media,False,False,Cleared
AML000415,CUST00415,2024-02-05,21.35,Low,No Match,Not PEP,No Adverse Media,False,False,Cleared
AML000416,CUST00416,2024-02-08,23.56,Low,No Match,Not PEP,No Adverse Media,False,False,Cleared
AML000417,CUST00417,2025-10-19,29.67,Low,No Match,Not PEP,No Adverse Media,False,False,Cleared
AML000418,CUST00418,2025-05-19,36.77,Low,Potential Match,Not PEP,No Adverse Media,False,False,Cleared
AML000419,CUST00419,2026-10-28,38.84,Low,No Match,Not PEP,No Adverse Media,False,False,Cleared
AML000420,CUST00420,2026-07-08,25.62,Low,No Match,Not PEP,Potential Adverse Media,False,False,Cleared
AML000421,CUST00421,2025-06-05,32.34,Low,No Match,Not PEP,No Adverse Media,False,False,Cleared
AML000422,CUST00422,2025-03-16,21.46,Low,No Match,Not PEP,No Adverse Media,False,False,Cleared
AML000423,CUST00423,2025-07-30,26.65,Low,No Match,Not PEP,No Adverse Media,False,False,Cleared
AML000424,CUST00424,2024-03-31,17.71,Low,No Match,Not PEP,Potential Adverse Media,False,False,Cleared
AML000425,CUST00425,2025-08-19,23.22,Low,No Match,Not PEP,No Adverse Media,False,False,Cleared
AML000426,CUST00426,2024-07-26,40.11,Medium,No Match,Not PEP,No Adverse Media,False,False,Cleared
AML000427,CUST00427,2024-02-18,28.67,Low,No Match,Not PEP,No Adverse Media,False,False,Cleared
AML000428,CUST00428,2026-10-10,36.95,Low,No Match,Not PEP,No Adverse Media,False,False,Cleared
AML000429,CUST00429,2026-07-08,20.8,Low,No Match,Not PEP,No Adverse Media,False,False,Cleared
AML000430,CUST00430,2025-01-24,28.8,Low,No Match,Not PEP,No Adverse Media,False,False,Cleared
AML000431,CUST00431,2024-10-30,42.99,Medium,No Match,Not PEP,No Adverse Media,False,False,Cleared
AML000432,CUST00432,2024-01-28,36.92,Low,No Match,Not PEP,Potential Adverse Media,False,False,Cleared
AML000433,CUST00433,2024-11-27,16.3,Low,No Match,Not PEP,No Adverse Media,False,False,Cleared
AML000434,CUST00434,2026-07-04,25.58,Low,No Match,Not PEP,No Adverse Media,False,False,Cleared
AML000435,CUST00435,2024-10-23,41.28,Medium,No Match,Not PEP,No Adverse Media,False,False,Cleared
AML000436,CUST00436,2024-08-19,27.0,Low,No Match,Not PEP,No Adverse Media,False,False,Cleared
AML000437,CUST00437,2024-03-29,17.78,Low,No Match,Not PEP,No Adverse Media,False,False,Cleared
AML000438,CUST00438,2024-04-06,7.63,Low,No Match,Not PEP,No Adverse Media,False,False,Cleared
AML000439,CUST00439,2024-12-19,20.69,Low,No Match,Not PEP,No Adverse Media,False,False,Cleared
AML000440,CUST00440,2025-08-18,44.76,Medium,No Match,Not PEP,No Adverse Media,False,False,Cleared
AML000441,CUST00441,2025-03-23,24.0,Low,No Match,Not PEP,No Adverse Media,False,False,Cleared
AML000442,CUST00442,2024-10-06,19.37,Low,No Match,Not PEP,Potential Adverse Media,False,False,Cleared
AML000443,CUST00443,2024-07-29,9.4,Low,No Match,Not PEP,No Adverse Media,False,False,Cleared
AML000444,CUST00444,2025-09-15,37.7,Low,No Match,Not PEP,No Adverse Media,False,False,Cleared
AML000445,CUST00445,2024-04-10,17.91,Low,No Match,Not PEP,No Adverse Media,False,False,Cleared
AML000446,CUST00446,2024-10-27,26.04,Low,No Match,Not PEP,No Adverse Media,False,False,Cleared
AML000447,CUST00447,2026-03-03,25.07,Low,No Match,Not PEP,Potential Adverse Media,False,False,Cleared
AML000448,CUST00448,2026-12-17,31.39,Low,No Match,Not PEP,No Adverse Media,False,False,Cleared
AML000449,CUST00449,2025-07-05,5.53,Low,No Match,Not PEP,No Adverse Media,False,False,Cleared
AML000450,CUST00450,2026-05-01,5.51,Low,No Match,Not PEP,No Adverse Media,False,False,Cleared
AML000451,CUST00451,2024-08-23,41.54,Medium,No Match,Not PEP,No Adverse Media,False,False,Cleared
AML000452,CUST00452,2025-10-11,39.41,Low,No Match,Related to PEP,No Adverse Media,False,False,Cleared
AML000453,CUST00453,2024-11-18,19.7,Low,No Match,Not PEP,No Adverse Media,False,False,Cleared
AML000454,CUST00454,2024-02-29,36.23,Low,No Match,Related to PEP,No Adverse Media,False,False,Cleared
AML000455,CUST00455,2026-11-14,26.12,Low,No Match,Not PEP,No Adverse Media,False,False,Cleared
AML000456,CUST00456,2026-08-12,29.94,Low,No Match,Not PEP,Potential Adverse Media,False,False,Cleared
AML000457,CUST00457,2024-08-28,40.82,Medium,No Match,Not PEP,Potential Adverse Media,False,False,Cleared
AML000458,CUST00458,2026-10-15,25.01,Low,No Match,Not PEP,No Adverse Media,False,False,Cleared
AML000459,CUST00459,2025-01-28,5.05,Low,Potential Match,Not PEP,No Adverse Media,False,False,Cleared
AML000460,CUST00460,2024-01-25,36.92,Low,No Match,Not PEP,No Adverse Media,False,False,Cleared
AML000461,CUST00461,2025-05-15,14.68,Low,No Match,Not PEP,No Adverse Media,False,False,Cleared
AML000462,CUST00462,2024-03-10,10.35,Low,No Match,Not PEP,No Adverse Media,False,False,Cleared
AML000463,CUST00463,2025-11-02,33.74,Low,No Match,Not PEP,No Adverse Media,False,False,Cleared
AML000464,CUST00464,2026-11-11,24.34,Low,No Match,Not PEP,No Adverse Media,False,False,Cleared
AML000465,CUST00465,2025-11-07,14.75,Low,No Match,Not PEP,No Adverse Media,False,False,Cleared
AML000466,CUST00466,2025-04-21,13.33,Low,Potential Match,Not PEP,No Adverse Media,False,False,Cleared
AML000467,CUST00467,2024-03-13,20.25,Low,No Match,Not PEP,No Adverse Media,False,False,Cleared
AML000468,CUST00468,2024-04-17,34.25,Low,No Match,Not PEP,No Adverse Media,False,False,Cleared
AML000469,CUST00469,2026-04-25,38.5,Low,No Match,PEP,No Adverse Media,False,False,Cleared
AML000470,CUST00470,2026-10-26,42.33,Medium,No Match,Not PEP,No Adverse Media,False,False,Cleared
AML000471,CUST00471,2024-02-23,14.37,Low,No Match,Not PEP,No Adverse Media,False,False,Cleared
AML000472,CUST00472,2025-01-21,25.15,Low,No Match,Not PEP,No Adverse Media,False,False,Cleared
AML000473,CUST00473,2025-07-16,22.51,Low,No Match,Not PEP,Potential Adverse Media,False,False,Cleared
AML000474,CUST00474,2025-12-26,5.31,Low,No Match,Not PEP,No Adverse Media,False,False,Cleared
AML000475,CUST00475,2026-04-03,18.31,Low,No Match,Not PEP,Potential Adverse Media,False,False,Cleared
AML000476,CUST00476,2024-05-27,12.5,Low,No Match,Not PEP,No Adverse Media,False,False,Cleared
AML000477,CUST00477,2024-01-15,25.28,Low,No Match,Not PEP,No Adverse Media,False,False,Cleared
AML000478,CUST00478,2026-08-17,44.98,Medium,No Match,Not PEP,No Adverse Media,False,False,Cleared
AML000479,CUST00479,2025-01-17,32.52,Low,No Match,Not PEP,Potential Adverse Media,False,False,Cleared
AML000480,CUST00480,2025-11-19,9.63,Low,No Match,Not PEP,Potential Adverse Media,False,False,Cleared
AML000481,CUST00481,2026-03-23,27.44,Low,No Match,Not PEP,No Adverse Media,False,False,Cleared
AML000482,CUST00482,2025-08-02,24.57,Low,Potential Match,Not PEP,No Adverse Media,False,False,Cleared
AML000483,CUST00483,2026-01-07,38.53,Low,No Match,Not PEP,No Adverse Media,False,False,Cleared
AML000484,CUST00484,2026-09-12,36.88,Low,No Match,Not PEP,Potential Adverse Media,False,False,Cleared
AML000485,CUST00485,2025-01-11,29.0,Low,No Match,Not PEP,No Adverse Media,False,False,Cleared
AML000486,CUST00486,2024-08-26,42.01,Medium,No Match,Not PEP,No Adverse Media,False,False,Cleared
AML000487,CUST00487,2026-01-19,12.24,Low,No Match,Not PEP,No Adverse Media,False,False,Cleared
AML000488,CUST00488,2025-01-22,22.9,Low,No Match,Not PEP,No Adverse Media,False,False,Cleared
AML000489,CUST00489,2025-09-15,22.89,Low,No Match,Not PEP,No Adverse Media,False,False,Cleared
AML000490,CUST00490,2025-06-26,9.3,Low,No Match,Not PEP,No Adverse Media,False,False,Cleared
AML000491,CUST00491,2025-06-21,17.44,Low,No Match,Not PEP,No Adverse Media,False,False,Cleared
AML000492,CUST00492,2024-12-30,13.44,Low,No Match,Not PEP,No Adverse Media,False,False,Cleared
AML000493,CUST00493,2024-07-22,21.89,Low,No Match,Not PEP,No Adverse Media,False,False,Cleared
AML000494,CUST00494,2024-09-26,27.92,Low,No Match,Not PEP,No Adverse Media,False,False,Cleared
AML000495,CUST00495,2024-03-09,41.11,Medium,No Match,Not PEP,No Adverse Media,False,False,Cleared
AML000496,CUST00496,2024-06-19,32.31,Low,No Match,Not PEP,No Adverse Media,False,False,Cleared
AML000497,CUST00497,2026-06-06,22.6,Low,No Match,Not PEP,No Adverse Media,False,False,Cleared
AML000498,CUST00498,2024-06-21,18.89,Low,No Match,Not PEP,No Adverse Media,False,False,Cleared
AML000499,CUST00499,2025-08-29,23.96,Low,No Match,Not PEP,No Adverse Media,False,False,Cleared
AML000500,CUST00500,2025-03-18,18.13,Low,Potential Match,PEP,No Adverse Media,False,False,Cleared
AML000501,CUST00501,2026-09-15,11.85,Low,No Match,Not PEP,No Adverse Media,False,False,Cleared
AML000502,CUST00502,2026-06-25,40.53,Medium,No Match,Not PEP,No Adverse Media,False,False,Cleared
AML000503,CUST00503,2026-12-31,8.74,Low,No Match,Not PEP,No Adverse Media,False,False,Cleared
AML000504,CUST00504,2026-06-19,30.54,Low,No Match,Not PEP,No Adverse Media,False,False,Cleared
AML000505,CUST00505,2026-08-09,34.19,Low,No Match,Not PEP,No Adverse Media,False,False,Cleared
AML000506,CUST00506,2024-10-03,35.68,Low,No Match,Not PEP,No Adverse Media,False,False,Cleared
AML000507,CUST00507,2025-06-02,41.98,Medium,No Match,Not PEP,No Adverse Media,False,False,Cleared
AML000508,CUST00508,2024-11-09,9.97,Low,No Match,Not PEP,Potential Adverse Media,False,False,Cleared
AML000509,CUST00509,2026-03-27,35.72,Low,No Match,Not PEP,No Adverse Media,False,False,Cleared
AML000510,CUST00510,2024-04-12,16.33,Low,No Match,Not PEP,No Adverse Media,False,False,Cleared
AML000511,CUST00511,2024-09-05,9.78,Low,No Match,Not PEP,No Adverse Media,False,False,Cleared
AML000512,CUST00512,2024-07-26,9.24,Low,No Match,Not PEP,No Adverse Media,False,False,Cleared
AML000513,CUST00513,2026-08-19,40.81,Medium,No Match,Not PEP,No Adverse Media,False,False,Cleared
AML000514,CUST00514,2026-08-06,10.43,Low,No Match,Not PEP,No Adverse Media,False,False,Cleared
AML000515,CUST00515,2026-09-16,14.68,Low,No Match,Not PEP,No Adverse Media,False,False,Cleared
AML000516,CUST00516,2024-09-12,32.16,Low,No Match,Not PEP,No Adverse Media,False,False,Cleared
AML000517,CUST00517,2024-04-16,7.62,Low,No Match,Not PEP,No Adverse Media,False,False,Cleared
AML000518,CUST00518,2026-10-12,20.82,Low,No Match,Not PEP,Potential Adverse Media,False,False,Cleared
AML000519,CUST00519,2026-04-04,7.65,Low,No Match,Not PEP,No Adverse Media,False,False,Cleared
AML000520,CUST00520,2026-12-08,26.93,Low,No Match,Not PEP,No Adverse Media,False,False,Cleared
AML000521,CUST00521,2024-10-05,17.48,Low,No Match,Not PEP,No Adverse Media,False,False,Cleared
AML000522,CUST00522,2026-11-04,29.66,Low,No Match,Not PEP,No Adverse Media,False,False,Cleared
AML000523,CUST00523,2025-08-22,25.08,Low,No Match,Not PEP,No Adverse Media,False,False,Cleared
AML000524,CUST00524,2026-05-01,12.1,Low,No Match,PEP,Potential Adverse Media,False,False,Cleared
AML000525,CUST00525,2024-08-10,14.5,Low,No Match,Not PEP,No Adverse Media,False,False,Cleared
AML000526,CUST00526,2026-08-12,8.67,Low,No Match,Related to PEP,No Adverse Media,False,False,Cleared
AML000527,CUST00527,2024-11-05,8.54,Low,No Match,Not PEP,No Adverse Media,False,False,Cleared
AML000528,CUST00528,2026-01-28,21.49,Low,No Match,Related to PEP,No Adverse Media,False,False,Cleared
AML000529,CUST00529,2026-12-15,18.03,Low,No Match,Not PEP,No Adverse Media,False,False,Cleared
AML000530,CUST00530,2026-09-19,24.66,Low,No Match,Not PEP,No Adverse Media,False,False,Cleared
AML000531,CUST00531,2025-01-10,20.06,Low,No Match,Not PEP,No Adverse Media,False,False,Cleared
AML000532,CUST00532,2025-01-09,37.67,Low,No Match,Not PEP,No Adverse Media,False,False,Cleared
AML000533,CUST00533,2026-08-29,25.8,Low,No Match,Not PEP,No Adverse Media,False,False,Cleared
AML000534,CUST00534,2025-03-05,8.28,Low,No Match,Not PEP,Potential Adverse Media,False,False,Cleared
AML000535,CUST00535,2026-12-29,12.04,Low,No Match,Not PEP,No Adverse Media,False,False,Cleared
AML000536,CUST00536,2025-06-10,8.94,Low,No Match,Not PEP,Potential Adverse Media,False,False,Cleared
AML000537,CUST00537,2026-08-14,34.09,Low,No Match,Not PEP,No Adverse Media,False,False,Cleared
AML000538,CUST00538,2026-08-15,36.33,Low,No Match,Not PEP,No Adverse Media,False,False,Cleared
AML000539,CUST00539,2024-09-14,20.02,Low,No Match,Not PEP,No Adverse Media,False,False,Cleared
AML000540,CUST00540,2025-01-11,41.09,Medium,Potential Match,Not PEP,No Adverse Media,False,False,Cleared
AML000541,CUST00541,2025-04-02,39.61,Low,No Match,Not PEP,Potential Adverse Media,False,False,Cleared
AML000542,CUST00542,2026-08-19,29.54,Low,No Match,Related to PEP,No Adverse Media,False,False,Cleared
AML000543,CUST00543,2025-02-01,5.39,Low,No Match,Not PEP,No Adverse Media,False,False,Cleared
AML000544,CUST00544,2026-11-23,17.76,Low,No Match,Not PEP,No Adverse Media,False,False,Cleared
AML000545,CUST00545,2025-03-15,14.42,Low,Potential Match,Not PEP,No Adverse Media,False,False,Cleared
AML000546,CUST00546,2025-08-13,7.49,Low,No Match,Not PEP,No Adverse Media,False,False,Cleared
AML000547,CUST00547,2024-09-10,29.43,Low,No Match,Not PEP,No Adverse Media,False,False,Cleared
AML000548,CUST00548,2026-05-27,36.67,Low,No Match,Not PEP,No Adverse Media,False,False,Cleared
AML000549,CUST00549,2025-10-24,23.9,Low,No Match,Not PEP,No Adverse Media,False,False,Cleared
AML000550,CUST00550,2025-07-04,16.61,Low,No Match,Not PEP,No Adverse Media,False,False,Cleared
AML000551,CUST00551,2026-11-26,20.74,Low,No Match,Not PEP,No Adverse Media,False,False,Cleared
AML000552,CUST00552,2025-11-24,36.68,Low,No Match,Not PEP,No Adverse Media,False,False,Cleared
AML000553,CUST00553,2026-01-07,36.31,Low,No Match,Not PEP,No Adverse Media,False,False,Cleared
AML000554,CUST00554,2025-07-07,28.61,Low,No Match,Not PEP,No Adverse Media,False,False,Cleared
AML000555,CUST00555,2024-10-29,23.09,Low,No Match,Not PEP,No Adverse Media,False,False,Cleared
AML000556,CUST00556,2024-10-11,5.97,Low,No Match,Not PEP,Potential Adverse Media,False,False,Cleared
AML000557,CUST00557,2024-02-19,16.88,Low,No Match,Not PEP,No Adverse Media,False,False,Cleared
AML000558,CUST00558,2024-04-17,41.92,Medium,No Match,Not PEP,No Adverse Media,False,False,Cleared
AML000559,CUST00559,2026-06-03,23.98,Low,No Match,PEP,No Adverse Media,False,False,Cleared
AML000560,CUST00560,2025-12-04,23.0,Low,No Match,Not PEP,No Adverse Media,False,False,Cleared
AML000561,CUST00561,2025-08-21,9.58,Low,No Match,Not PEP,No Adverse Media,False,False,Cleared
AML000562,CUST00562,2024-08-15,43.71,Medium,No Match,Not PEP,No Adverse Media,False,False,Cleared
AML000563,CUST00563,2025-10-29,32.47,Low,No Match,Not PEP,No Adverse Media,False,False,Cleared
AML000564,CUST00564,2024-06-16,10.34,Low,No Match,Not PEP,No Adverse Media,False,False,Cleared
AML000565,CUST00565,2025-09-29,19.59,Low,No Match,Not PEP,No Adverse Media,False,False,Cleared
AML000566,CUST00566,2026-08-26,9.29,Low,Potential Match,Not PEP,No Adverse Media,False,False,Cleared
AML000567,CUST00567,2026-05-10,22.51,Low,No Match,Not PEP,No Adverse Media,False,False,Cleared
AML000568,CUST00568,2026-02-07,23.69,Low,No Match,Not PEP,No Adverse Media,False,False,Cleared
AML000569,CUST00569,2025-02-06,42.49,Medium,No Match,Not PEP,No Adverse Media,False,False,Cleared
AML000570,CUST00570,2025-04-10,14.45,Low,No Match,Not PEP,No Adverse Media,False,False,Cleared
AML000571,CUST00571,2026-04-12,36.54,Low,No Match,Not PEP,No Adverse Media,False,False,Cleared
AML000572,CUST00572,2025-03-19,30.62,Low,No Match,Not PEP,No Adverse Media,False,False,Cleared
AML000573,CUST00573,2024-04-23,33.52,Low,No Match,Not PEP,No Adverse Media,False,False,Cleared
AML000574,CUST00574,2024-12-06,28.56,Low,No Match,Not PEP,Potential Adverse Media,False,False,Cleared
AML000575,CUST00575,2025-07-16,26.48,Low,No Match,Not PEP,No Adverse Media,False,False,Cleared
AML000576,CUST00576,2025-05-21,7.33,Low,No Match,Not PEP,No Adverse Media,False,False,Cleared
AML000577,CUST00577,2026-05-10,41.12,Medium,No Match,Not PEP,No Adverse Media,False,False,Cleared
AML000578,CUST00578,2024-05-01,33.21,Low,No Match,Not PEP,No Adverse Media,False,False,Cleared
AML000579,CUST00579,2025-12-18,22.48,Low,No Match,Not PEP,No Adverse Media,False,False,Cleared
AML000580,CUST00580,2024-11-07,28.77,Low,No Match,Not PEP,No Adverse Media,False,False,Cleared
AML000581,CUST00581,2026-12-26,14.87,Low,No Match,Not PEP,No Adverse Media,False,False,Cleared
AML000582,CUST00582,2024-05-03,21.26,Low,No Match,Not PEP,No Adverse Media,False,False,Cleared
AML000583,CUST00583,2026-05-14,29.5,Low,No Match,Not PEP,No Adverse Media,False,False,Cleared
AML000584,CUST00584,2026-02-04,34.07,Low,No Match,Not PEP,No Adverse Media,False,False,Cleared
AML000585,CUST00585,2026-08-27,10.32,Low,No Match,Not PEP,No Adverse Media,False,False,Cleared
AML000586,CUST00586,2024-09-07,42.67,Medium,No Match,Not PEP,No Adverse Media,False,False,Cleared
AML000587,CUST00587,2025-05-02,16.5,Low,No Match,Not PEP,No Adverse Media,False,False,Cleared
AML000588,CUST00588,2026-03-14,18.63,Low,No Match,Not PEP,No Adverse Media,False,False,Cleared
AML000589,CUST00589,2025-04-12,24.1,Low,No Match,Not PEP,No Adverse Media,False,False,Cleared
AML000590,CUST00590,2025-06-22,9.15,Low,No Match,Not PEP,No Adverse Media,False,False,Cleared
AML000591,CUST00591,2026-03-12,10.1,Low,No Match,Not PEP,No Adverse Media,False,False,Cleared
AML000592,CUST00592,2026-10-24,13.71,Low,No Match,Not PEP,No Adverse Media,False,False,Cleared
AML000593,CUST00593,2024-10-31,11.07,Low,No Match,Not PEP,No Adverse Media,False,False,Cleared
AML000594,CUST00594,2024-08-30,17.2,Low,No Match,Not PEP,No Adverse Media,False,False,Cleared
AML000595,CUST00595,2024-04-16,22.32,Low,No Match,Not PEP,No Adverse Media,False,False,Cleared
AML000596,CUST00596,2026-12-09,9.31,Low,No Match,Not PEP,No Adverse Media,False,False,Cleared
AML000597,CUST00597,2026-03-12,6.4,Low,No Match,Not PEP,No Adverse Media,False,False,Cleared
AML000598,CUST00598,2026-03-19,29.41,Low,No Match,Not PEP,No Adverse Media,False,False,Cleared
AML000599,CUST00599,2025-03-15,34.77,Low,No Match,PEP,No Adverse Media,False,False,Cleared
AML000600,CUST00600,2026-07-17,40.4,Medium,No Match,Not PEP,No Adverse Media,False,False,Cleared
AML000601,CUST00601,2025-12-20,6.27,Low,No Match,Not PEP,No Adverse Media,False,False,Cleared
AML000602,CUST00602,2026-07-12,22.22,Low,No Match,Not PEP,No Adverse Media,False,False,Cleared
AML000603,CUST00603,2025-01-16,5.48,Low,No Match,Not PEP,No Adverse Media,False,False,Cleared
AML000604,CUST00604,2024-11-24,24.47,Low,No Match,Not PEP,No Adverse Media,False,False,Cleared
AML000605,CUST00605,2025-10-21,30.13,Low,No Match,Not PEP,Potential Adverse Media,False,False,Cleared
AML000606,CUST00606,2026-04-15,10.71,Low,No Match,Not PEP,No Adverse Media,False,False,Cleared
AML000607,CUST00607,2024-01-14,29.72,Low,Potential Match,Not PEP,No Adverse Media,False,False,Cleared
AML000608,CUST00608,2024-05-23,39.72,Low,No Match,Not PEP,No Adverse Media,False,False,Cleared
AML000609,CUST00609,2025-04-04,42.08,Medium,No Match,Not PEP,Potential Adverse Media,False,False,Cleared
AML000610,CUST00610,2025-04-20,32.92,Low,No Match,Not PEP,No Adverse Media,False,False,Cleared
AML000611,CUST00611,2025-02-17,42.29,Medium,No Match,Not PEP,No Adverse Media,False,False,Cleared
AML000612,CUST00612,2025-02-25,27.61,Low,No Match,PEP,No Adverse Media,False,False,Cleared
AML000613,CUST00613,2025-03-27,11.82,Low,No Match,Not PEP,No Adverse Media,False,False,Cleared
AML000614,CUST00614,2026-04-30,44.49,Medium,Potential Match,Not PEP,No Adverse Media,False,False,Cleared
AML000615,CUST00615,2026-08-16,7.62,Low,No Match,Not PEP,Potential Adverse Media,False,False,Cleared
AML000616,CUST00616,2024-09-21,16.49,Low,No Match,Not PEP,No Adverse Media,False,False,Cleared
AML000617,CUST00617,2024-11-14,40.99,Medium,No Match,Not PEP,No Adverse Media,False,False,Cleared
AML000618,CUST00618,2024-12-10,13.69,Low,No Match,Not PEP,No Adverse Media,False,False,Cleared
AML000619,CUST00619,2026-10-12,37.66,Low,No Match,Not PEP,No Adverse Media,False,False,Cleared
AML000620,CUST00620,2026-09-10,42.77,Medium,Potential Match,Not PEP,No Adverse Media,False,False,Cleared
AML000621,CUST00621,2025-12-26,27.03,Low,No Match,Not PEP,No Adverse Media,False,False,Cleared
AML000622,CUST00622,2026-07-14,33.11,Low,No Match,Not PEP,No Adverse Media,False,False,Cleared
AML000623,CUST00623,2024-02-03,26.69,Low,No Match,Not PEP,No Adverse Media,False,False,Cleared
AML000624,CUST00624,2026-11-14,9.0,Low,Potential Match,Related to PEP,No Adverse Media,False,False,Cleared
AML000625,CUST00625,2025-04-03,30.98,Low,No Match,Not PEP,No Adverse Media,False,False,Cleared
AML000626,CUST00626,2025-09-08,13.81,Low,No Match,Not PEP,No Adverse Media,False,False,Cleared
AML000627,CUST00627,2026-10-04,18.17,Low,No Match,Not PEP,No Adverse Media,False,False,Cleared
AML000628,CUST00628,2024-09-05,17.66,Low,No Match,Not PEP,No Adverse Media,False,False,Cleared
AML000629,CUST00629,2025-06-15,9.74,Low,No Match,Not PEP,No Adverse Media,False,False,Cleared
AML000630,CUST00630,2025-04-10,40.35,Medium,No Match,Not PEP,No Adverse Media,False,False,Cleared
AML000631,CUST00631,2025-08-14,32.42,Low,No Match,Not PEP,No Adverse Media,False,False,Cleared
AML000632,CUST00632,2024-10-02,31.95,Low,No Match,Not PEP,No Adverse Media,False,False,Cleared
AML000633,CUST00633,2024-03-31,37.16,Low,No Match,Not PEP,No Adverse Media,False,False,Cleared
AML000634,CUST00634,2025-11-11,37.23,Low,No Match,Not PEP,Confirmed Adverse Media,False,False,Cleared
AML000635,CUST00635,2025-05-26,39.97,Low,No Match,Not PEP,No Adverse Media,False,False,Cleared
AML000636,CUST00636,2025-07-15,7.83,Low,No Match,Not PEP,No Adverse Media,False,False,Cleared
AML000637,CUST00637,2026-08-16,44.41,Medium,No Match,Not PEP,No Adverse Media,False,False,Cleared
AML000638,CUST00638,2024-02-11,9.42,Low,No Match,Not PEP,No Adverse Media,False,False,Cleared
AML000639,CUST00639,2024-06-12,41.6,Medium,No Match,Not PEP,No Adverse Media,False,False,Cleared
AML000640,CUST00640,2024-08-17,29.34,Low,No Match,Not PEP,No Adverse Media,False,False,Cleared
AML000641,CUST00641,2025-08-11,15.15,Low,No Match,Not PEP,No Adverse Media,False,False,Cleared
AML000642,CUST00642,2026-05-03,31.73,Low,No Match,Not PEP,Potential Adverse Media,False,False,Cleared
AML000643,CUST00643,2024-02-07,8.16,Low,No Match,Not PEP,No Adverse Media,False,False,Cleared
AML000644,CUST00644,2025-11-07,37.67,Low,No Match,Not PEP,No Adverse Media,False,False,Cleared
AML000645,CUST00645,2025-03-30,14.15,Low,No Match,Not PEP,No Adverse Media,False,False,Cleared
AML000646,CUST00646,2024-07-11,13.89,Low,No Match,Not PEP,No Adverse Media,False,False,Cleared
AML000647,CUST00647,2024-11-12,34.41,Low,No Match,Not PEP,No Adverse Media,False,False,Cleared
AML000648,CUST00648,2025-05-11,39.0,Low,No Match,Not PEP,No Adverse Media,False,False,Cleared
AML000649,CUST00649,2026-05-28,11.69,Low,No Match,Not PEP,No Adverse Media,False,False,Cleared
AML000650,CUST00650,2025-04-23,40.82,Medium,No Match,Not PEP,No Adverse Media,False,False,Cleared
AML000651,CUST00651,2026-06-24,11.66,Low,No Match,Not PEP,No Adverse Media,False,False,Cleared
AML000652,CUST00652,2024-10-03,24.02,Low,No Match,Not PEP,No Adverse Media,False,False,Cleared
AML000653,CUST00653,2024-03-23,16.47,Low,No Match,Not PEP,No Adverse Media,False,False,Cleared
AML000654,CUST00654,2025-08-11,19.2,Low,No Match,Not PEP,No Adverse Media,False,False,Cleared
AML000655,CUST00655,2026-02-20,34.72,Low,No Match,Not PEP,No Adverse Media,False,False,Cleared
AML000656,CUST00656,2024-10-25,7.58,Low,No Match,Not PEP,No Adverse Media,False,False,Cleared
AML000657,CUST00657,2024-11-17,35.22,Low,No Match,Related to PEP,No Adverse Media,False,False,Cleared
AML000658,CUST00658,2025-11-11,20.34,Low,No Match,Not PEP,No Adverse Media,False,False,Cleared
AML000659,CUST00659,2024-03-04,12.85,Low,No Match,Not PEP,No Adverse Media,False,False,Cleared
AML000660,CUST00660,2025-01-08,13.75,Low,No Match,Not PEP,No Adverse Media,False,False,Cleared
AML000661,CUST00661,2026-11-04,11.57,Low,No Match,Not PEP,No Adverse Media,False,False,Cleared
AML000662,CUST00662,2026-01-26,43.55,Medium,No Match,Not PEP,No Adverse Media,False,False,Cleared
AML000663,CUST00663,2024-04-01,38.71,Low,No Match,Not PEP,No Adverse Media,False,False,Cleared
AML000664,CUST00664,2025-08-10,42.28,Medium,No Match,Not PEP,Potential Adverse Media,False,False,Cleared
AML000665,CUST00665,2025-09-09,43.51,Medium,No Match,Not PEP,No Adverse Media,False,False,Cleared
AML000666,CUST00666,2026-09-21,23.52,Low,No Match,Not PEP,No Adverse Media,False,False,Cleared
AML000667,CUST00667,2024-10-07,7.01,Low,No Match,Not PEP,No Adverse Media,False,False,Cleared
AML000668,CUST00668,2024-09-16,28.12,Low,No Match,Not PEP,No Adverse Media,False,False,Cleared
AML000669,CUST00669,2024-03-25,18.12,Low,No Match,Not PEP,No Adverse Media,False,False,Cleared
AML000670,CUST00670,2026-11-20,37.71,Low,No Match,Not PEP,No Adverse Media,False,False,Cleared
AML000671,CUST00671,2025-07-14,24.51,Low,No Match,Related to PEP,No Adverse Media,False,False,Cleared
AML000672,CUST00672,2025-11-04,5.15,Low,No Match,Related to PEP,No Adverse Media,False,False,Cleared
AML000673,CUST00673,2024-04-13,24.35,Low,No Match,PEP,No Adverse Media,False,False,Cleared
AML000674,CUST00674,2026-02-10,15.3,Low,No Match,Not PEP,No Adverse Media,False,False,Cleared
AML000675,CUST00675,2024-08-23,38.4,Low,No Match,Not PEP,No Adverse Media,False,False,Cleared
AML000676,CUST00676,2024-12-13,25.94,Low,No Match,Not PEP,No Adverse Media,False,False,Cleared
AML000677,CUST00677,2025-04-24,37.39,Low,No Match,Not PEP,Potential Adverse Media,False,False,Cleared
AML000678,CUST00678,2025-01-19,29.79,Low,No Match,Not PEP,No Adverse Media,False,False,Cleared
AML000679,CUST00679,2025-02-12,40.64,Medium,No Match,Not PEP,No Adverse Media,False,False,Cleared
AML000680,CUST00680,2024-03-09,31.88,Low,No Match,Related to PEP,No Adverse Media,False,False,Cleared
AML000681,CUST00681,2025-10-03,26.88,Low,No Match,Not PEP,Confirmed Adverse Media,False,False,Cleared
AML000682,CUST00682,2026-01-25,6.43,Low,No Match,Not PEP,No Adverse Media,False,False,Cleared
AML000683,CUST00683,2026-01-30,15.44,Low,No Match,Not PEP,No Adverse Media,False,False,Cleared
AML000684,CUST00684,2026-11-12,26.64,Low,No Match,Not PEP,No Adverse Media,False,False,Cleared
AML000685,CUST00685,2025-04-01,5.16,Low,No Match,PEP,No Adverse Media,False,False,Cleared
AML000686,CUST00686,2024-04-15,30.74,Low,No Match,Not PEP,No Adverse Media,False,False,Cleared
AML000687,CUST00687,2024-05-18,20.38,Low,No Match,Not PEP,No Adverse Media,False,False,Cleared
AML000688,CUST00688,2024-09-29,36.89,Low,No Match,Not PEP,No Adverse Media,False,False,Cleared
AML000689,CUST00689,2026-01-08,36.47,Low,No Match,Not PEP,Potential Adverse Media,False,False,Cleared
AML000690,CUST00690,2024-10-03,12.37,Low,No Match,Not PEP,No Adverse Media,False,False,Cleared
AML000691,CUST00691,2024-10-21,19.36,Low,No Match,PEP,No Adverse Media,False,False,Cleared
AML000692,CUST00692,2025-02-26,25.82,Low,No Match,Not PEP,No Adverse Media,False,False,Cleared
AML000693,CUST00693,2024-06-12,38.01,Low,No Match,Not PEP,No Adverse Media,False,False,Cleared
AML000694,CUST00694,2024-03-18,12.54,Low,No Match,Not PEP,No Adverse Media,False,False,Cleared
AML000695,CUST00695,2026-04-10,35.8,Low,No Match,Not PEP,No Adverse Media,False,False,Cleared
AML000696,CUST00696,2025-02-07,19.01,Low,No Match,Not PEP,No Adverse Media,False,False,Cleared
AML000697,CUST00697,2025-08-18,31.45,Low,No Match,Not PEP,No Adverse Media,False,False,Cleared
AML000698,CUST00698,2026-08-22,15.75,Low,No Match,Not PEP,No Adverse Media,False,False,Cleared
AML000699,CUST00699,2024-11-11,6.94,Low,No Match,Not PEP,No Adverse Media,False,False,Cleared
AML000700,CUST00700,2024-11-16,25.88,Low,No Match,Not PEP,Potential Adverse Media,False,False,Cleared
AML000701,CUST00701,2024-08-27,12.75,Low,No Match,Not PEP,No Adverse Media,False,False,Cleared
AML000702,CUST00702,2025-07-03,24.11,Low,No Match,Not PEP,No Adverse Media,False,False,Cleared
AML000703,CUST00703,2026-01-08,43.37,Medium,No Match,Not PEP,No Adverse Media,False,False,Cleared
AML000704,CUST00704,2026-01-30,32.01,Low,Potential Match,Not PEP,No Adverse Media,False,False,Cleared
AML000705,CUST00705,2026-04-01,8.87,Low,No Match,Not PEP,No Adverse Media,False,False,Cleared
AML000706,CUST00706,2025-09-12,10.55,Low,No Match,Not PEP,No Adverse Media,False,False,Cleared
AML000707,CUST00707,2026-11-13,43.68,Medium,No Match,Not PEP,No Adverse Media,False,False,Cleared
AML000708,CUST00708,2025-09-08,26.95,Low,No Match,Not PEP,No Adverse Media,False,False,Cleared
AML000709,CUST00709,2024-10-20,7.46,Low,Potential Match,Not PEP,No Adverse Media,False,False,Cleared
AML000710,CUST00710,2026-01-08,28.6,Low,No Match,Not PEP,No Adverse Media,False,False,Cleared
AML000711,CUST00711,2025-10-26,40.34,Medium,No Match,Not PEP,No Adverse Media,False,False,Cleared
AML000712,CUST00712,2025-08-24,33.34,Low,No Match,Not PEP,No Adverse Media,False,False,Cleared
AML000713,CUST00713,2026-01-12,10.69,Low,No Match,Not PEP,No Adverse Media,False,False,Cleared
AML000714,CUST00714,2024-04-06,21.58,Low,No Match,Not PEP,No Adverse Media,False,False,Cleared
AML000715,CUST00715,2024-02-15,6.71,Low,No Match,Not PEP,No Adverse Media,False,False,Cleared
AML000716,CUST00716,2024-01-09,14.3,Low,No Match,Not PEP,Confirmed Adverse Media,False,False,Cleared
AML000717,CUST00717,2025-12-27,11.38,Low,No Match,Not PEP,No Adverse Media,False,False,Cleared
AML000718,CUST00718,2025-06-15,33.83,Low,No Match,Not PEP,No Adverse Media,False,False,Cleared
AML000719,CUST00719,2024-03-18,18.4,Low,No Match,Not PEP,No Adverse Media,False,False,Cleared
AML000720,CUST00720,2024-12-18,40.29,Medium,No Match,Not PEP,Potential Adverse Media,False,False,Cleared
AML000721,CUST00721,2025-10-05,11.61,Low,No Match,Not PEP,No Adverse Media,False,False,Cleared
AML000722,CUST00722,2025-04-09,43.14,Medium,No Match,Not PEP,No Adverse Media,False,False,Cleared
AML000723,CUST00723,2025-06-21,32.6,Low,No Match,Not PEP,No Adverse Media,False,False,Cleared
AML000724,CUST00724,2026-02-17,33.76,Low,No Match,Not PEP,No Adverse Media,False,False,Cleared
AML000725,CUST00725,2024-06-11,28.22,Low,No Match,PEP,No Adverse Media,False,False,Cleared
AML000726,CUST00726,2026-07-30,6.23,Low,No Match,Not PEP,Potential Adverse Media,False,False,Cleared
AML000727,CUST00727,2024-06-07,26.23,Low,No Match,Not PEP,No Adverse Media,False,False,Cleared
AML000728,CUST00728,2025-11-30,32.65,Low,No Match,Not PEP,No Adverse Media,False,False,Cleared
AML000729,CUST00729,2026-01-17,31.42,Low,No Match,Not PEP,No Adverse Media,False,False,Cleared
AML000730,CUST00730,2024-12-15,7.48,Low,No Match,Not PEP,No Adverse Media,False,False,Cleared
AML000731,CUST00731,2025-07-17,11.03,Low,No Match,Not PEP,No Adverse Media,False,False,Cleared
AML000732,CUST00732,2024-12-14,17.77,Low,No Match,Not PEP,Potential Adverse Media,False,False,Cleared
AML000733,CUST00733,2026-05-03,7.11,Low,No Match,Not PEP,No Adverse Media,False,False,Cleared
AML000734,CUST00734,2025-10-04,43.06,Medium,No Match,Not PEP,No Adverse Media,False,False,Cleared
AML000735,CUST00735,2025-01-13,13.47,Low,No Match,Not PEP,No Adverse Media,False,False,Cleared
AML000736,CUST00736,2024-12-15,32.52,Low,No Match,Not PEP,No Adverse Media,False,False,Cleared
AML000737,CUST00737,2026-04-23,35.71,Low,No Match,Not PEP,No Adverse Media,False,False,Cleared
AML000738,CUST00738,2025-01-29,20.09,Low,No Match,Not PEP,No Adverse Media,False,False,Cleared
AML000739,CUST00739,2024-12-11,21.11,Low,No Match,Not PEP,No Adverse Media,False,False,Cleared
AML000740,CUST00740,2024-12-31,34.68,Low,No Match,Not PEP,No Adverse Media,False,False,Cleared
AML000741,CUST00741,2025-11-21,12.67,Low,No Match,Not PEP,No Adverse Media,False,False,Cleared
AML000742,CUST00742,2024-05-14,36.64,Low,No Match,Not PEP,No Adverse Media,False,False,Cleared
AML000743,CUST00743,2026-07-28,11.29,Low,No Match,Not PEP,No Adverse Media,False,False,Cleared
AML000744,CUST00744,2026-03-18,32.63,Low,No Match,Not PEP,No Adverse Media,False,False,Cleared
AML000745,CUST00745,2024-05-31,21.09,Low,No Match,Not PEP,No Adverse Media,False,False,Cleared
AML000746,CUST00746,2024-05-02,12.23,Low,No Match,Not PEP,No Adverse Media,False,False,Cleared
AML000747,CUST00747,2024-07-17,13.35,Low,No Match,Not PEP,No Adverse Media,False,False,Cleared
AML000748,CUST00748,2024-08-21,29.68,Low,No Match,Not PEP,No Adverse Media,False,False,Cleared
AML000749,CUST00749,2026-11-30,29.94,Low,No Match,Not PEP,No Adverse Media,False,False,Cleared
AML000750,CUST00750,2024-11-06,6.23,Low,No Match,Not PEP,No Adverse Media,False,False,Cleared
AML000751,CUST00751,2025-08-31,37.05,Low,No Match,Not PEP,No Adverse Media,False,False,Cleared
AML000752,CUST00752,2025-07-03,32.95,Low,No Match,Not PEP,No Adverse Media,False,False,Cleared
AML000753,CUST00753,2026-03-04,10.95,Low,No Match,Not PEP,No Adverse Media,False,False,Cleared
AML000754,CUST00754,2025-02-09,17.93,Low,No Match,Not PEP,Potential Adverse Media,False,False,Cleared
AML000755,CUST00755,2025-12-11,30.85,Low,No Match,Not PEP,No Adverse Media,False,False,Cleared
AML000756,CUST00756,2024-05-13,41.21,Medium,No Match,Not PEP,No Adverse Media,False,False,Cleared
AML000757,CUST00757,2025-03-30,41.36,Medium,No Match,Not PEP,No Adverse Media,False,False,Cleared
AML000758,CUST00758,2026-12-02,36.2,Low,No Match,Not PEP,No Adverse Media,False,False,Cleared
AML000759,CUST00759,2025-08-26,30.94,Low,No Match,Not PEP,No Adverse Media,False,False,Cleared
AML000760,CUST00760,2024-10-13,8.2,Low,No Match,Not PEP,No Adverse Media,False,False,Cleared
AML000761,CUST00761,2024-09-29,30.86,Low,No Match,Not PEP,Potential Adverse Media,False,False,Cleared
AML000762,CUST00762,2024-08-18,6.03,Low,No Match,Not PEP,No Adverse Media,False,False,Cleared
AML000763,CUST00763,2024-02-11,21.92,Low,No Match,Not PEP,No Adverse Media,False,False,Cleared
AML000764,CUST00764,2024-07-30,9.93,Low,Potential Match,Not PEP,No Adverse Media,False,False,Cleared
AML000765,CUST00765,2024-03-18,25.02,Low,No Match,Not PEP,No Adverse Media,False,False,Cleared
AML000766,CUST00766,2025-11-10,25.48,Low,No Match,Not PEP,No Adverse Media,False,False,Cleared
AML000767,CUST00767,2025-04-28,21.97,Low,No Match,Not PEP,No Adverse Media,False,False,Cleared
AML000768,CUST00768,2025-05-16,25.34,Low,No Match,Not PEP,No Adverse Media,False,False,Cleared
AML000769,CUST00769,2025-08-29,28.38,Low,No Match,Not PEP,No Adverse Media,False,False,Cleared
AML000770,CUST00770,2025-04-21,24.92,Low,No Match,Not PEP,No Adverse Media,False,False,Cleared
AML000771,CUST00771,2025-04-28,18.51,Low,No Match,Not PEP,No Adverse Media,False,False,Cleared
AML000772,CUST00772,2025-06-11,19.05,Low,No Match,Not PEP,Potential Adverse Media,False,False,Cleared
AML000773,CUST00773,2025-05-14,17.6,Low,Confirmed Match,Not PEP,No Adverse Media,False,False,Cleared
AML000774,CUST00774,2025-05-22,30.8,Low,Potential Match,Not PEP,No Adverse Media,False,False,Cleared
AML000775,CUST00775,2026-03-16,39.91,Low,No Match,Not PEP,No Adverse Media,False,False,Cleared
AML000776,CUST00776,2025-03-22,17.16,Low,No Match,Not PEP,No Adverse Media,False,False,Cleared
AML000777,CUST00777,2026-10-18,41.08,Medium,No Match,Not PEP,No Adverse Media,False,False,Cleared
AML000778,CUST00778,2024-01-10,44.0,Medium,No Match,Not PEP,No Adverse Media,False,False,Cleared
AML000779,CUST00779,2026-01-17,17.37,Low,Potential Match,PEP,No Adverse Media,False,False,Cleared
AML000780,CUST00780,2026-02-10,36.68,Low,No Match,Not PEP,No Adverse Media,False,False,Cleared
AML000781,CUST00781,2025-10-09,25.01,Low,No Match,Not PEP,No Adverse Media,False,False,Cleared
AML000782,CUST00782,2024-07-30,34.6,Low,No Match,Not PEP,No Adverse Media,False,False,Cleared
AML000783,CUST00783,2025-04-08,44.51,Medium,No Match,Not PEP,No Adverse Media,False,False,Cleared
AML000784,CUST00784,2025-10-18,5.48,Low,No Match,Not PEP,No Adverse Media,False,False,Cleared
AML000785,CUST00785,2025-07-12,9.16,Low,No Match,Not PEP,No Adverse Media,False,False,Cleared
AML000786,CUST00786,2026-05-06,13.83,Low,No Match,Not PEP,No Adverse Media,False,False,Cleared
AML000787,CUST00787,2025-04-05,17.2,Low,No Match,Not PEP,No Adverse Media,False,False,Cleared
AML000788,CUST00788,2026-11-20,19.2,Low,No Match,Not PEP,No Adverse Media,False,False,Cleared
AML000789,CUST00789,2024-08-11,5.37,Low,No Match,Not PEP,No Adverse Media,False,False,Cleared
AML000790,CUST00790,2025-09-22,31.56,Low,No Match,Not PEP,No Adverse Media,False,False,Cleared
AML000791,CUST00791,2025-10-11,17.2,Low,No Match,Not PEP,No Adverse Media,False,False,Cleared
AML000792,CUST00792,2024-08-11,34.91,Low,No Match,Not PEP,No Adverse Media,False,False,Cleared
AML000793,CUST00793,2025-12-31,41.37,Medium,No Match,Not PEP,No Adverse Media,False,False,Cleared
AML000794,CUST00794,2025-07-12,12.62,Low,No Match,Not PEP,No Adverse Media,False,False,Cleared
AML000795,CUST00795,2026-10-08,11.34,Low,No Match,Not PEP,No Adverse Media,False,False,Cleared
AML000796,CUST00796,2026-12-30,17.65,Low,No Match,Not PEP,No Adverse Media,False,False,Cleared
AML000797,CUST00797,2026-01-28,10.96,Low,No Match,Not PEP,No Adverse Media,False,False,Cleared
AML000798,CUST00798,2024-10-13,5.9,Low,No Match,Not PEP,No Adverse Media,False,False,Cleared
AML000799,CUST00799,2026-10-09,24.03,Low,No Match,Not PEP,No Adverse Media,False,False,Cleared
AML000800,CUST00800,2026-08-12,10.31,Low,No Match,Not PEP,No Adverse Media,False,False,Cleared
AML000801,CUST00801,2026-06-25,38.32,Low,No Match,Not PEP,No Adverse Media,False,False,Cleared
AML000802,CUST00802,2025-01-22,32.2,Low,No Match,PEP,No Adverse Media,False,False,Cleared
AML000803,CUST00803,2026-03-30,8.69,Low,No Match,Not PEP,No Adverse Media,False,False,Cleared
AML000804,CUST00804,2025-04-10,10.41,Low,Potential Match,Not PEP,No Adverse Media,False,False,Cleared
AML000805,CUST00805,2024-06-15,40.39,Medium,No Match,Not PEP,No Adverse Media,False,False,Cleared
AML000806,CUST00806,2026-08-14,31.34,Low,No Match,Not PEP,Confirmed Adverse Media,False,False,Cleared
AML000807,CUST00807,2024-09-25,23.16,Low,No Match,PEP,No Adverse Media,False,False,Cleared
AML000808,CUST00808,2025-10-31,36.19,Low,No Match,Not PEP,No Adverse Media,False,False,Cleared
AML000809,CUST00809,2025-02-24,23.87,Low,No Match,Not PEP,No Adverse Media,False,False,Cleared
AML000810,CUST00810,2025-11-19,31.64,Low,No Match,Not PEP,No Adverse Media,False,False,Cleared
AML000811,CUST00811,2025-12-08,15.41,Low,No Match,Not PEP,No Adverse Media,False,False,Cleared
AML000812,CUST00812,2025-03-23,12.39,Low,No Match,Not PEP,No Adverse Media,False,False,Cleared
AML000813,CUST00813,2025-10-25,12.24,Low,No Match,Not PEP,No Adverse Media,False,False,Cleared
AML000814,CUST00814,2024-01-13,11.23,Low,No Match,Not PEP,No Adverse Media,False,False,Cleared
AML000815,CUST00815,2025-11-28,17.3,Low,No Match,Not PEP,No Adverse Media,False,False,Cleared
AML000816,CUST00816,2026-04-18,5.5,Low,No Match,Not PEP,No Adverse Media,False,False,Cleared
AML000817,CUST00817,2026-09-10,16.1,Low,No Match,Not PEP,No Adverse Media,False,False,Cleared
AML000818,CUST00818,2025-04-20,41.05,Medium,No Match,Not PEP,No Adverse Media,False,False,Cleared
AML000819,CUST00819,2026-01-10,33.3,Low,No Match,Not PEP,No Adverse Media,False,False,Cleared
AML000820,CUST00820,2024-11-06,22.35,Low,No Match,Not PEP,No Adverse Media,False,False,Cleared
AML000821,CUST00821,2024-05-05,29.74,Low,No Match,Not PEP,No Adverse Media,False,False,Cleared
AML000822,CUST00822,2025-06-03,32.58,Low,No Match,Not PEP,No Adverse Media,False,False,Cleared
AML000823,CUST00823,2025-07-22,24.52,Low,No Match,Not PEP,No Adverse Media,False,False,Cleared
AML000824,CUST00824,2025-11-19,42.19,Medium,No Match,Not PEP,No Adverse Media,False,False,Cleared
AML000825,CUST00825,2024-01-25,5.69,Low,No Match,PEP,No Adverse Media,False,False,Cleared
AML000826,CUST00826,2025-12-04,26.43,Low,No Match,Not PEP,No Adverse Media,False,False,Cleared
AML000827,CUST00827,2026-08-22,21.67,Low,No Match,Not PEP,No Adverse Media,False,False,Cleared
AML000828,CUST00828,2025-05-19,22.27,Low,No Match,Not PEP,No Adverse Media,False,False,Cleared
AML000829,CUST00829,2024-02-09,19.65,Low,No Match,Not PEP,No Adverse Media,False,False,Cleared
AML000830,CUST00830,2024-06-28,12.57,Low,No Match,Not PEP,No Adverse Media,False,False,Cleared
AML000831,CUST00831,2024-06-23,11.15,Low,Potential Match,Not PEP,No Adverse Media,False,False,Cleared
AML000832,CUST00832,2025-08-29,43.28,Medium,No Match,Not PEP,No Adverse Media,False,False,Cleared
AML000833,CUST00833,2024-04-22,35.19,Low,No Match,Not PEP,No Adverse Media,False,False,Cleared
AML000834,CUST00834,2026-07-18,35.83,Low,Potential Match,Not PEP,Potential Adverse Media,False,False,Cleared
AML000835,CUST00835,2024-02-06,34.0,Low,No Match,Not PEP,Potential Adverse Media,False,False,Cleared
AML000836,CUST00836,2026-06-18,30.3,Low,No Match,Not PEP,No Adverse Media,False,False,Cleared
AML000837,CUST00837,2026-12-05,7.94,Low,No Match,Not PEP,No Adverse Media,False,False,Cleared
AML000838,CUST00838,2026-02-23,35.26,Low,No Match,Not PEP,No Adverse Media,False,False,Cleared
AML000839,CUST00839,2024-09-22,23.28,Low,No Match,Not PEP,No Adverse Media,False,False,Cleared
AML000840,CUST00840,2024-10-20,35.02,Low,No Match,Not PEP,No Adverse Media,False,False,Cleared
AML000841,CUST00841,2025-10-13,18.91,Low,No Match,Not PEP,No Adverse Media,False,False,Cleared
AML000842,CUST00842,2026-12-08,26.53,Low,No Match,Not PEP,Potential Adverse Media,False,False,Cleared
AML000843,CUST00843,2026-08-12,9.1,Low,No Match,Not PEP,No Adverse Media,False,False,Cleared
AML000844,CUST00844,2025-11-25,7.51,Low,No Match,Not PEP,No Adverse Media,False,False,Cleared
AML000845,CUST00845,2025-08-14,28.9,Low,No Match,Not PEP,No Adverse Media,False,False,Cleared
AML000846,CUST00846,2024-05-23,6.49,Low,No Match,Not PEP,No Adverse Media,False,False,Cleared
AML000847,CUST00847,2025-12-07,12.99,Low,No Match,Not PEP,No Adverse Media,False,False,Cleared
AML000848,CUST00848,2026-03-29,44.91,Medium,No Match,Not PEP,No Adverse Media,False,False,Cleared
AML000849,CUST00849,2025-10-23,34.43,Low,No Match,Not PEP,No Adverse Media,False,False,Cleared
AML000850,CUST00850,2024-01-04,21.36,Low,No Match,Not PEP,No Adverse Media,False,False,Cleared
AML000851,CUST00851,2025-08-04,30.88,Low,No Match,Not PEP,Potential Adverse Media,False,False,Cleared
AML000852,CUST00852,2024-02-04,13.48,Low,No Match,Not PEP,No Adverse Media,False,False,Cleared
AML000853,CUST00853,2024-09-04,24.1,Low,No Match,Not PEP,No Adverse Media,False,False,Cleared
AML000854,CUST00854,2024-06-20,21.84,Low,No Match,Not PEP,No Adverse Media,False,False,Cleared
AML000855,CUST00855,2025-08-22,19.5,Low,No Match,Not PEP,No Adverse Media,False,False,Cleared
AML000856,CUST00856,2025-01-06,5.89,Low,No Match,Not PEP,No Adverse Media,False,False,Cleared
AML000857,CUST00857,2024-08-11,8.71,Low,No Match,Not PEP,No Adverse Media,False,False,Cleared
AML000858,CUST00858,2024-03-21,28.31,Low,No Match,Not PEP,No Adverse Media,False,False,Cleared
AML000859,CUST00859,2026-07-06,28.3,Low,No Match,Not PEP,No Adverse Media,False,False,Cleared
AML000860,CUST00860,2025-05-21,35.27,Low,No Match,Not PEP,No Adverse Media,False,False,Cleared
AML000861,CUST00861,2024-01-02,21.94,Low,No Match,Not PEP,No Adverse Media,False,False,Cleared
AML000862,CUST00862,2026-12-27,7.63,Low,No Match,Not PEP,No Adverse Media,False,False,Cleared
AML000863,CUST00863,2024-04-07,28.8,Low,No Match,Not PEP,No Adverse Media,False,False,Cleared
AML000864,CUST00864,2026-10-28,26.81,Low,No Match,Not PEP,No Adverse Media,False,False,Cleared
AML000865,CUST00865,2026-03-29,15.09,Low,No Match,Not PEP,No Adverse Media,False,False,Cleared
AML000866,CUST00866,2026-08-22,37.89,Low,No Match,Not PEP,No Adverse Media,False,False,Cleared
AML000867,CUST00867,2026-11-11,28.74,Low,No Match,Not PEP,No Adverse Media,False,False,Cleared
AML000868,CUST00868,2025-10-19,9.17,Low,No Match,Not PEP,No Adverse Media,False,False,Cleared
AML000869,CUST00869,2024-07-04,14.6,Low,No Match,Not PEP,No Adverse Media,False,False,Cleared
AML000870,CUST00870,2026-02-25,28.75,Low,No Match,Not PEP,No Adverse Media,False,False,Cleared
AML000871,CUST00871,2026-08-12,10.46,Low,Potential Match,Not PEP,No Adverse Media,False,False,Cleared
AML000872,CUST00872,2025-08-12,7.56,Low,No Match,Not PEP,No Adverse Media,False,False,Cleared
AML000873,CUST00873,2024-10-09,18.1,Low,No Match,Not PEP,No Adverse Media,False,False,Cleared
AML000874,CUST00874,2025-03-04,19.29,Low,Potential Match,Not PEP,Potential Adverse Media,False,False,Cleared
AML000875,CUST00875,2025-06-10,30.63,Low,No Match,Not PEP,No Adverse Media,False,False,Cleared
AML000876,CUST00876,2025-09-04,28.99,Low,No Match,Not PEP,No Adverse Media,False,False,Cleared
AML000877,CUST00877,2026-09-27,42.94,Medium,No Match,Not PEP,No Adverse Media,False,False,Cleared
AML000878,CUST00878,2024-08-05,26.08,Low,No Match,Not PEP,No Adverse Media,False,False,Cleared
AML000879,CUST00879,2026-06-03,43.47,Medium,Potential Match,Not PEP,No Adverse Media,False,False,Cleared
AML000880,CUST00880,2024-02-24,20.82,Low,No Match,Not PEP,No Adverse Media,False,False,Cleared
AML000881,CUST00881,2024-06-19,17.12,Low,No Match,Not PEP,No Adverse Media,False,False,Cleared
AML000882,CUST00882,2024-10-20,38.61,Low,No Match,Related to PEP,No Adverse Media,False,False,Cleared
AML000883,CUST00883,2024-06-24,14.8,Low,No Match,Not PEP,No Adverse Media,False,False,Cleared
AML000884,CUST00884,2026-10-02,15.44,Low,No Match,Not PEP,No Adverse Media,False,False,Cleared
AML000885,CUST00885,2024-04-30,29.45,Low,No Match,Not PEP,No Adverse Media,False,False,Cleared
AML000886,CUST00886,2026-01-30,22.84,Low,No Match,Not PEP,No Adverse Media,False,False,Cleared
AML000887,CUST00887,2024-06-24,17.94,Low,No Match,Not PEP,No Adverse Media,False,False,Cleared
AML000888,CUST00888,2024-08-29,32.04,Low,No Match,Not PEP,Confirmed Adverse Media,False,False,Cleared
AML000889,CUST00889,2026-05-28,44.95,Medium,No Match,Not PEP,No Adverse Media,False,False,Cleared
AML000890,CUST00890,2025-04-27,26.25,Low,No Match,PEP,No Adverse Media,False,False,Cleared
AML000891,CUST00891,2025-07-16,10.96,Low,No Match,Not PEP,No Adverse Media,False,False,Cleared
AML000892,CUST00892,2024-04-16,18.28,Low,No Match,Not PEP,No Adverse Media,False,False,Cleared
AML000893,CUST00893,2024-03-11,14.48,Low,No Match,Not PEP,No Adverse Media,False,False,Cleared
AML000894,CUST00894,2026-10-18,5.52,Low,No Match,Not PEP,Potential Adverse Media,False,False,Cleared
AML000895,CUST00895,2025-06-06,8.86,Low,No Match,Not PEP,No Adverse Media,False,False,Cleared
AML000896,CUST00896,2026-08-09,14.26,Low,No Match,Not PEP,No Adverse Media,False,False,Cleared
AML000897,CUST00897,2025-09-06,12.64,Low,No Match,Not PEP,No Adverse Media,False,False,Cleared
AML000898,CUST00898,2025-12-12,10.43,Low,No Match,Not PEP,No Adverse Media,False,False,Cleared
AML000899,CUST00899,2025-05-12,11.71,Low,No Match,Not PEP,No Adverse Media,False,False,Cleared
AML000900,CUST00900,2025-04-15,32.5,Low,No Match,Not PEP,No Adverse Media,False,False,Cleared
AML000901,CUST00901,2024-05-05,27.61,Low,No Match,Not PEP,No Adverse Media,False,False,Cleared
AML000902,CUST00902,2024-09-01,24.33,Low,No Match,Not PEP,No Adverse Media,False,False,Cleared
AML000903,CUST00903,2025-01-28,32.68,Low,No Match,Not PEP,No Adverse Media,False,False,Cleared
AML000904,CUST00904,2026-04-08,38.89,Low,No Match,Not PEP,No Adverse Media,False,False,Cleared
AML000905,CUST00905,2024-04-06,9.26,Low,No Match,Not PEP,No Adverse Media,False,False,Cleared
AML000906,CUST00906,2026-06-20,38.91,Low,No Match,Not PEP,Confirmed Adverse Media,False,False,Cleared
AML000907,CUST00907,2025-07-21,8.03,Low,No Match,Not PEP,No Adverse Media,False,False,Cleared
AML000908,CUST00908,2026-03-31,31.32,Low,No Match,Not PEP,No Adverse Media,False,False,Cleared
AML000909,CUST00909,2025-09-02,40.23,Medium,No Match,Not PEP,No Adverse Media,False,False,Cleared
AML000910,CUST00910,2025-11-27,17.48,Low,No Match,Not PEP,No Adverse Media,False,False,Cleared
AML000911,CUST00911,2024-09-22,24.03,Low,No Match,Not PEP,Potential Adverse Media,False,False,Cleared
AML000912,CUST00912,2024-06-22,25.04,Low,No Match,Not PEP,No Adverse Media,False,False,Cleared
AML000913,CUST00913,2024-07-03,44.41,Medium,No Match,Not PEP,No Adverse Media,False,False,Cleared
AML000914,CUST00914,2026-12-05,31.64,Low,No Match,Not PEP,No Adverse Media,False,False,Cleared
AML000915,CUST00915,2024-10-24,39.73,Low,Potential Match,Not PEP,No Adverse Media,False,False,Cleared
AML000916,CUST00916,2026-02-21,29.72,Low,No Match,Not PEP,No Adverse Media,False,False,Cleared
AML000917,CUST00917,2025-01-16,24.69,Low,No Match,Not PEP,No Adverse Media,False,False,Cleared
AML000918,CUST00918,2026-11-20,32.22,Low,No Match,Not PEP,No Adverse Media,False,False,Cleared
AML000919,CUST00919,2025-07-24,36.96,Low,No Match,Not PEP,No Adverse Media,False,False,Cleared
AML000920,CUST00920,2024-07-13,43.91,Medium,No Match,Not PEP,No Adverse Media,False,False,Cleared
AML000921,CUST00921,2024-12-10,26.51,Low,No Match,Not PEP,No Adverse Media,False,False,Cleared
AML000922,CUST00922,2024-03-30,38.13,Low,No Match,Not PEP,Potential Adverse Media,False,False,Cleared
AML000923,CUST00923,2025-03-04,41.53,Medium,No Match,Not PEP,No Adverse Media,False,False,Cleared
AML000924,CUST00924,2025-08-23,19.34,Low,No Match,Not PEP,No Adverse Media,False,False,Cleared
AML000925,CUST00925,2025-01-10,33.33,Low,No Match,Related to PEP,No Adverse Media,False,False,Cleared
AML000926,CUST00926,2024-08-12,31.04,Low,No Match,Not PEP,No Adverse Media,False,False,Cleared
AML000927,CUST00927,2025-07-06,38.54,Low,No Match,Not PEP,No Adverse Media,False,False,Cleared
AML000928,CUST00928,2026-04-10,34.58,Low,No Match,Not PEP,No Adverse Media,False,False,Cleared
AML000929,CUST00929,2025-03-14,35.62,Low,No Match,Not PEP,No Adverse Media,False,False,Cleared
AML000930,CUST00930,2026-08-08,42.66,Medium,No Match,Not PEP,No Adverse Media,False,False,Cleared
AML000931,CUST00931,2025-08-14,44.58,Medium,No Match,Not PEP,No Adverse Media,False,False,Cleared
AML000932,CUST00932,2025-08-07,36.45,Low,No Match,Not PEP,No Adverse Media,False,False,Cleared
AML000933,CUST00933,2025-09-09,40.58,Medium,No Match,Not PEP,No Adverse Media,False,False,Cleared
AML000934,CUST00934,2026-09-27,21.4,Low,No Match,Not PEP,No Adverse Media,False,False,Cleared
AML000935,CUST00935,2025-10-29,43.81,Medium,No Match,Not PEP,No Adverse Media,False,False,Cleared
AML000936,CUST00936,2025-08-30,20.84,Low,No Match,Not PEP,Confirmed Adverse Media,False,False,Cleared
AML000937,CUST00937,2024-12-02,11.99,Low,No Match,Not PEP,No Adverse Media,False,False,Cleared
AML000938,CUST00938,2026-03-04,14.12,Low,No Match,Not PEP,No Adverse Media,False,False,Cleared
AML000939,CUST00939,2026-06-25,28.74,Low,No Match,Not PEP,No Adverse Media,False,False,Cleared
AML000940,CUST00940,2026-10-24,23.69,Low,No Match,Not PEP,No Adverse Media,False,False,Cleared
AML000941,CUST00941,2025-09-21,6.18,Low,No Match,Not PEP,No Adverse Media,False,False,Cleared
AML000942,CUST00942,2025-05-13,36.3,Low,No Match,Not PEP,No Adverse Media,False,False,Cleared
AML000943,CUST00943,2024-08-03,40.18,Medium,No Match,Not PEP,No Adverse Media,False,False,Cleared
AML000944,CUST00944,2024-07-30,7.02,Low,No Match,Not PEP,No Adverse Media,False,False,Cleared
AML000945,CUST00945,2025-07-27,29.58,Low,No Match,PEP,No Adverse Media,False,False,Cleared
AML000946,CUST00946,2024-11-05,41.4,Medium,No Match,Not PEP,No Adverse Media,False,False,Cleared
AML000947,CUST00947,2026-01-29,35.12,Low,No Match,Not PEP,No Adverse Media,False,False,Cleared
AML000948,CUST00948,2025-12-04,37.7,Low,No Match,Not PEP,No Adverse Media,False,False,Cleared
AML000949,CUST00949,2025-04-08,29.05,Low,No Match,Not PEP,No Adverse Media,False,False,Cleared
AML000950,CUST00950,2024-02-19,39.69,Low,No Match,Not PEP,No Adverse Media,False,False,Cleared
AML000951,CUST00951,2026-03-14,10.16,Low,No Match,Not PEP,No Adverse Media,False,False,Cleared
AML000952,CUST00952,2025-09-20,8.51,Low,No Match,Not PEP,Potential Adverse Media,False,False,Cleared
AML000953,CUST00953,2025-11-11,15.06,Low,No Match,Not PEP,Potential Adverse Media,False,False,Cleared
AML000954,CUST00954,2026-06-25,15.56,Low,No Match,Not PEP,No Adverse Media,False,False,Cleared
AML000955,CUST00955,2026-07-08,6.19,Low,No Match,Not PEP,No Adverse Media,False,False,Cleared
AML000956,CUST00956,2026-08-09,18.04,Low,No Match,Not PEP,No Adverse Media,False,False,Cleared
AML000957,CUST00957,2025-12-13,42.04,Medium,No Match,Not PEP,No Adverse Media,False,False,Cleared
AML000958,CUST00958,2025-08-31,39.52,Low,No Match,PEP,Potential Adverse Media,False,False,Cleared
AML000959,CUST00959,2026-06-06,33.41,Low,No Match,Related to PEP,No Adverse Media,False,False,Cleared
AML000960,CUST00960,2025-09-15,6.05,Low,No Match,Not PEP,No Adverse Media,False,False,Cleared
AML000961,CUST00961,2026-11-16,40.63,Medium,No Match,Related to PEP,Potential Adverse Media,False,False,Cleared
AML000962,CUST00962,2026-04-06,27.19,Low,No Match,Not PEP,No Adverse Media,False,False,Cleared
AML000963,CUST00963,2025-02-11,33.8,Low,No Match,PEP,Potential Adverse Media,False,False,Cleared
AML000964,CUST00964,2024-07-02,44.18,Medium,No Match,Not PEP,No Adverse Media,False,False,Cleared
AML000965,CUST00965,2024-07-23,41.23,Medium,No Match,Not PEP,No Adverse Media,False,False,Cleared
AML000966,CUST00966,2024-12-21,26.21,Low,No Match,Not PEP,No Adverse Media,False,False,Cleared
AML000967,CUST00967,2025-11-14,21.54,Low,No Match,Not PEP,No Adverse Media,False,False,Cleared
AML000968,CUST00968,2024-05-11,12.74,Low,No Match,Not PEP,No Adverse Media,False,False,Cleared
AML000969,CUST00969,2025-02-27,44.08,Medium,Potential Match,Not PEP,No Adverse Media,False,False,Cleared
AML000970,CUST00970,2024-11-18,28.96,Low,No Match,Not PEP,No Adverse Media,False,False,Cleared
AML000971,CUST00971,2026-06-18,37.29,Low,Potential Match,Not PEP,No Adverse Media,False,False,Cleared
AML000972,CUST00972,2024-08-26,13.85,Low,No Match,Not PEP,No Adverse Media,False,False,Cleared
AML000973,CUST00973,2024-03-07,33.63,Low,No Match,Not PEP,No Adverse Media,False,False,Cleared
AML000974,CUST00974,2025-11-12,38.51,Low,No Match,Not PEP,No Adverse Media,False,False,Cleared
AML000975,CUST00975,2025-05-25,42.37,Medium,No Match,Not PEP,No Adverse Media,False,False,Cleared
AML000976,CUST00976,2024-11-21,27.26,Low,No Match,Not PEP,No Adverse Media,False,False,Cleared
AML000977,CUST00977,2026-02-11,5.75,Low,No Match,Not PEP,No Adverse Media,False,False,Cleared
AML000978,CUST00978,2026-12-07,16.72,Low,Potential Match,Not PEP,No Adverse Media,False,False,Cleared
AML000979,CUST00979,2025-04-20,21.27,Low,No Match,Not PEP,No Adverse Media,False,False,Cleared
AML000980,CUST00980,2026-03-05,38.25,Low,Confirmed Match,Not PEP,No Adverse Media,False,False,Cleared
AML000981,CUST00981,2026-06-23,10.96,Low,No Match,Not PEP,No Adverse Media,False,False,Cleared
AML000982,CUST00982,2026-10-05,38.7,Low,No Match,Not PEP,No Adverse Media,False,False,Cleared
AML000983,CUST00983,2025-06-05,27.24,Low,No Match,Not PEP,No Adverse Media,False,False,Cleared
AML000984,CUST00984,2025-01-04,35.02,Low,No Match,Not PEP,No Adverse Media,False,False,Cleared
AML000985,CUST00985,2024-10-28,10.02,Low,No Match,Not PEP,No Adverse Media,False,False,Cleared
AML000986,CUST00986,2026-06-07,18.56,Low,No Match,Not PEP,No Adverse Media,False,False,Cleared
AML000987,CUST00987,2026-06-12,29.06,Low,No Match,Not PEP,No Adverse Media,False,False,Cleared
AML000988,CUST00988,2026-08-02,17.3,Low,No Match,Not PEP,No Adverse Media,False,False,Cleared
AML000989,CUST00989,2024-12-11,6.73,Low,No Match,Not PEP,No Adverse Media,False,False,Cleared
AML000990,CUST00990,2026-12-11,11.47,Low,No Match,Not PEP,No Adverse Media,False,False,Cleared
AML000991,CUST00991,2026-01-02,16.86,Low,No Match,Not PEP,No Adverse Media,False,False,Cleared
AML000992,CUST00992,2026-06-12,7.77,Low,No Match,Not PEP,No Adverse Media,False,False,Cleared
AML000993,CUST00993,2026-12-30,12.03,Low,Potential Match,Not PEP,No Adverse Media,False,False,Cleared
AML000994,CUST00994,2025-12-13,36.66,Low,No Match,Not PEP,No Adverse Media,False,False,Cleared
AML000995,CUST00995,2026-01-09,22.24,Low,No Match,Not PEP,No Adverse Media,False,False,Cleared
AML000996,CUST00996,2024-04-26,13.0,Low,No Match,Not PEP,No Adverse Media,False,False,Cleared
AML000997,CUST00997,2025-04-30,11.33,Low,No Match,Not PEP,No Adverse Media,False,False,Cleared
AML000998,CUST00998,2024-04-05,32.46,Low,No Match,Not PEP,Potential Adverse Media,False,False,Cleared
AML000999,CUST00999,2026-01-24,35.64,Low,No Match,Not PEP,No Adverse Media,False,False,Cleared
AML001000,CUST01000,2024-04-01,25.13,Low,No Match,Not PEP,No Adverse Media,False,False,Cleared
