collection_id,loan_id,customer_id,collection_date,collection_stage,outstanding_amount,action_taken,recovery_status
COL0000001,LOAN000002,CUST00004,2025-09-21,Reminder,0.0,Email,Pending
COL0000002,LOAN000002,CUST00004,2026-08-07,Hard Collection,1636.08,SMS,Written Off
COL0000003,LOAN000003,CUST00008,2027-05-19,Reminder,0.0,Email,Recovered
COL0000004,LOAN000004,CUST00012,2026-07-06,Reminder,0.0,Legal Notice,Recovered
COL0000005,LOAN000004,CUST00012,2026-11-03,Soft Collection,4726.31,Email,Escalated
COL0000006,LOAN000005,CUST00012,2024-07-18,Reminder,2416.73,Email,Recovered
COL0000007,LOAN000005,CUST00012,2025-04-29,Reminder,0.0,Legal Notice,Written Off
COL0000008,LOAN000006,CUST00018,2024-10-22,Reminder,0.0,Call,Pending
COL0000009,LOAN000007,CUST00019,2027-03-12,Reminder,0.0,Call,Pending
COL0000010,LOAN000007,CUST00019,2028-05-25,Soft Collection,0.0,Legal Notice,Written Off
COL0000011,LOAN000007,CUST00019,2029-04-20,Hard Collection,694.68,Email,Escalated
COL0000012,LOAN000007,CUST00019,2029-04-20,Write-Off,694.68,SMS,Escalated
COL0000013,LOAN000007,CUST00019,2029-04-20,Soft Collection,343.41,Call,Recovered
COL0000014,LOAN000007,CUST00019,2029-05-05,Reminder,261.79,SMS,Escalated
COL0000015,LOAN000007,CUST00019,2029-09-17,Hard Collection,694.68,Email,Recovered
COL0000016,LOAN000007,CUST00019,2029-11-01,Reminder,237.41,Email,Written Off
COL0000017,LOAN000007,CUST00019,2030-08-13,Write-Off,694.68,Legal Notice,Escalated
COL0000018,LOAN000007,CUST00019,2030-08-13,Reminder,196.99,Legal Notice,Pending
COL0000019,LOAN000007,CUST00019,2030-07-29,Reminder,0.0,Legal Notice,Written Off
COL0000020,LOAN000007,CUST00019,2030-09-27,Soft Collection,0.0,Call,Escalated
COL0000021,LOAN000007,CUST00019,2030-12-11,Reminder,316.43,Call,Recovered
COL0000022,LOAN000008,CUST00024,2024-11-14,Reminder,0.0,Email,Recovered
COL0000023,LOAN000008,CUST00024,2025-09-05,Write-Off,6751.68,Legal Notice,Escalated
COL0000024,LOAN000008,CUST00024,2025-11-04,Soft Collection,6751.68,Email,Escalated
COL0000025,LOAN000008,CUST00024,2026-02-02,Write-Off,6751.68,SMS,Pending
COL0000026,LOAN000008,CUST00024,2025-11-19,Reminder,0.0,Call,Escalated
COL0000027,LOAN000008,CUST00024,2026-05-03,Write-Off,6751.68,Legal Notice,Recovered
COL0000028,LOAN000009,CUST00025,2024-10-06,Reminder,688.68,Legal Notice,Escalated
COL0000029,LOAN000009,CUST00025,2026-03-15,Soft Collection,0.0,Legal Notice,Escalated
COL0000030,LOAN000009,CUST00025,2026-04-14,Reminder,0.0,Email,Recovered
COL0000031,LOAN000009,CUST00025,2027-03-10,Reminder,1175.86,Call,Written Off
COL0000032,LOAN000009,CUST00025,2027-04-19,Reminder,0.0,Email,Escalated
COL0000033,LOAN000010,CUST00025,2024-09-12,Reminder,0.0,Call,Escalated
COL0000034,LOAN000010,CUST00025,2025-04-30,Hard Collection,2345.17,Call,Pending
COL0000035,LOAN000010,CUST00025,2026-01-10,Reminder,734.42,Email,Escalated
COL0000036,LOAN000010,CUST00025,2026-04-25,Reminder,1115.02,Legal Notice,Written Off
COL0000037,LOAN000010,CUST00025,2027-04-05,Reminder,0.0,Legal Notice,Recovered
COL0000038,LOAN000011,CUST00028,2025-10-10,Soft Collection,0.0,Call,Written Off
COL0000039,LOAN000011,CUST00028,2025-10-05,Reminder,0.0,Legal Notice,Pending
COL0000040,LOAN000012,CUST00029,2025-09-22,Legal,2409.78,Call,Pending
COL0000041,LOAN000012,CUST00029,2025-09-22,Reminder,2409.78,SMS,Recovered
COL0000042,LOAN000012,CUST00029,2026-02-19,Hard Collection,2409.78,Call,Written Off
COL0000043,LOAN000012,CUST00029,2026-06-19,Reminder,912.78,Email,Pending
COL0000044,LOAN000012,CUST00029,2026-10-17,Hard Collection,2409.78,Legal Notice,Written Off
COL0000045,LOAN000013,CUST00029,2025-10-17,Reminder,1779.86,Legal Notice,Recovered
COL0000046,LOAN000014,CUST00031,2025-12-01,Reminder,4832.6,SMS,Written Off
COL0000047,LOAN000015,CUST00031,2025-12-17,Reminder,268.84,Email,Written Off
COL0000048,LOAN000015,CUST00031,2027-10-08,Write-Off,509.38,SMS,Pending
COL0000049,LOAN000015,CUST00031,2027-10-23,Reminder,0.0,Call,Written Off
COL0000050,LOAN000015,CUST00031,2028-03-06,Soft Collection,509.38,Email,Pending
COL0000051,LOAN000016,CUST00035,2026-07-22,Reminder,0.0,SMS,Escalated
COL0000052,LOAN000017,CUST00035,2026-11-14,Soft Collection,1984.64,SMS,Written Off
COL0000053,LOAN000018,CUST00036,2024-12-24,Soft Collection,2940.91,Legal Notice,Written Off
COL0000054,LOAN000019,CUST00037,2027-08-20,Reminder,309.79,SMS,Recovered
COL0000055,LOAN000019,CUST00037,2027-11-18,Reminder,309.79,SMS,Pending
COL0000056,LOAN000020,CUST00037,2025-05-23,Reminder,5625.05,Email,Escalated
COL0000057,LOAN000021,CUST00042,2026-11-27,Reminder,0.0,SMS,Pending
COL0000058,LOAN000021,CUST00042,2029-08-03,Legal,576.75,SMS,Recovered
COL0000059,LOAN000021,CUST00042,2029-05-20,Reminder,0.0,Legal Notice,Written Off
COL0000060,LOAN000021,CUST00042,2029-09-17,Reminder,0.0,Call,Escalated
COL0000061,LOAN000024,CUST00053,2026-12-15,Soft Collection,0.0,SMS,Pending
COL0000062,LOAN000024,CUST00053,2027-12-25,Legal,2858.42,Legal Notice,Pending
COL0000063,LOAN000025,CUST00055,2025-08-20,Reminder,0.0,Email,Pending
COL0000064,LOAN000025,CUST00055,2026-09-29,Reminder,0.0,Call,Escalated
COL0000065,LOAN000025,CUST00055,2027-02-11,Soft Collection,472.2,Call,Pending
COL0000066,LOAN000026,CUST00057,2027-05-12,Reminder,722.27,SMS,Escalated
COL0000067,LOAN000026,CUST00057,2027-11-08,Soft Collection,0.0,Legal Notice,Recovered
COL0000068,LOAN000026,CUST00057,2028-06-05,Soft Collection,1781.02,SMS,Recovered
COL0000069,LOAN000026,CUST00057,2028-07-20,Reminder,0.0,Call,Escalated
COL0000070,LOAN000027,CUST00071,2025-08-09,Reminder,0.0,Call,Recovered
COL0000071,LOAN000027,CUST00071,2025-12-22,Legal,911.93,Email,Escalated
COL0000072,LOAN000027,CUST00071,2027-03-17,Soft Collection,911.93,Call,Escalated
COL0000073,LOAN000027,CUST00071,2028-09-07,Reminder,262.47,Legal Notice,Written Off
COL0000074,LOAN000027,CUST00071,2029-01-20,Reminder,0.0,Email,Written Off
COL0000075,LOAN000028,CUST00080,2024-05-25,Reminder,862.29,Legal Notice,Written Off
COL0000076,LOAN000028,CUST00080,2024-11-26,Reminder,0.0,SMS,Recovered
COL0000077,LOAN000028,CUST00080,2025-03-31,Reminder,0.0,Call,Pending
COL0000078,LOAN000028,CUST00080,2025-04-25,Reminder,0.0,Legal Notice,Recovered
COL0000079,LOAN000028,CUST00080,2025-09-17,Reminder,862.29,SMS,Written Off
COL0000080,LOAN000028,CUST00080,2025-12-16,Soft Collection,862.29,Email,Recovered
COL0000081,LOAN000029,CUST00087,2025-11-11,Soft Collection,1129.1,Email,Pending
COL0000082,LOAN000030,CUST00089,2027-05-09,Legal,1720.37,Email,Recovered
COL0000083,LOAN000031,CUST00091,2024-11-14,Reminder,0.0,Legal Notice,Pending
COL0000084,LOAN000031,CUST00091,2025-06-02,Reminder,0.0,Call,Escalated
COL0000085,LOAN000031,CUST00091,2026-07-27,Reminder,0.0,SMS,Written Off
COL0000086,LOAN000032,CUST00091,2025-10-23,Reminder,0.0,Call,Escalated
COL0000087,LOAN000032,CUST00091,2026-04-01,Reminder,211.66,Call,Pending
COL0000088,LOAN000032,CUST00091,2026-08-29,Reminder,0.0,Email,Recovered
COL0000089,LOAN000032,CUST00091,2029-06-09,Reminder,0.0,Email,Recovered
COL0000090,LOAN000033,CUST00093,2027-05-29,Legal,2511.86,Call,Escalated
COL0000091,LOAN000033,CUST00093,2027-03-05,Reminder,0.0,Call,Escalated
COL0000092,LOAN000033,CUST00093,2027-08-02,Reminder,0.0,Email,Escalated
COL0000093,LOAN000033,CUST00093,2028-03-04,Reminder,0.0,Email,Written Off
COL0000094,LOAN000033,CUST00093,2029-01-18,Soft Collection,2511.86,Legal Notice,Escalated
COL0000095,LOAN000033,CUST00093,2029-06-17,Reminder,0.0,Legal Notice,Pending
COL0000096,LOAN000033,CUST00093,2030-06-12,Hard Collection,2511.86,Email,Recovered
COL0000097,LOAN000033,CUST00093,2031-01-08,Legal,2511.86,SMS,Recovered
COL0000098,LOAN000034,CUST00098,2026-07-10,Reminder,0.0,Call,Pending
COL0000099,LOAN000034,CUST00098,2026-09-18,Reminder,0.0,Call,Recovered
COL0000100,LOAN000034,CUST00098,2027-01-01,Soft Collection,0.0,Email,Recovered
COL0000101,LOAN000035,CUST00098,2026-01-20,Reminder,0.0,Call,Recovered
COL0000102,LOAN000035,CUST00098,2026-04-30,Reminder,3696.15,Call,Recovered
COL0000103,LOAN000035,CUST00098,2026-09-27,Reminder,3239.64,Legal Notice,Recovered
COL0000104,LOAN000036,CUST00111,2026-01-08,Soft Collection,2508.04,Email,Escalated
COL0000105,LOAN000036,CUST00111,2027-01-13,Reminder,0.0,SMS,Escalated
COL0000106,LOAN000038,CUST00116,2026-06-06,Reminder,0.0,Email,Recovered
COL0000107,LOAN000039,CUST00119,2027-06-28,Reminder,0.0,Email,Pending
COL0000108,LOAN000039,CUST00119,2027-07-13,Reminder,0.0,Call,Pending
COL0000109,LOAN000039,CUST00119,2028-02-23,Reminder,0.0,Email,Recovered
COL0000110,LOAN000039,CUST00119,2029-04-18,Reminder,563.44,SMS,Pending
COL0000111,LOAN000039,CUST00119,2029-09-15,Legal,1856.34,SMS,Pending
COL0000112,LOAN000039,CUST00119,2029-10-30,Reminder,0.0,Call,Recovered
COL0000113,LOAN000039,CUST00119,2030-05-13,Legal,1856.34,Legal Notice,Recovered
COL0000114,LOAN000040,CUST00128,2025-12-04,Soft Collection,0.0,Legal Notice,Pending
COL0000115,LOAN000040,CUST00128,2026-03-19,Reminder,190.6,Legal Notice,Written Off
COL0000116,LOAN000040,CUST00128,2027-01-13,Soft Collection,83.01,Email,Pending
COL0000117,LOAN000040,CUST00128,2027-01-18,Reminder,0.0,SMS,Pending
COL0000118,LOAN000040,CUST00128,2027-04-28,Reminder,0.0,SMS,Written Off
COL0000119,LOAN000040,CUST00128,2028-03-08,Reminder,58.32,Legal Notice,Recovered
COL0000120,LOAN000041,CUST00128,2027-09-06,Hard Collection,3843.5,SMS,Written Off
COL0000121,LOAN000041,CUST00128,2028-01-04,Write-Off,3843.5,SMS,Recovered
COL0000122,LOAN000041,CUST00128,2028-03-19,Soft Collection,0.0,Legal Notice,Escalated
COL0000123,LOAN000042,CUST00130,2027-05-19,Reminder,0.0,Legal Notice,Written Off
COL0000124,LOAN000042,CUST00130,2028-09-25,Hard Collection,2596.04,Email,Pending
COL0000125,LOAN000043,CUST00131,2028-05-30,Reminder,820.01,Legal Notice,Escalated
COL0000126,LOAN000044,CUST00131,2025-04-04,Reminder,0.0,Email,Pending
COL0000127,LOAN000044,CUST00131,2026-01-24,Reminder,0.0,SMS,Pending
COL0000128,LOAN000044,CUST00131,2026-05-19,Reminder,0.0,SMS,Written Off
COL0000129,LOAN000044,CUST00131,2027-01-24,Reminder,1199.08,Call,Pending
COL0000130,LOAN000044,CUST00131,2027-06-08,Hard Collection,1854.04,Email,Pending
COL0000131,LOAN000045,CUST00136,2025-06-26,Reminder,0.0,Email,Pending
COL0000132,LOAN000045,CUST00136,2025-08-25,Soft Collection,0.0,Call,Recovered
COL0000133,LOAN000046,CUST00138,2027-02-05,Reminder,0.0,Legal Notice,Escalated
COL0000134,LOAN000047,CUST00142,2028-05-06,Reminder,0.0,Legal Notice,Escalated
COL0000135,LOAN000047,CUST00142,2028-08-24,Reminder,775.38,Email,Escalated
COL0000136,LOAN000048,CUST00145,2025-11-17,Write-Off,241.66,SMS,Written Off
COL0000137,LOAN000048,CUST00145,2026-01-21,Reminder,0.0,Legal Notice,Escalated
COL0000138,LOAN000048,CUST00145,2028-02-05,Write-Off,241.66,Email,Written Off
COL0000139,LOAN000048,CUST00145,2028-03-21,Reminder,0.0,Legal Notice,Pending
COL0000140,LOAN000049,CUST00149,2027-05-14,Hard Collection,4594.66,Legal Notice,Written Off
COL0000141,LOAN000050,CUST00150,2027-08-14,Reminder,0.0,Call,Recovered
COL0000142,LOAN000051,CUST00150,2026-07-05,Reminder,239.2,Legal Notice,Recovered
COL0000143,LOAN000051,CUST00150,2026-09-03,Soft Collection,239.2,Email,Recovered
COL0000144,LOAN000051,CUST00150,2026-09-08,Reminder,0.0,Call,Written Off
COL0000145,LOAN000051,CUST00150,2027-05-31,Hard Collection,239.2,Email,Written Off
COL0000146,LOAN000051,CUST00150,2027-05-01,Soft Collection,0.0,Email,Recovered
COL0000147,LOAN000051,CUST00150,2027-10-13,Reminder,0.0,SMS,Escalated
COL0000148,LOAN000051,CUST00150,2027-12-12,Reminder,0.0,SMS,Written Off
COL0000149,LOAN000051,CUST00150,2029-05-20,Legal,239.2,Call,Pending
COL0000150,LOAN000051,CUST00150,2029-08-18,Reminder,0.0,Legal Notice,Pending
COL0000151,LOAN000051,CUST00150,2030-02-14,Soft Collection,239.2,Legal Notice,Escalated
COL0000152,LOAN000051,CUST00150,2030-02-14,Reminder,0.0,SMS,Escalated
COL0000153,LOAN000051,CUST00150,2030-02-24,Reminder,0.0,SMS,Recovered
COL0000154,LOAN000052,CUST00151,2028-02-23,Reminder,1641.91,Call,Written Off
COL0000155,LOAN000052,CUST00151,2029-08-21,Reminder,0.0,SMS,Pending
COL0000156,LOAN000054,CUST00160,2025-10-15,Legal,314.97,Legal Notice,Written Off
COL0000157,LOAN000054,CUST00160,2025-09-30,Soft Collection,0.0,SMS,Recovered
COL0000158,LOAN000054,CUST00160,2025-12-14,Soft Collection,314.97,Call,Recovered
COL0000159,LOAN000054,CUST00160,2026-02-12,Reminder,114.61,SMS,Recovered
COL0000160,LOAN000054,CUST00160,2026-03-29,Soft Collection,0.0,Legal Notice,Escalated
COL0000161,LOAN000054,CUST00160,2026-05-23,Reminder,0.0,SMS,Escalated
COL0000162,LOAN000054,CUST00160,2027-01-13,Reminder,0.0,Call,Written Off
COL0000163,LOAN000054,CUST00160,2027-10-20,Reminder,0.0,SMS,Written Off
COL0000164,LOAN000054,CUST00160,2027-12-14,Reminder,0.0,Email,Recovered
COL0000165,LOAN000054,CUST00160,2028-01-13,Reminder,0.0,Email,Written Off
COL0000166,LOAN000054,CUST00160,2028-04-02,Soft Collection,0.0,Legal Notice,Pending
COL0000167,LOAN000055,CUST00168,2025-02-18,Reminder,0.0,Call,Pending
COL0000168,LOAN000056,CUST00172,2027-03-05,Soft Collection,2813.17,SMS,Pending
COL0000169,LOAN000056,CUST00172,2027-05-19,Soft Collection,0.0,SMS,Written Off
COL0000170,LOAN000056,CUST00172,2027-07-03,Soft Collection,0.0,SMS,Recovered
COL0000171,LOAN000056,CUST00172,2028-06-12,Reminder,0.0,Email,Escalated
COL0000172,LOAN000056,CUST00172,2028-11-09,Reminder,0.0,Email,Recovered
COL0000173,LOAN000057,CUST00173,2026-09-15,Reminder,2591.57,Legal Notice,Pending
COL0000174,LOAN000057,CUST00173,2027-04-13,Reminder,0.0,Legal Notice,Escalated
COL0000175,LOAN000058,CUST00175,2026-12-12,Soft Collection,0.0,SMS,Escalated
COL0000176,LOAN000058,CUST00175,2027-03-12,Reminder,2077.27,Legal Notice,Escalated
COL0000177,LOAN000058,CUST00175,2027-11-22,Reminder,0.0,Call,Escalated
COL0000178,LOAN000059,CUST00178,2024-06-13,Reminder,0.0,Email,Pending
COL0000179,LOAN000060,CUST00179,2027-04-06,Reminder,2015.1,Email,Recovered
COL0000180,LOAN000060,CUST00179,2028-06-14,Reminder,5347.42,Email,Written Off
COL0000181,LOAN000061,CUST00180,2027-02-03,Soft Collection,0.0,Call,Written Off
COL0000182,LOAN000061,CUST00180,2027-06-18,Soft Collection,0.0,SMS,Written Off
COL0000183,LOAN000061,CUST00180,2028-03-09,Reminder,0.0,Email,Escalated
COL0000184,LOAN000061,CUST00180,2029-04-03,Reminder,0.0,Call,Escalated
COL0000185,LOAN000062,CUST00185,2024-09-18,Soft Collection,4771.67,Email,Escalated
COL0000186,LOAN000064,CUST00190,2024-12-01,Reminder,0.0,Legal Notice,Recovered
COL0000187,LOAN000064,CUST00190,2025-06-19,Reminder,1795.97,Call,Written Off
COL0000188,LOAN000064,CUST00190,2025-08-18,Reminder,3513.35,Legal Notice,Written Off
COL0000189,LOAN000064,CUST00190,2026-01-15,Soft Collection,2352.25,Email,Pending
COL0000190,LOAN000064,CUST00190,2026-02-14,Reminder,3513.35,Call,Escalated
COL0000191,LOAN000065,CUST00193,2026-01-01,Soft Collection,5917.91,Legal Notice,Written Off
COL0000192,LOAN000066,CUST00202,2026-06-09,Reminder,751.89,Email,Escalated
COL0000193,LOAN000066,CUST00202,2027-07-19,Soft Collection,0.0,SMS,Written Off
COL0000194,LOAN000066,CUST00202,2027-07-14,Reminder,0.0,SMS,Recovered
COL0000195,LOAN000067,CUST00204,2024-10-21,Reminder,0.0,Legal Notice,Escalated
COL0000196,LOAN000067,CUST00204,2026-11-30,Reminder,0.0,Call,Escalated
COL0000197,LOAN000067,CUST00204,2028-02-18,Write-Off,1811.04,Call,Recovered
COL0000198,LOAN000068,CUST00215,2026-05-07,Write-Off,251.58,Call,Pending
COL0000199,LOAN000068,CUST00215,2027-08-30,Soft Collection,180.5,Call,Written Off
COL0000200,LOAN000069,CUST00216,2025-08-08,Reminder,0.0,Email,Escalated
COL0000201,LOAN000070,CUST00218,2024-08-07,Soft Collection,1499.48,SMS,Pending
COL0000202,LOAN000070,CUST00218,2024-12-10,Reminder,0.0,SMS,Escalated
COL0000203,LOAN000071,CUST00222,2025-05-01,Soft Collection,6067.49,Call,Written Off
COL0000204,LOAN000073,CUST00231,2025-11-08,Reminder,0.0,Call,Recovered
COL0000205,LOAN000073,CUST00231,2026-03-23,Hard Collection,6199.02,Call,Escalated
COL0000206,LOAN000074,CUST00237,2026-01-26,Soft Collection,957.02,Email,Written Off
COL0000207,LOAN000075,CUST00240,2026-09-07,Reminder,685.72,Email,Written Off
COL0000208,LOAN000075,CUST00240,2026-11-21,Reminder,0.0,Legal Notice,Pending
COL0000209,LOAN000077,CUST00243,2026-02-06,Reminder,0.0,Email,Written Off
COL0000210,LOAN000077,CUST00243,2027-03-28,Soft Collection,868.55,Call,Recovered
COL0000211,LOAN000078,CUST00250,2026-09-10,Reminder,0.0,Call,Recovered
COL0000212,LOAN000078,CUST00250,2026-12-29,Reminder,0.0,SMS,Recovered
COL0000213,LOAN000078,CUST00250,2027-12-24,Reminder,316.77,Legal Notice,Pending
COL0000214,LOAN000078,CUST00250,2028-01-23,Soft Collection,0.0,Call,Pending
COL0000215,LOAN000078,CUST00250,2028-03-23,Reminder,316.77,Call,Recovered
COL0000216,LOAN000078,CUST00250,2028-04-22,Reminder,316.77,SMS,Written Off
COL0000217,LOAN000078,CUST00250,2028-09-19,Write-Off,316.77,SMS,Written Off
COL0000218,LOAN000078,CUST00250,2028-10-19,Soft Collection,316.77,SMS,Recovered
COL0000219,LOAN000078,CUST00250,2029-02-16,Soft Collection,316.77,Call,Pending
COL0000220,LOAN000078,CUST00250,2029-05-17,Legal,316.77,Email,Written Off
COL0000221,LOAN000078,CUST00250,2029-06-16,Hard Collection,316.77,Email,Pending
COL0000222,LOAN000078,CUST00250,2029-07-16,Hard Collection,316.77,Email,Escalated
COL0000223,LOAN000078,CUST00250,2029-07-21,Reminder,0.0,Email,Written Off
COL0000224,LOAN000078,CUST00250,2029-12-13,Hard Collection,316.77,SMS,Written Off
COL0000225,LOAN000078,CUST00250,2029-11-13,Reminder,316.77,Legal Notice,Pending
COL0000226,LOAN000078,CUST00250,2029-12-13,Soft Collection,90.04,SMS,Escalated
COL0000227,LOAN000078,CUST00250,2030-01-12,Soft Collection,0.0,Call,Escalated
COL0000228,LOAN000078,CUST00250,2030-03-13,Reminder,316.77,Call,Pending
COL0000229,LOAN000079,CUST00251,2024-11-18,Reminder,0.0,Legal Notice,Escalated
COL0000230,LOAN000080,CUST00255,2025-12-31,Reminder,0.0,Email,Pending
COL0000231,LOAN000080,CUST00255,2026-07-24,Reminder,0.0,Email,Written Off
COL0000232,LOAN000080,CUST00255,2028-04-19,Reminder,0.0,Legal Notice,Escalated
COL0000233,LOAN000081,CUST00259,2027-09-23,Hard Collection,1500.46,Legal Notice,Recovered
COL0000234,LOAN000081,CUST00259,2028-03-21,Soft Collection,582.64,Email,Escalated
COL0000235,LOAN000081,CUST00259,2028-06-29,Reminder,0.0,Call,Escalated
COL0000236,LOAN000081,CUST00259,2028-09-02,Reminder,0.0,Legal Notice,Recovered
COL0000237,LOAN000081,CUST00259,2029-12-11,Reminder,1500.46,Legal Notice,Pending
COL0000238,LOAN000083,CUST00261,2026-08-12,Reminder,0.0,Legal Notice,Written Off
COL0000239,LOAN000084,CUST00263,2024-10-23,Reminder,0.0,Call,Pending
COL0000240,LOAN000085,CUST00266,2025-10-27,Write-Off,630.51,Email,Written Off
COL0000241,LOAN000086,CUST00269,2025-02-16,Reminder,0.0,Email,Escalated
COL0000242,LOAN000086,CUST00269,2026-06-06,Soft Collection,1409.47,Legal Notice,Written Off
COL0000243,LOAN000086,CUST00269,2026-10-04,Reminder,1409.47,Email,Escalated
COL0000244,LOAN000086,CUST00269,2027-12-03,Reminder,0.0,SMS,Written Off
COL0000245,LOAN000087,CUST00276,2026-10-12,Legal,975.24,Email,Written Off
COL0000246,LOAN000087,CUST00276,2026-12-11,Hard Collection,975.24,Call,Escalated
COL0000247,LOAN000087,CUST00276,2026-12-16,Reminder,0.0,Legal Notice,Recovered
COL0000248,LOAN000088,CUST00284,2025-11-21,Reminder,2246.64,Email,Written Off
COL0000249,LOAN000088,CUST00284,2025-11-21,Soft Collection,1203.28,Call,Recovered
COL0000250,LOAN000088,CUST00284,2027-10-12,Reminder,1154.53,Call,Escalated
COL0000251,LOAN000088,CUST00284,2028-04-24,Reminder,1014.58,SMS,Pending
COL0000252,LOAN000089,CUST00285,2024-12-16,Reminder,0.0,Email,Escalated
COL0000253,LOAN000090,CUST00290,2025-10-31,Reminder,0.0,SMS,Recovered
COL0000254,LOAN000090,CUST00290,2026-07-23,Soft Collection,1425.8,SMS,Escalated
COL0000255,LOAN000090,CUST00290,2027-01-19,Soft Collection,1425.8,Legal Notice,Escalated
COL0000256,LOAN000091,CUST00292,2026-12-18,Soft Collection,7195.87,Legal Notice,Written Off
COL0000257,LOAN000091,CUST00292,2027-04-17,Reminder,7195.87,Legal Notice,Escalated
COL0000258,LOAN000092,CUST00301,2026-07-09,Reminder,0.0,Email,Escalated
COL0000259,LOAN000092,CUST00301,2026-09-22,Legal,1892.24,SMS,Escalated
COL0000260,LOAN000092,CUST00301,2027-03-26,Reminder,0.0,SMS,Escalated
COL0000261,LOAN000092,CUST00301,2027-12-16,Write-Off,1892.24,Call,Recovered
COL0000262,LOAN000092,CUST00301,2027-11-21,Reminder,0.0,Legal Notice,Pending
COL0000263,LOAN000092,CUST00301,2029-10-06,Hard Collection,1892.24,Legal Notice,Pending
COL0000264,LOAN000093,CUST00305,2025-11-26,Reminder,990.3,Call,Recovered
COL0000265,LOAN000094,CUST00312,2026-02-10,Reminder,2598.18,SMS,Pending
COL0000266,LOAN000094,CUST00312,2026-11-22,Soft Collection,0.0,Email,Escalated
COL0000267,LOAN000094,CUST00312,2027-02-05,Soft Collection,1662.04,Legal Notice,Recovered
COL0000268,LOAN000096,CUST00319,2027-03-15,Reminder,0.0,Legal Notice,Pending
COL0000269,LOAN000096,CUST00319,2027-04-09,Reminder,0.0,Call,Recovered
COL0000270,LOAN000096,CUST00319,2027-08-07,Reminder,0.0,Email,Recovered
COL0000271,LOAN000097,CUST00319,2025-06-13,Soft Collection,0.0,SMS,Escalated
COL0000272,LOAN000098,CUST00327,2025-05-09,Reminder,456.34,Call,Written Off
COL0000273,LOAN000098,CUST00327,2025-10-06,Legal,456.34,Email,Pending
COL0000274,LOAN000098,CUST00327,2025-10-06,Reminder,456.34,SMS,Escalated
COL0000275,LOAN000098,CUST00327,2025-12-05,Soft Collection,190.72,Call,Recovered
COL0000276,LOAN000098,CUST00327,2026-03-20,Soft Collection,0.0,Email,Recovered
COL0000277,LOAN000098,CUST00327,2026-11-05,Reminder,0.0,Email,Pending
COL0000278,LOAN000099,CUST00330,2025-10-31,Reminder,0.0,SMS,Pending
COL0000279,LOAN000099,CUST00330,2026-10-21,Soft Collection,4034.0,Call,Escalated
COL0000280,LOAN000100,CUST00331,2024-12-09,Legal,14632.69,SMS,Recovered
COL0000281,LOAN000101,CUST00333,2025-06-16,Reminder,0.0,Legal Notice,Recovered
COL0000282,LOAN000101,CUST00333,2025-10-19,Reminder,0.0,Email,Escalated
COL0000283,LOAN000102,CUST00342,2025-01-27,Hard Collection,11875.48,Call,Pending
COL0000284,LOAN000105,CUST00355,2027-04-02,Soft Collection,0.0,SMS,Recovered
COL0000285,LOAN000105,CUST00355,2027-07-16,Soft Collection,605.49,Call,Recovered
COL0000286,LOAN000106,CUST00358,2025-05-22,Hard Collection,2833.4,SMS,Recovered
COL0000287,LOAN000106,CUST00358,2025-11-18,Soft Collection,2086.1,Email,Escalated
COL0000288,LOAN000106,CUST00358,2026-02-16,Write-Off,2833.4,Email,Written Off
COL0000289,LOAN000106,CUST00358,2027-02-11,Legal,2833.4,Email,Pending
COL0000290,LOAN000106,CUST00358,2027-02-11,Soft Collection,2833.4,Email,Escalated
COL0000291,LOAN000107,CUST00363,2026-12-06,Reminder,542.32,Call,Escalated
COL0000292,LOAN000107,CUST00363,2027-03-06,Legal,542.32,Legal Notice,Recovered
COL0000293,LOAN000107,CUST00363,2026-12-16,Reminder,0.0,Call,Written Off
COL0000294,LOAN000107,CUST00363,2027-08-03,Reminder,542.32,Legal Notice,Written Off
COL0000295,LOAN000107,CUST00363,2027-10-02,Soft Collection,267.34,Legal Notice,Written Off
COL0000296,LOAN000108,CUST00365,2027-12-21,Reminder,0.0,Email,Written Off
COL0000297,LOAN000108,CUST00365,2029-01-04,Legal,1296.66,Call,Escalated
COL0000298,LOAN000110,CUST00371,2026-09-27,Reminder,981.99,Legal Notice,Escalated
COL0000299,LOAN000110,CUST00371,2026-11-26,Reminder,0.0,Call,Recovered
COL0000300,LOAN000110,CUST00371,2027-05-25,Reminder,707.49,Legal Notice,Recovered
COL0000301,LOAN000110,CUST00371,2028-02-04,Reminder,1547.86,Legal Notice,Pending
COL0000302,LOAN000111,CUST00372,2026-02-26,Soft Collection,0.0,Email,Escalated
COL0000303,LOAN000111,CUST00372,2027-02-16,Reminder,0.0,Email,Written Off
COL0000304,LOAN000111,CUST00372,2028-07-15,Reminder,740.04,Call,Recovered
COL0000305,LOAN000112,CUST00373,2027-10-29,Reminder,587.68,Email,Recovered
COL0000306,LOAN000112,CUST00373,2029-03-22,Legal,1154.25,Legal Notice,Written Off
COL0000307,LOAN000113,CUST00378,2025-04-06,Reminder,506.04,SMS,Written Off
COL0000308,LOAN000113,CUST00378,2025-09-18,Soft Collection,1952.95,Email,Pending
COL0000309,LOAN000113,CUST00378,2026-06-15,Hard Collection,1952.95,Legal Notice,Pending
COL0000310,LOAN000115,CUST00391,2024-12-06,Hard Collection,468.11,SMS,Written Off
COL0000311,LOAN000115,CUST00391,2025-07-04,Reminder,0.0,Call,Recovered
COL0000312,LOAN000116,CUST00393,2025-09-17,Soft Collection,0.0,Email,Pending
COL0000313,LOAN000116,CUST00393,2025-12-16,Hard Collection,6038.0,Legal Notice,Escalated
COL0000314,LOAN000117,CUST00396,2026-03-22,Reminder,0.0,SMS,Escalated
COL0000315,LOAN000118,CUST00403,2027-04-03,Write-Off,1632.6,Call,Written Off
COL0000316,LOAN000118,CUST00403,2027-06-02,Reminder,804.27,Call,Escalated
COL0000317,LOAN000118,CUST00403,2027-06-17,Reminder,0.0,SMS,Escalated
COL0000318,LOAN000118,CUST00403,2029-12-18,Hard Collection,1632.6,Legal Notice,Recovered
COL0000319,LOAN000120,CUST00414,2026-06-13,Soft Collection,0.0,SMS,Pending
COL0000320,LOAN000120,CUST00414,2028-05-18,Reminder,0.0,Call,Escalated
COL0000321,LOAN000120,CUST00414,2028-07-02,Reminder,0.0,Email,Recovered
COL0000322,LOAN000121,CUST00415,2026-10-20,Soft Collection,0.0,Call,Written Off
COL0000323,LOAN000121,CUST00415,2027-01-18,Reminder,2749.27,Email,Escalated
COL0000324,LOAN000122,CUST00421,2025-09-23,Reminder,149.25,Email,Pending
COL0000325,LOAN000122,CUST00421,2026-08-04,Soft Collection,496.23,Legal Notice,Pending
COL0000326,LOAN000123,CUST00424,2026-06-10,Reminder,0.0,Call,Recovered
COL0000327,LOAN000124,CUST00425,2025-05-19,Reminder,0.0,Call,Recovered
COL0000328,LOAN000124,CUST00425,2026-08-27,Legal,1771.55,Call,Written Off
COL0000329,LOAN000124,CUST00425,2027-01-24,Hard Collection,1771.55,Call,Written Off
COL0000330,LOAN000124,CUST00425,2027-09-21,Reminder,0.0,SMS,Pending
COL0000331,LOAN000124,CUST00425,2028-02-03,Reminder,1304.05,Legal Notice,Escalated
COL0000332,LOAN000124,CUST00425,2028-06-17,Write-Off,1771.55,Legal Notice,Recovered
COL0000333,LOAN000124,CUST00425,2028-07-02,Soft Collection,0.0,SMS,Escalated
COL0000334,LOAN000125,CUST00429,2025-10-04,Reminder,0.0,SMS,Recovered
COL0000335,LOAN000125,CUST00429,2025-11-23,Reminder,2927.03,Email,Escalated
COL0000336,LOAN000125,CUST00429,2026-09-19,Write-Off,2927.03,SMS,Recovered
COL0000337,LOAN000126,CUST00432,2025-05-31,Reminder,3233.32,SMS,Recovered
COL0000338,LOAN000126,CUST00432,2025-08-29,Reminder,3233.32,Email,Pending
COL0000339,LOAN000126,CUST00432,2025-08-29,Reminder,1838.63,Email,Pending
COL0000340,LOAN000127,CUST00432,2024-10-06,Hard Collection,2839.57,Legal Notice,Escalated
COL0000341,LOAN000127,CUST00432,2025-12-15,Soft Collection,0.0,Call,Escalated
COL0000342,LOAN000128,CUST00439,2025-10-05,Soft Collection,7730.36,SMS,Recovered
COL0000343,LOAN000128,CUST00439,2026-01-18,Reminder,0.0,Legal Notice,Recovered
COL0000344,LOAN000129,CUST00446,2024-10-09,Reminder,0.0,Call,Escalated
COL0000345,LOAN000129,CUST00446,2024-11-28,Reminder,0.0,Legal Notice,Escalated
COL0000346,LOAN000129,CUST00446,2025-06-21,Reminder,0.0,SMS,Pending
COL0000347,LOAN000129,CUST00446,2026-04-17,Reminder,0.0,Legal Notice,Escalated
COL0000348,LOAN000129,CUST00446,2026-07-31,Reminder,1223.34,SMS,Written Off
COL0000349,LOAN000130,CUST00455,2026-04-22,Soft Collection,0.0,Call,Pending
COL0000350,LOAN000130,CUST00455,2027-11-13,Write-Off,1949.0,Email,Written Off
COL0000351,LOAN000130,CUST00455,2029-07-20,Soft Collection,0.0,Call,Escalated
COL0000352,LOAN000130,CUST00455,2029-09-08,Reminder,0.0,SMS,Recovered
COL0000353,LOAN000131,CUST00457,2025-03-29,Soft Collection,4686.11,SMS,Pending
COL0000354,LOAN000132,CUST00459,2024-10-28,Soft Collection,0.0,Email,Pending
COL0000355,LOAN000132,CUST00459,2025-03-27,Reminder,0.0,Call,Escalated
COL0000356,LOAN000133,CUST00459,2025-02-09,Soft Collection,0.0,Legal Notice,Escalated
COL0000357,LOAN000133,CUST00459,2026-05-20,Reminder,271.45,Legal Notice,Written Off
COL0000358,LOAN000133,CUST00459,2027-07-29,Reminder,0.0,Call,Written Off
COL0000359,LOAN000133,CUST00459,2028-04-09,Reminder,499.57,Legal Notice,Recovered
COL0000360,LOAN000134,CUST00466,2026-02-08,Write-Off,8863.43,SMS,Escalated
COL0000361,LOAN000135,CUST00468,2026-06-25,Reminder,0.0,Call,Escalated
COL0000362,LOAN000135,CUST00468,2026-11-17,Reminder,0.0,Call,Written Off
COL0000363,LOAN000135,CUST00468,2027-01-16,Soft Collection,138.95,Email,Recovered
COL0000364,LOAN000136,CUST00469,2027-03-25,Soft Collection,1285.37,Email,Pending
COL0000365,LOAN000137,CUST00473,2025-04-09,Hard Collection,10762.47,Email,Pending
COL0000366,LOAN000137,CUST00473,2025-07-08,Write-Off,10762.47,Legal Notice,Written Off
COL0000367,LOAN000140,CUST00482,2026-05-23,Reminder,0.0,SMS,Pending
COL0000368,LOAN000140,CUST00482,2027-04-08,Legal,1128.56,SMS,Escalated
COL0000369,LOAN000140,CUST00482,2027-12-04,Soft Collection,731.57,Email,Written Off
COL0000370,LOAN000140,CUST00482,2028-05-02,Soft Collection,1128.56,Legal Notice,Escalated
COL0000371,LOAN000140,CUST00482,2028-04-17,Reminder,0.0,Call,Pending
COL0000372,LOAN000140,CUST00482,2029-01-02,Reminder,0.0,Legal Notice,Recovered
COL0000373,LOAN000141,CUST00483,2026-08-20,Reminder,0.0,SMS,Written Off
COL0000374,LOAN000141,CUST00483,2027-02-01,Soft Collection,3451.27,Legal Notice,Escalated
COL0000375,LOAN000141,CUST00483,2027-07-16,Reminder,0.0,SMS,Escalated
COL0000376,LOAN000142,CUST00483,2026-03-02,Reminder,5759.22,Email,Written Off
COL0000377,LOAN000143,CUST00484,2025-02-25,Soft Collection,6891.04,Legal Notice,Written Off
COL0000378,LOAN000144,CUST00486,2025-07-19,Reminder,0.0,SMS,Pending
COL0000379,LOAN000144,CUST00486,2026-10-02,Soft Collection,3831.41,SMS,Written Off
COL0000380,LOAN000144,CUST00486,2026-12-31,Soft Collection,3831.41,SMS,Escalated
COL0000381,LOAN000145,CUST00489,2025-07-17,Reminder,0.0,Email,Recovered
COL0000382,LOAN000145,CUST00489,2026-09-05,Reminder,0.0,Call,Recovered
COL0000383,LOAN000145,CUST00489,2026-11-04,Reminder,0.0,Legal Notice,Recovered
COL0000384,LOAN000145,CUST00489,2027-05-03,Reminder,0.0,Call,Escalated
COL0000385,LOAN000146,CUST00490,2026-10-09,Soft Collection,1512.15,SMS,Pending
COL0000386,LOAN000146,CUST00490,2027-03-08,Soft Collection,0.0,SMS,Written Off
COL0000387,LOAN000146,CUST00490,2027-04-07,Soft Collection,0.0,Email,Written Off
COL0000388,LOAN000146,CUST00490,2027-10-04,Soft Collection,1512.15,SMS,Recovered
COL0000389,LOAN000147,CUST00496,2025-11-14,Soft Collection,0.0,SMS,Pending
COL0000390,LOAN000147,CUST00496,2026-05-28,Soft Collection,1563.91,Email,Recovered
COL0000391,LOAN000147,CUST00496,2026-09-25,Hard Collection,3523.83,SMS,Pending
COL0000392,LOAN000147,CUST00496,2026-10-25,Soft Collection,3523.83,SMS,Pending
COL0000393,LOAN000147,CUST00496,2026-10-10,Reminder,0.0,Legal Notice,Escalated
COL0000394,LOAN000147,CUST00496,2027-02-22,Hard Collection,3523.83,Call,Escalated
COL0000395,LOAN000147,CUST00496,2027-01-23,Reminder,3523.83,Email,Recovered
COL0000396,LOAN000147,CUST00496,2027-04-23,Hard Collection,3523.83,SMS,Pending
COL0000397,LOAN000147,CUST00496,2027-02-02,Reminder,0.0,SMS,Pending
COL0000398,LOAN000147,CUST00496,2027-07-22,Reminder,3523.83,Legal Notice,Escalated
COL0000399,LOAN000149,CUST00502,2025-10-20,Reminder,0.0,Call,Recovered
COL0000400,LOAN000150,CUST00503,2025-04-25,Soft Collection,166.1,SMS,Pending
COL0000401,LOAN000150,CUST00503,2025-07-09,Reminder,0.0,SMS,Pending
COL0000402,LOAN000150,CUST00503,2025-09-07,Reminder,0.0,Email,Escalated
COL0000403,LOAN000151,CUST00509,2027-08-08,Soft Collection,2348.18,Legal Notice,Pending
COL0000404,LOAN000152,CUST00509,2024-11-07,Hard Collection,20347.19,Legal Notice,Recovered
COL0000405,LOAN000153,CUST00515,2025-06-26,Soft Collection,4230.62,Call,Escalated
COL0000406,LOAN000153,CUST00515,2026-02-01,Reminder,0.0,SMS,Recovered
COL0000407,LOAN000153,CUST00515,2026-04-02,Reminder,0.0,Call,Pending
COL0000408,LOAN000153,CUST00515,2026-07-26,Reminder,0.0,Email,Pending
COL0000409,LOAN000153,CUST00515,2026-11-03,Reminder,0.0,SMS,Written Off
COL0000410,LOAN000154,CUST00519,2026-03-15,Legal,341.52,SMS,Written Off
COL0000411,LOAN000154,CUST00519,2026-03-30,Reminder,0.0,Email,Escalated
COL0000412,LOAN000154,CUST00519,2027-03-25,Reminder,0.0,Call,Pending
COL0000413,LOAN000154,CUST00519,2027-04-09,Reminder,0.0,Call,Escalated
COL0000414,LOAN000154,CUST00519,2027-09-06,Reminder,185.09,Legal Notice,Recovered
COL0000415,LOAN000154,CUST00519,2027-10-06,Reminder,341.52,Call,Written Off
COL0000416,LOAN000155,CUST00519,2026-03-06,Reminder,0.0,Email,Pending
COL0000417,LOAN000155,CUST00519,2028-03-30,Reminder,0.0,Email,Escalated
COL0000418,LOAN000155,CUST00519,2029-01-14,Write-Off,162.95,Legal Notice,Recovered
COL0000419,LOAN000155,CUST00519,2029-09-21,Reminder,0.0,Legal Notice,Pending
COL0000420,LOAN000156,CUST00522,2026-06-12,Reminder,4488.3,Legal Notice,Recovered
COL0000421,LOAN000156,CUST00522,2026-07-12,Reminder,0.0,Email,Pending
COL0000422,LOAN000158,CUST00533,2027-10-17,Reminder,721.37,Call,Escalated
COL0000423,LOAN000158,CUST00533,2027-11-01,Reminder,0.0,Legal Notice,Escalated
COL0000424,LOAN000158,CUST00533,2028-05-14,Soft Collection,0.0,Legal Notice,Escalated
COL0000425,LOAN000158,CUST00533,2028-10-11,Hard Collection,1009.62,Legal Notice,Recovered
COL0000426,LOAN000158,CUST00533,2028-09-26,Reminder,0.0,SMS,Written Off
COL0000427,LOAN000158,CUST00533,2029-07-08,Soft Collection,1009.62,SMS,Written Off
COL0000428,LOAN000158,CUST00533,2029-08-22,Reminder,0.0,SMS,Escalated
COL0000429,LOAN000158,CUST00533,2030-06-18,Reminder,0.0,Call,Recovered
COL0000430,LOAN000159,CUST00539,2026-06-08,Reminder,0.0,Call,Pending
COL0000431,LOAN000159,CUST00539,2026-10-01,Reminder,0.0,SMS,Written Off
COL0000432,LOAN000159,CUST00539,2026-12-10,Reminder,0.0,SMS,Written Off
COL0000433,LOAN000159,CUST00539,2027-11-10,Soft Collection,0.0,Legal Notice,Written Off
COL0000434,LOAN000161,CUST00545,2027-07-15,Reminder,5186.73,Email,Pending
COL0000435,LOAN000161,CUST00545,2027-10-28,Reminder,2068.26,Legal Notice,Written Off
COL0000436,LOAN000162,CUST00554,2026-04-22,Legal,6200.46,Email,Written Off
COL0000437,LOAN000162,CUST00554,2026-08-20,Legal,6200.46,Email,Recovered
COL0000438,LOAN000162,CUST00554,2026-08-05,Reminder,1893.33,Legal Notice,Written Off
COL0000439,LOAN000162,CUST00554,2027-02-21,Reminder,0.0,Call,Written Off
COL0000440,LOAN000163,CUST00555,2024-11-28,Soft Collection,0.0,Legal Notice,Pending
COL0000441,LOAN000163,CUST00555,2025-02-11,Reminder,1201.21,Legal Notice,Pending
COL0000442,LOAN000166,CUST00568,2026-04-08,Hard Collection,5547.01,Email,Recovered
COL0000443,LOAN000167,CUST00572,2025-07-20,Soft Collection,0.0,Call,Escalated
COL0000444,LOAN000167,CUST00572,2026-05-16,Soft Collection,426.0,Call,Escalated
COL0000445,LOAN000167,CUST00572,2028-11-06,Reminder,0.0,Call,Escalated
COL0000446,LOAN000168,CUST00575,2025-02-13,Reminder,0.0,SMS,Recovered
COL0000447,LOAN000168,CUST00575,2025-11-25,Reminder,1831.74,Email,Recovered
COL0000448,LOAN000168,CUST00575,2026-02-23,Reminder,0.0,Legal Notice,Escalated
COL0000449,LOAN000169,CUST00580,2025-01-11,Reminder,0.0,Call,Escalated
COL0000450,LOAN000169,CUST00580,2025-02-10,Reminder,0.0,Email,Pending
COL0000451,LOAN000170,CUST00583,2024-12-09,Reminder,230.93,Email,Written Off
COL0000452,LOAN000171,CUST00583,2025-01-09,Reminder,9519.16,Email,Written Off
COL0000453,LOAN000172,CUST00587,2026-07-12,Reminder,0.0,Call,Written Off
COL0000454,LOAN000172,CUST00587,2026-12-14,Reminder,0.0,Legal Notice,Escalated
COL0000455,LOAN000172,CUST00587,2027-07-02,Legal,4001.86,Email,Escalated
COL0000456,LOAN000172,CUST00587,2028-03-28,Write-Off,4001.86,Email,Pending
COL0000457,LOAN000172,CUST00587,2028-03-28,Legal,4001.86,Email,Pending
COL0000458,LOAN000172,CUST00587,2028-06-26,Legal,4001.86,Call,Written Off
COL0000459,LOAN000172,CUST00587,2028-06-26,Soft Collection,2241.07,Call,Recovered
COL0000460,LOAN000173,CUST00588,2027-06-09,Soft Collection,1193.31,SMS,Pending
COL0000461,LOAN000173,CUST00588,2027-07-09,Soft Collection,736.64,SMS,Recovered
COL0000462,LOAN000174,CUST00592,2026-01-31,Reminder,4503.06,Email,Recovered
COL0000463,LOAN000174,CUST00592,2026-11-27,Legal,4503.06,SMS,Recovered
COL0000464,LOAN000174,CUST00592,2027-05-26,Soft Collection,0.0,Legal Notice,Written Off
COL0000465,LOAN000175,CUST00595,2026-09-19,Reminder,0.0,Call,Pending
COL0000466,LOAN000175,CUST00595,2027-02-21,Reminder,0.0,Legal Notice,Pending
COL0000467,LOAN000177,CUST00605,2025-02-02,Soft Collection,948.82,SMS,Recovered
COL0000468,LOAN000177,CUST00605,2025-01-08,Reminder,0.0,Email,Escalated
COL0000469,LOAN000177,CUST00605,2025-04-03,Soft Collection,2124.48,Legal Notice,Written Off
COL0000470,LOAN000177,CUST00605,2026-06-27,Soft Collection,2124.48,SMS,Recovered
COL0000471,LOAN000177,CUST00605,2028-07-16,Reminder,0.0,Legal Notice,Written Off
COL0000472,LOAN000178,CUST00607,2024-11-16,Reminder,2663.55,Legal Notice,Recovered
COL0000473,LOAN000178,CUST00607,2025-03-31,Soft Collection,0.0,Call,Escalated
COL0000474,LOAN000178,CUST00607,2025-04-15,Reminder,0.0,SMS,Written Off
COL0000475,LOAN000178,CUST00607,2025-06-14,Reminder,1880.06,Call,Pending
COL0000476,LOAN000178,CUST00607,2025-08-28,Soft Collection,4098.02,Email,Written Off
COL0000477,LOAN000178,CUST00607,2026-01-25,Reminder,1885.51,Email,Escalated
COL0000478,LOAN000178,CUST00607,2026-01-25,Soft Collection,4098.02,SMS,Escalated
COL0000479,LOAN000178,CUST00607,2026-02-09,Reminder,2363.92,Legal Notice,Written Off
COL0000480,LOAN000179,CUST00612,2027-10-21,Soft Collection,474.55,Legal Notice,Written Off
COL0000481,LOAN000179,CUST00612,2028-01-04,Reminder,0.0,SMS,Written Off
COL0000482,LOAN000179,CUST00612,2028-11-14,Reminder,1573.02,Legal Notice,Written Off
COL0000483,LOAN000179,CUST00612,2029-05-18,Reminder,0.0,Call,Escalated
COL0000484,LOAN000180,CUST00613,2024-12-30,Reminder,2825.71,Legal Notice,Pending
COL0000485,LOAN000180,CUST00613,2025-06-13,Legal,4272.41,Legal Notice,Recovered
COL0000486,LOAN000181,CUST00617,2026-05-04,Soft Collection,0.0,Call,Escalated
COL0000487,LOAN000181,CUST00617,2026-09-16,Reminder,684.26,Call,Written Off
COL0000488,LOAN000181,CUST00617,2027-02-13,Soft Collection,0.0,Legal Notice,Escalated
COL0000489,LOAN000182,CUST00622,2026-05-09,Reminder,0.0,SMS,Written Off
COL0000490,LOAN000183,CUST00627,2026-08-16,Reminder,0.0,SMS,Pending
COL0000491,LOAN000183,CUST00627,2026-08-31,Reminder,3846.21,SMS,Written Off
COL0000492,LOAN000183,CUST00627,2026-10-30,Soft Collection,1688.93,Legal Notice,Recovered
COL0000493,LOAN000183,CUST00627,2027-01-13,Soft Collection,0.0,Call,Escalated
COL0000494,LOAN000183,CUST00627,2027-12-29,Reminder,0.0,Call,Recovered
COL0000495,LOAN000184,CUST00628,2025-05-11,Reminder,0.0,SMS,Pending
COL0000496,LOAN000186,CUST00655,2024-09-24,Soft Collection,0.0,SMS,Pending
COL0000497,LOAN000186,CUST00655,2025-03-08,Soft Collection,0.0,Email,Written Off
COL0000498,LOAN000187,CUST00660,2025-03-21,Soft Collection,1154.97,Email,Pending
COL0000499,LOAN000187,CUST00660,2026-01-15,Reminder,2383.66,Legal Notice,Escalated
COL0000500,LOAN000187,CUST00660,2027-04-25,Soft Collection,0.0,Email,Escalated
COL0000501,LOAN000187,CUST00660,2027-08-08,Reminder,0.0,Legal Notice,Pending
COL0000502,LOAN000188,CUST00661,2026-10-01,Soft Collection,694.98,SMS,Pending
COL0000503,LOAN000188,CUST00661,2028-06-22,Hard Collection,1476.24,Call,Pending
COL0000504,LOAN000188,CUST00661,2028-10-20,Soft Collection,1476.24,Call,Written Off
COL0000505,LOAN000190,CUST00664,2026-08-24,Soft Collection,4526.49,Email,Recovered
COL0000506,LOAN000190,CUST00664,2026-10-08,Soft Collection,0.0,Email,Escalated
COL0000507,LOAN000190,CUST00664,2027-02-20,Soft Collection,4526.49,Legal Notice,Escalated
COL0000508,LOAN000190,CUST00664,2027-03-22,Soft Collection,4526.49,Legal Notice,Pending
COL0000509,LOAN000190,CUST00664,2027-05-21,Reminder,4526.49,Legal Notice,Recovered
COL0000510,LOAN000190,CUST00664,2027-09-18,Hard Collection,4526.49,Legal Notice,Pending
COL0000511,LOAN000192,CUST00673,2028-05-03,Reminder,0.0,Legal Notice,Escalated
COL0000512,LOAN000192,CUST00673,2028-08-26,Reminder,0.0,Email,Escalated
COL0000513,LOAN000192,CUST00673,2029-04-13,Reminder,0.0,Legal Notice,Written Off
COL0000514,LOAN000194,CUST00681,2026-08-28,Soft Collection,0.0,SMS,Escalated
COL0000515,LOAN000195,CUST00681,2026-08-31,Soft Collection,5781.91,Call,Pending
COL0000516,LOAN000195,CUST00681,2027-03-09,Reminder,0.0,Legal Notice,Escalated
COL0000517,LOAN000196,CUST00686,2027-01-27,Reminder,0.0,SMS,Pending
COL0000518,LOAN000196,CUST00686,2027-02-26,Reminder,0.0,Email,Escalated
COL0000519,LOAN000197,CUST00689,2026-07-25,Write-Off,5293.43,Legal Notice,Pending
COL0000520,LOAN000197,CUST00689,2027-10-03,Soft Collection,0.0,Call,Escalated
COL0000521,LOAN000198,CUST00694,2025-07-10,Reminder,0.0,Call,Pending
COL0000522,LOAN000198,CUST00694,2027-04-21,Soft Collection,0.0,Call,Pending
COL0000523,LOAN000199,CUST00696,2025-04-20,Soft Collection,0.0,Legal Notice,Pending
COL0000524,LOAN000199,CUST00696,2025-10-02,Reminder,0.0,Call,Written Off
COL0000525,LOAN000199,CUST00696,2027-02-09,Soft Collection,485.56,Email,Recovered
COL0000526,LOAN000199,CUST00696,2027-06-09,Reminder,1362.28,Email,Escalated
COL0000527,LOAN000201,CUST00701,2026-04-17,Reminder,0.0,Call,Escalated
COL0000528,LOAN000201,CUST00701,2027-06-11,Reminder,59.05,Email,Pending
COL0000529,LOAN000202,CUST00702,2024-06-02,Soft Collection,611.56,Email,Pending
COL0000530,LOAN000202,CUST00702,2024-11-09,Reminder,0.0,Email,Escalated
COL0000531,LOAN000202,CUST00702,2026-01-23,Legal,2311.94,Legal Notice,Escalated
COL0000532,LOAN000202,CUST00702,2026-05-28,Reminder,0.0,Email,Recovered
COL0000533,LOAN000203,CUST00703,2028-02-21,Legal,925.43,Legal Notice,Pending
COL0000534,LOAN000203,CUST00703,2030-07-10,Reminder,925.43,SMS,Recovered
COL0000535,LOAN000204,CUST00704,2026-08-10,Soft Collection,1226.35,Call,Written Off
COL0000536,LOAN000204,CUST00704,2027-02-06,Hard Collection,1226.35,Legal Notice,Escalated
COL0000537,LOAN000204,CUST00704,2026-12-23,Reminder,599.3,Call,Pending
COL0000538,LOAN000204,CUST00704,2027-11-03,Soft Collection,0.0,Legal Notice,Pending
COL0000539,LOAN000204,CUST00704,2027-12-03,Soft Collection,1226.35,Legal Notice,Recovered
COL0000540,LOAN000204,CUST00704,2028-05-01,Write-Off,1226.35,SMS,Recovered
COL0000541,LOAN000204,CUST00704,2028-09-28,Legal,1226.35,Email,Written Off
COL0000542,LOAN000204,CUST00704,2028-12-27,Legal,1226.35,Legal Notice,Escalated
COL0000543,LOAN000204,CUST00704,2028-10-13,Reminder,441.17,Legal Notice,Pending
COL0000544,LOAN000204,CUST00704,2029-10-23,Hard Collection,1226.35,Call,Pending
COL0000545,LOAN000205,CUST00708,2027-05-23,Reminder,0.0,Email,Escalated
COL0000546,LOAN000205,CUST00708,2027-12-04,Hard Collection,1344.39,Email,Escalated
COL0000547,LOAN000206,CUST00710,2024-11-13,Reminder,554.72,Call,Recovered
COL0000548,LOAN000208,CUST00726,2026-06-21,Soft Collection,5975.95,Legal Notice,Recovered
COL0000549,LOAN000211,CUST00730,2027-09-12,Reminder,414.13,Legal Notice,Escalated
COL0000550,LOAN000211,CUST00730,2028-02-09,Soft Collection,252.11,SMS,Escalated
COL0000551,LOAN000211,CUST00730,2028-08-07,Legal,414.13,Email,Escalated
COL0000552,LOAN000211,CUST00730,2028-07-08,Reminder,302.15,Legal Notice,Recovered
COL0000553,LOAN000211,CUST00730,2028-11-15,Reminder,0.0,Call,Written Off
COL0000554,LOAN000211,CUST00730,2029-05-04,Legal,414.13,Email,Escalated
COL0000555,LOAN000211,CUST00730,2029-09-01,Write-Off,414.13,Email,Pending
COL0000556,LOAN000211,CUST00730,2029-07-08,Reminder,0.0,Email,Escalated
COL0000557,LOAN000212,CUST00734,2027-03-15,Soft Collection,882.23,Legal Notice,Recovered
COL0000558,LOAN000212,CUST00734,2027-10-11,Reminder,0.0,Call,Recovered
COL0000559,LOAN000213,CUST00743,2024-05-15,Reminder,0.0,SMS,Written Off
COL0000560,LOAN000213,CUST00743,2024-11-06,Legal,579.5,SMS,Written Off
COL0000561,LOAN000213,CUST00743,2024-08-18,Reminder,0.0,Email,Recovered
COL0000562,LOAN000213,CUST00743,2025-06-04,Reminder,200.97,Legal Notice,Written Off
COL0000563,LOAN000213,CUST00743,2025-09-02,Reminder,579.5,Legal Notice,Recovered
COL0000564,LOAN000213,CUST00743,2025-12-31,Soft Collection,340.42,SMS,Recovered
COL0000565,LOAN000214,CUST00746,2025-11-01,Reminder,0.0,Call,Escalated
COL0000566,LOAN000214,CUST00746,2026-12-01,Reminder,0.0,Call,Written Off
COL0000567,LOAN000216,CUST00748,2027-05-30,Reminder,0.0,Email,Recovered
COL0000568,LOAN000216,CUST00748,2027-08-23,Reminder,0.0,Email,Recovered
COL0000569,LOAN000217,CUST00752,2025-07-15,Legal,2335.06,SMS,Recovered
COL0000570,LOAN000217,CUST00752,2026-01-11,Soft Collection,1251.47,SMS,Recovered
COL0000571,LOAN000217,CUST00752,2026-01-16,Reminder,0.0,Call,Recovered
COL0000572,LOAN000217,CUST00752,2026-04-11,Reminder,2335.06,Call,Pending
COL0000573,LOAN000217,CUST00752,2026-04-21,Reminder,0.0,Call,Written Off
COL0000574,LOAN000217,CUST00752,2026-05-21,Reminder,0.0,Legal Notice,Recovered
COL0000575,LOAN000217,CUST00752,2026-08-09,Reminder,2335.06,Call,Written Off
COL0000576,LOAN000217,CUST00752,2026-08-09,Soft Collection,2335.06,Email,Pending
COL0000577,LOAN000217,CUST00752,2026-10-18,Reminder,0.0,Legal Notice,Escalated
COL0000578,LOAN000217,CUST00752,2027-01-06,Reminder,2335.06,Call,Recovered
COL0000579,LOAN000217,CUST00752,2027-04-06,Legal,2335.06,SMS,Recovered
COL0000580,LOAN000217,CUST00752,2027-03-07,Soft Collection,2335.06,Legal Notice,Escalated
COL0000581,LOAN000217,CUST00752,2027-04-06,Soft Collection,2335.06,Legal Notice,Pending
COL0000582,LOAN000217,CUST00752,2027-04-06,Soft Collection,744.04,SMS,Recovered
COL0000583,LOAN000217,CUST00752,2027-05-06,Soft Collection,2335.06,Email,Recovered
COL0000584,LOAN000217,CUST00752,2027-10-03,Legal,2335.06,SMS,Written Off
COL0000585,LOAN000218,CUST00752,2025-12-02,Reminder,0.0,Legal Notice,Escalated
COL0000586,LOAN000219,CUST00753,2024-10-09,Reminder,0.0,Email,Recovered
COL0000587,LOAN000219,CUST00753,2026-10-24,Write-Off,4292.9,Email,Written Off
COL0000588,LOAN000220,CUST00753,2025-01-20,Reminder,0.0,Legal Notice,Recovered
COL0000589,LOAN000220,CUST00753,2026-11-01,Hard Collection,237.62,Call,Escalated
COL0000590,LOAN000220,CUST00753,2026-11-06,Reminder,0.0,Call,Recovered
COL0000591,LOAN000220,CUST00753,2027-11-11,Reminder,0.0,Legal Notice,Pending
COL0000592,LOAN000220,CUST00753,2028-01-25,Soft Collection,237.62,Legal Notice,Recovered
COL0000593,LOAN000220,CUST00753,2028-05-04,Reminder,0.0,Email,Recovered
COL0000594,LOAN000221,CUST00764,2028-02-22,Soft Collection,324.36,Legal Notice,Escalated
COL0000595,LOAN000221,CUST00764,2028-03-23,Soft Collection,637.85,Call,Pending
COL0000596,LOAN000222,CUST00766,2026-07-22,Reminder,0.0,Call,Written Off
COL0000597,LOAN000222,CUST00766,2026-09-10,Reminder,0.0,Call,Recovered
COL0000598,LOAN000222,CUST00766,2027-03-04,Reminder,2425.1,Email,Recovered
COL0000599,LOAN000222,CUST00766,2027-06-17,Reminder,0.0,Email,Written Off
COL0000600,LOAN000223,CUST00781,2024-12-28,Soft Collection,1660.83,Legal Notice,Recovered
COL0000601,LOAN000223,CUST00781,2025-01-27,Soft Collection,1237.43,Call,Escalated
COL0000602,LOAN000223,CUST00781,2025-09-04,Reminder,0.0,Email,Recovered
COL0000603,LOAN000223,CUST00781,2025-10-29,Reminder,0.0,SMS,Recovered
COL0000604,LOAN000223,CUST00781,2026-03-23,Reminder,0.0,Legal Notice,Escalated
COL0000605,LOAN000223,CUST00781,2027-01-22,Reminder,0.0,SMS,Written Off
COL0000606,LOAN000223,CUST00781,2027-08-15,Soft Collection,1245.24,Legal Notice,Written Off
COL0000607,LOAN000224,CUST00782,2027-01-24,Reminder,549.8,Legal Notice,Escalated
COL0000608,LOAN000224,CUST00782,2028-01-29,Reminder,0.0,Call,Escalated
COL0000609,LOAN000225,CUST00785,2026-12-02,Soft Collection,709.6,Email,Escalated
COL0000610,LOAN000225,CUST00785,2026-12-07,Reminder,0.0,Email,Written Off
COL0000611,LOAN000226,CUST00785,2027-04-02,Reminder,0.0,Legal Notice,Escalated
COL0000612,LOAN000226,CUST00785,2027-10-29,Soft Collection,0.0,SMS,Recovered
COL0000613,LOAN000226,CUST00785,2027-11-28,Reminder,360.79,Legal Notice,Recovered
COL0000614,LOAN000226,CUST00785,2028-02-26,Reminder,0.0,Legal Notice,Written Off
COL0000615,LOAN000226,CUST00785,2028-04-11,Reminder,1299.14,Email,Recovered
COL0000616,LOAN000226,CUST00785,2028-06-10,Reminder,654.63,Legal Notice,Written Off
COL0000617,LOAN000226,CUST00785,2028-07-25,Reminder,0.0,Call,Escalated
COL0000618,LOAN000226,CUST00785,2028-11-22,Reminder,0.0,Email,Recovered
COL0000619,LOAN000227,CUST00788,2026-08-28,Reminder,0.0,Legal Notice,Written Off
COL0000620,LOAN000227,CUST00788,2027-01-20,Legal,1742.38,Email,Written Off
COL0000621,LOAN000227,CUST00788,2026-12-01,Reminder,0.0,Email,Pending
COL0000622,LOAN000227,CUST00788,2027-03-21,Reminder,1079.15,SMS,Written Off
COL0000623,LOAN000229,CUST00788,2025-09-23,Soft Collection,0.0,Call,Pending
COL0000624,LOAN000230,CUST00792,2027-04-20,Soft Collection,1379.97,Call,Escalated
COL0000625,LOAN000230,CUST00792,2027-12-16,Legal,1379.97,Call,Escalated
COL0000626,LOAN000230,CUST00792,2027-12-01,Soft Collection,0.0,SMS,Recovered
COL0000627,LOAN000230,CUST00792,2028-09-11,Reminder,1379.97,Email,Escalated
COL0000628,LOAN000231,CUST00796,2024-08-10,Reminder,84.11,Legal Notice,Pending
COL0000629,LOAN000231,CUST00796,2025-03-08,Soft Collection,169.49,SMS,Written Off
COL0000630,LOAN000232,CUST00797,2027-01-12,Reminder,0.0,Email,Escalated
COL0000631,LOAN000232,CUST00797,2027-07-21,Reminder,0.0,Email,Recovered
COL0000632,LOAN000232,CUST00797,2028-01-17,Soft Collection,0.0,Call,Written Off
COL0000633,LOAN000232,CUST00797,2028-01-12,Reminder,0.0,Legal Notice,Pending
COL0000634,LOAN000232,CUST00797,2028-05-31,Reminder,2745.75,Email,Escalated
COL0000635,LOAN000235,CUST00822,2026-11-06,Reminder,0.0,Legal Notice,Escalated
COL0000636,LOAN000236,CUST00824,2025-06-14,Soft Collection,418.64,Call,Recovered
COL0000637,LOAN000236,CUST00824,2025-08-23,Reminder,0.0,Email,Recovered
COL0000638,LOAN000236,CUST00824,2025-12-11,Reminder,115.88,SMS,Written Off
COL0000639,LOAN000236,CUST00824,2025-12-16,Reminder,0.0,Call,Escalated
COL0000640,LOAN000236,CUST00824,2027-01-05,Hard Collection,418.64,Email,Pending
COL0000641,LOAN000236,CUST00824,2027-07-04,Soft Collection,235.38,Email,Recovered
COL0000642,LOAN000239,CUST00829,2026-12-18,Write-Off,1713.16,Legal Notice,Pending
COL0000643,LOAN000239,CUST00829,2028-05-11,Soft Collection,1713.16,SMS,Escalated
COL0000644,LOAN000240,CUST00831,2026-11-05,Reminder,0.0,Legal Notice,Recovered
COL0000645,LOAN000240,CUST00831,2027-08-17,Reminder,1801.94,Email,Pending
COL0000646,LOAN000242,CUST00836,2026-12-30,Reminder,0.0,Legal Notice,Escalated
COL0000647,LOAN000242,CUST00836,2027-01-29,Reminder,0.0,Call,Written Off
COL0000648,LOAN000242,CUST00836,2027-08-02,Reminder,0.0,Email,Recovered
COL0000649,LOAN000243,CUST00837,2027-11-10,Reminder,2042.16,Email,Written Off
COL0000650,LOAN000244,CUST00838,2025-01-06,Soft Collection,0.0,SMS,Recovered
COL0000651,LOAN000244,CUST00838,2025-12-17,Reminder,1247.13,Call,Recovered
COL0000652,LOAN000244,CUST00838,2026-02-25,Reminder,0.0,Legal Notice,Recovered
COL0000653,LOAN000245,CUST00856,2025-07-16,Reminder,0.0,Email,Written Off
COL0000654,LOAN000245,CUST00856,2026-10-04,Reminder,0.0,Call,Recovered
COL0000655,LOAN000246,CUST00862,2025-09-29,Hard Collection,6004.38,Legal Notice,Escalated
COL0000656,LOAN000248,CUST00873,2024-08-04,Reminder,0.0,SMS,Pending
COL0000657,LOAN000248,CUST00873,2024-12-22,Hard Collection,286.77,Call,Escalated
COL0000658,LOAN000248,CUST00873,2025-03-07,Reminder,0.0,SMS,Escalated
COL0000659,LOAN000248,CUST00873,2026-03-02,Reminder,0.0,Call,Escalated
COL0000660,LOAN000248,CUST00873,2026-10-13,Reminder,0.0,Call,Escalated
COL0000661,LOAN000249,CUST00873,2026-09-04,Reminder,1520.9,Email,Escalated
COL0000662,LOAN000249,CUST00873,2026-09-09,Reminder,0.0,Call,Recovered
COL0000663,LOAN000249,CUST00873,2026-11-03,Soft Collection,1166.06,Legal Notice,Escalated
COL0000664,LOAN000249,CUST00873,2027-07-01,Write-Off,2482.02,SMS,Escalated
COL0000665,LOAN000249,CUST00873,2027-09-29,Legal,2482.02,SMS,Escalated
COL0000666,LOAN000250,CUST00879,2026-08-18,Reminder,2023.66,Email,Pending
COL0000667,LOAN000251,CUST00884,2025-10-21,Reminder,0.0,Legal Notice,Written Off
COL0000668,LOAN000251,CUST00884,2026-10-21,Reminder,0.0,Call,Pending
COL0000669,LOAN000252,CUST00904,2026-09-07,Reminder,0.0,Legal Notice,Pending
COL0000670,LOAN000254,CUST00910,2024-11-13,Soft Collection,73.82,Call,Escalated
COL0000671,LOAN000254,CUST00910,2026-01-07,Legal,231.33,Call,Pending
COL0000672,LOAN000254,CUST00910,2026-02-21,Reminder,0.0,SMS,Recovered
COL0000673,LOAN000255,CUST00918,2027-10-06,Soft Collection,400.72,Call,Pending
COL0000674,LOAN000255,CUST00918,2027-10-21,Reminder,340.72,Legal Notice,Escalated
COL0000675,LOAN000255,CUST00918,2027-12-10,Reminder,0.0,Legal Notice,Recovered
COL0000676,LOAN000255,CUST00918,2028-05-03,Soft Collection,288.25,SMS,Written Off
COL0000677,LOAN000255,CUST00918,2028-08-01,Hard Collection,1032.59,Email,Pending
COL0000678,LOAN000255,CUST00918,2028-08-01,Write-Off,1032.59,Legal Notice,Escalated
COL0000679,LOAN000255,CUST00918,2028-08-01,Soft Collection,1032.59,Call,Recovered
COL0000680,LOAN000256,CUST00922,2026-02-28,Reminder,1782.28,Call,Written Off
COL0000681,LOAN000256,CUST00922,2026-07-28,Reminder,0.0,Call,Recovered
COL0000682,LOAN000256,CUST00922,2027-02-23,Soft Collection,1094.82,SMS,Recovered
COL0000683,LOAN000256,CUST00922,2028-01-04,Reminder,0.0,Legal Notice,Written Off
COL0000684,LOAN000256,CUST00922,2029-03-29,Reminder,0.0,Call,Written Off
COL0000685,LOAN000256,CUST00922,2029-09-20,Reminder,0.0,SMS,Written Off
COL0000686,LOAN000258,CUST00932,2026-10-06,Reminder,1320.63,SMS,Escalated
COL0000687,LOAN000258,CUST00932,2028-02-28,Reminder,0.0,Legal Notice,Written Off
COL0000688,LOAN000258,CUST00932,2028-06-12,Legal,2484.09,Legal Notice,Pending
COL0000689,LOAN000259,CUST00936,2025-10-02,Reminder,0.0,SMS,Written Off
COL0000690,LOAN000259,CUST00936,2026-04-15,Hard Collection,715.04,Legal Notice,Escalated
COL0000691,LOAN000259,CUST00936,2026-08-13,Soft Collection,0.0,Legal Notice,Escalated
COL0000692,LOAN000260,CUST00939,2025-09-15,Reminder,0.0,Call,Escalated
COL0000693,LOAN000261,CUST00940,2026-08-13,Legal,2519.45,Email,Written Off
COL0000694,LOAN000261,CUST00940,2026-09-17,Reminder,0.0,Email,Written Off
COL0000695,LOAN000263,CUST00945,2026-10-11,Legal,4801.96,SMS,Recovered
COL0000696,LOAN000265,CUST00948,2026-11-19,Reminder,1209.62,SMS,Pending
COL0000697,LOAN000265,CUST00948,2028-01-08,Reminder,0.0,Email,Pending
COL0000698,LOAN000265,CUST00948,2028-05-27,Reminder,3815.24,Email,Escalated
COL0000699,LOAN000265,CUST00948,2028-06-26,Reminder,3815.24,Email,Recovered
COL0000700,LOAN000266,CUST00953,2025-03-11,Reminder,1262.23,Legal Notice,Escalated
COL0000701,LOAN000266,CUST00953,2025-10-07,Soft Collection,0.0,Legal Notice,Written Off
COL0000702,LOAN000267,CUST00958,2025-12-05,Reminder,0.0,Email,Recovered
COL0000703,LOAN000267,CUST00958,2026-09-01,Reminder,460.44,Call,Escalated
COL0000704,LOAN000267,CUST00958,2027-07-13,Hard Collection,1016.52,SMS,Pending
COL0000705,LOAN000267,CUST00958,2027-12-25,Reminder,385.06,SMS,Written Off
COL0000706,LOAN000267,CUST00958,2028-05-23,Reminder,308.59,Call,Pending
COL0000707,LOAN000267,CUST00958,2028-09-05,Soft Collection,1016.52,Email,Escalated
COL0000708,LOAN000269,CUST00967,2027-05-23,Soft Collection,671.43,Email,Escalated
COL0000709,LOAN000270,CUST00968,2024-10-09,Soft Collection,489.49,SMS,Pending
COL0000710,LOAN000270,CUST00968,2026-05-02,Reminder,0.0,Email,Pending
COL0000711,LOAN000270,CUST00968,2026-05-12,Reminder,0.0,Call,Escalated
COL0000712,LOAN000270,CUST00968,2026-07-01,Soft Collection,0.0,SMS,Pending
COL0000713,LOAN000270,CUST00968,2027-02-06,Reminder,0.0,Email,Escalated
COL0000714,LOAN000271,CUST00969,2025-08-05,Soft Collection,0.0,Legal Notice,Escalated
COL0000715,LOAN000271,CUST00969,2027-04-27,Reminder,0.0,Legal Notice,Pending
COL0000716,LOAN000271,CUST00969,2027-09-29,Reminder,0.0,SMS,Written Off
COL0000717,LOAN000271,CUST00969,2027-11-08,Reminder,2212.13,Email,Recovered
COL0000718,LOAN000271,CUST00969,2028-01-07,Soft Collection,0.0,Legal Notice,Recovered
COL0000719,LOAN000272,CUST00973,2026-04-27,Reminder,0.0,SMS,Written Off
COL0000720,LOAN000273,CUST00974,2026-08-29,Reminder,0.0,Email,Written Off
COL0000721,LOAN000273,CUST00974,2027-05-11,Reminder,2761.87,Email,Pending
COL0000722,LOAN000273,CUST00974,2028-01-06,Legal,2761.87,Legal Notice,Recovered
COL0000723,LOAN000273,CUST00974,2028-01-21,Reminder,0.0,Legal Notice,Written Off
COL0000724,LOAN000273,CUST00974,2028-07-04,Reminder,1612.9,SMS,Escalated
COL0000725,LOAN000273,CUST00974,2029-06-29,Legal,2761.87,Email,Pending
COL0000726,LOAN000273,CUST00974,2029-11-26,Soft Collection,1432.12,Email,Recovered
COL0000727,LOAN000274,CUST00979,2024-06-04,Reminder,711.93,Email,Escalated
COL0000728,LOAN000274,CUST00979,2024-06-29,Reminder,0.0,Email,Written Off
COL0000729,LOAN000274,CUST00979,2025-09-27,Reminder,0.0,Call,Recovered
COL0000730,LOAN000274,CUST00979,2026-05-25,Reminder,700.21,Call,Recovered
COL0000731,LOAN000274,CUST00979,2027-01-05,Soft Collection,669.64,Email,Pending
COL0000732,LOAN000275,CUST00981,2027-02-06,Soft Collection,0.0,Email,Written Off
COL0000733,LOAN000275,CUST00981,2027-06-21,Reminder,777.74,Legal Notice,Escalated
COL0000734,LOAN000275,CUST00981,2027-11-03,Reminder,1402.19,Legal Notice,Written Off
COL0000735,LOAN000276,CUST00983,2026-12-26,Soft Collection,177.37,Legal Notice,Pending
COL0000736,LOAN000276,CUST00983,2027-03-11,Soft Collection,0.0,Call,Escalated
COL0000737,LOAN000276,CUST00983,2027-04-25,Reminder,0.0,SMS,Escalated
COL0000738,LOAN000276,CUST00983,2027-05-25,Reminder,0.0,Legal Notice,Pending
COL0000739,LOAN000276,CUST00983,2028-05-19,Soft Collection,0.0,Call,Escalated
COL0000740,LOAN000277,CUST00983,2025-07-07,Reminder,2828.82,SMS,Written Off
COL0000741,LOAN000277,CUST00983,2025-11-04,Soft Collection,0.0,Call,Recovered
COL0000742,LOAN000277,CUST00983,2026-03-04,Soft Collection,945.94,Email,Pending
COL0000743,LOAN000277,CUST00983,2026-11-14,Reminder,789.0,Email,Escalated
COL0000744,LOAN000277,CUST00983,2027-12-09,Reminder,1492.9,Email,Escalated
COL0000745,LOAN000278,CUST00989,2027-02-04,Reminder,0.0,Call,Recovered
COL0000746,LOAN000278,CUST00989,2028-02-24,Hard Collection,1307.24,Legal Notice,Pending
COL0000747,LOAN000279,CUST00989,2024-05-12,Soft Collection,6068.86,SMS,Written Off
COL0000748,LOAN000280,CUST00991,2025-10-24,Reminder,0.0,Legal Notice,Escalated
COL0000749,LOAN000281,CUST00992,2026-01-28,Reminder,0.0,Call,Written Off
COL0000750,LOAN000281,CUST00992,2026-03-19,Reminder,0.0,Legal Notice,Escalated
COL0000751,LOAN000281,CUST00992,2027-04-28,Reminder,0.0,Email,Escalated
COL0000752,LOAN000281,CUST00992,2027-06-17,Reminder,0.0,Legal Notice,Escalated
COL0000753,LOAN000282,CUST00993,2026-11-27,Soft Collection,611.02,Legal Notice,Pending
COL0000754,LOAN000282,CUST00993,2029-05-15,Soft Collection,611.02,Call,Recovered
COL0000755,LOAN000282,CUST00993,2030-06-09,Soft Collection,447.89,Email,Written Off
COL0000756,LOAN000282,CUST00993,2030-09-12,Reminder,0.0,Call,Pending
COL0000757,LOAN000283,CUST00993,2026-03-14,Soft Collection,0.0,SMS,Pending
COL0000758,LOAN000283,CUST00993,2026-06-27,Legal,2659.75,Email,Written Off
COL0000759,LOAN000283,CUST00993,2026-06-12,Reminder,0.0,Email,Recovered
COL0000760,LOAN000283,CUST00993,2028-02-02,Reminder,0.0,Call,Escalated
