review_id,customer_id,review_date,review_type,previous_kyc_status,new_kyc_status,reviewer_name,review_decision,review_comments
REV000001,CUST00001,2025-02-06,Enhanced Review,Expired,Rejected,KYC Analyst 1,Pending,
REV000002,CUST00002,2025-12-12,Periodic Review,Pending,Expired,KYC Analyst 1,Escalated,
REV000003,CUST00003,2026-07-12,Initial Review,Pending,Approved,KYC Analyst 1,Approved,
REV000004,CUST00004,2025-06-17,Periodic Review,Approved,Pending,KYC Analyst 1,Pending,
REV000005,CUST00005,2026-08-14,Enhanced Review,Pending,Approved,KYC Analyst 1,Approved,
REV000006,CUST00006,2024-08-15,Enhanced Review,Approved,Approved,Compliance Officer,Approved,
REV000007,CUST00007,2025-10-03,Enhanced Review,Expired,Approved,KYC Analyst 2,Approved,
REV000008,CUST00008,2025-04-20,Periodic Review,Pending,Approved,KYC Analyst 2,Approved,
REV000009,CUST00009,2025-08-12,Enhanced Review,Approved,Approved,KYC Analyst 1,Approved,
REV000010,CUST00010,2026-02-28,Periodic Review,Pending,Approved,KYC Analyst 2,Approved,
REV000011,CUST00011,2026-06-09,Periodic Review,Approved,Approved,KYC Analyst 2,Approved,
REV000012,CUST00012,2024-07-03,Initial Review,Approved,Approved,KYC Analyst 1,Approved,
REV000013,CUST00013,2025-08-15,Enhanced Review,Expired,Pending,KYC Analyst 2,Pending,
REV000014,CUST00014,2025-03-27,Periodic Review,Expired,Approved,KYC Analyst 2,Approved,
REV000015,CUST00015,2025-08-29,Enhanced Review,Approved,Approved,KYC Analyst 2,Approved,
REV000016,CUST00016,2024-08-07,Enhanced Review,Approved,Approved,KYC Analyst 2,Approved,
REV000017,CUST00017,2026-12-07,Initial Review,Pending,Approved,KYC Analyst 2,Approved,
REV000018,CUST00018,2026-11-09,Initial Review,Pending,Approved,KYC Analyst 2,Approved,
REV000019,CUST00019,2026-08-23,Enhanced Review,Pending,Approved,KYC Analyst 2,Approved,
REV000020,CUST00020,2024-04-17,Periodic Review,Pending,Approved,Compliance Officer,Approved,
REV000021,CUST00021,2024-04-30,Initial Review,Approved,Approved,Compliance Officer,Approved,
REV000022,CUST00022,2026-11-30,Enhanced Review,Pending,Rejected,Compliance Officer,Rejected,
REV000023,CUST00023,2024-03-24,Enhanced Review,Approved,Pending,Compliance Officer,Rejected,
REV000024,CUST00024,2026-10-19,Enhanced Review,Pending,Approved,Compliance Officer,Approved,
REV000025,CUST00025,2025-04-22,Initial Review,Expired,Approved,KYC Analyst 2,Approved,
REV000026,CUST00026,2026-02-07,Enhanced Review,Pending,Approved,KYC Analyst 2,Approved,
REV000027,CUST00027,2025-10-13,Initial Review,Pending,Approved,KYC Analyst 2,Approved,
REV000028,CUST00028,2024-06-07,Enhanced Review,Pending,Approved,KYC Analyst 2,Approved,
REV000029,CUST00029,2025-12-09,Initial Review,Approved,Pending,Compliance Officer,Rejected,
REV000030,CUST00030,2025-03-19,Enhanced Review,Pending,Approved,KYC Analyst 1,Approved,
REV000031,CUST00031,2024-12-03,Periodic Review,Pending,Pending,Compliance Officer,Rejected,
REV000032,CUST00032,2026-02-15,Periodic Review,Expired,Approved,Compliance Officer,Approved,
REV000033,CUST00033,2025-04-14,Periodic Review,Expired,Approved,Compliance Officer,Approved,
REV000034,CUST00034,2026-03-02,Initial Review,Approved,Approved,KYC Analyst 1,Approved,
REV000035,CUST00035,2024-03-09,Enhanced Review,Approved,Approved,Compliance Officer,Approved,
REV000036,CUST00036,2024-10-16,Periodic Review,Pending,Approved,KYC Analyst 2,Approved,
REV000037,CUST00037,2026-08-13,Enhanced Review,Expired,Pending,KYC Analyst 1,Pending,
REV000038,CUST00038,2025-01-29,Enhanced Review,Expired,Pending,KYC Analyst 2,Rejected,
REV000039,CUST00039,2025-12-27,Enhanced Review,Approved,Approved,Compliance Officer,Approved,
REV000040,CUST00040,2025-08-06,Initial Review,Expired,Approved,KYC Analyst 2,Approved,
REV000041,CUST00041,2026-11-20,Periodic Review,Pending,Approved,Compliance Officer,Approved,
REV000042,CUST00042,2026-12-23,Initial Review,Expired,Approved,Compliance Officer,Approved,
REV000043,CUST00043,2024-06-14,Enhanced Review,Approved,Pending,Compliance Officer,Rejected,
REV000044,CUST00044,2026-10-14,Periodic Review,Approved,Approved,KYC Analyst 1,Approved,
REV000045,CUST00045,2026-01-12,Periodic Review,Approved,Approved,Compliance Officer,Approved,
REV000046,CUST00046,2026-11-28,Enhanced Review,Pending,Approved,Compliance Officer,Approved,
REV000047,CUST00047,2026-05-25,Initial Review,Expired,Approved,KYC Analyst 2,Approved,
REV000048,CUST00048,2024-04-17,Initial Review,Pending,Approved,KYC Analyst 1,Approved,
REV000049,CUST00049,2026-04-26,Periodic Review,Pending,Approved,KYC Analyst 1,Approved,
REV000050,CUST00050,2025-01-13,Initial Review,Pending,Approved,KYC Analyst 2,Approved,
REV000051,CUST00051,2025-02-18,Periodic Review,Approved,Pending,KYC Analyst 2,Pending,
REV000052,CUST00052,2024-08-03,Initial Review,Approved,Approved,KYC Analyst 2,Approved,
REV000053,CUST00053,2026-07-01,Initial Review,Expired,Pending,KYC Analyst 2,Pending,
REV000054,CUST00054,2025-12-30,Periodic Review,Expired,Approved,KYC Analyst 2,Approved,
REV000055,CUST00055,2024-12-28,Initial Review,Expired,Approved,KYC Analyst 1,Approved,
REV000056,CUST00056,2024-09-22,Enhanced Review,Expired,Approved,Compliance Officer,Approved,
REV000057,CUST00057,2025-10-11,Initial Review,Approved,Approved,KYC Analyst 2,Approved,
REV000058,CUST00058,2024-07-28,Periodic Review,Pending,Expired,KYC Analyst 1,Rejected,
REV000059,CUST00059,2025-05-27,Initial Review,Approved,Approved,KYC Analyst 2,Approved,
REV000060,CUST00060,2025-04-21,Periodic Review,Pending,Pending,KYC Analyst 1,Escalated,
REV000061,CUST00061,2024-08-06,Periodic Review,Pending,Approved,KYC Analyst 1,Approved,
REV000062,CUST00062,2024-03-30,Enhanced Review,Approved,Approved,Compliance Officer,Approved,
REV000063,CUST00063,2025-04-03,Initial Review,Expired,Approved,KYC Analyst 1,Approved,
REV000064,CUST00064,2025-08-19,Periodic Review,Pending,Approved,KYC Analyst 1,Approved,
REV000065,CUST00065,2024-03-09,Initial Review,Pending,Approved,KYC Analyst 2,Approved,
REV000066,CUST00066,2024-04-02,Periodic Review,Approved,Expired,KYC Analyst 2,Escalated,
REV000067,CUST00067,2026-09-11,Periodic Review,Expired,Approved,KYC Analyst 1,Approved,
REV000068,CUST00068,2026-08-11,Initial Review,Pending,Approved,KYC Analyst 2,Approved,
REV000069,CUST00069,2025-10-20,Initial Review,Expired,Pending,Compliance Officer,Escalated,
REV000070,CUST00070,2026-04-25,Enhanced Review,Expired,Approved,KYC Analyst 1,Approved,
REV000071,CUST00071,2026-08-27,Initial Review,Expired,Approved,KYC Analyst 2,Approved,
REV000072,CUST00072,2026-08-26,Initial Review,Pending,Approved,KYC Analyst 2,Approved,
REV000073,CUST00073,2024-08-16,Enhanced Review,Expired,Pending,KYC Analyst 1,Escalated,
REV000074,CUST00074,2024-12-16,Periodic Review,Pending,Rejected,Compliance Officer,Pending,
REV000075,CUST00075,2026-09-23,Enhanced Review,Pending,Pending,KYC Analyst 1,Rejected,
REV000076,CUST00076,2025-03-08,Initial Review,Approved,Approved,KYC Analyst 2,Approved,
REV000077,CUST00077,2025-12-08,Enhanced Review,Expired,Approved,KYC Analyst 2,Approved,
REV000078,CUST00078,2026-03-24,Initial Review,Pending,Approved,KYC Analyst 2,Approved,
REV000079,CUST00079,2025-12-03,Initial Review,Expired,Approved,KYC Analyst 1,Approved,
REV000080,CUST00080,2024-01-10,Enhanced Review,Pending,Approved,KYC Analyst 1,Approved,
REV000081,CUST00081,2026-06-27,Enhanced Review,Approved,Pending,KYC Analyst 1,Pending,
REV000082,CUST00082,2026-09-30,Periodic Review,Expired,Rejected,KYC Analyst 1,Rejected,
REV000083,CUST00083,2024-06-27,Initial Review,Expired,Approved,KYC Analyst 1,Approved,
REV000084,CUST00084,2025-12-06,Enhanced Review,Approved,Approved,Compliance Officer,Approved,
REV000085,CUST00085,2024-05-19,Periodic Review,Pending,Approved,Compliance Officer,Approved,
REV000086,CUST00086,2025-07-08,Enhanced Review,Expired,Approved,Compliance Officer,Approved,
REV000087,CUST00087,2025-05-21,Initial Review,Expired,Approved,Compliance Officer,Approved,
REV000088,CUST00088,2024-08-23,Initial Review,Expired,Pending,Compliance Officer,Pending,
REV000089,CUST00089,2026-06-05,Enhanced Review,Pending,Approved,KYC Analyst 2,Approved,
REV000090,CUST00090,2025-09-11,Initial Review,Approved,Approved,KYC Analyst 1,Approved,
REV000091,CUST00091,2025-10-25,Enhanced Review,Approved,Pending,KYC Analyst 2,Rejected,
REV000092,CUST00092,2026-03-02,Initial Review,Expired,Approved,KYC Analyst 2,Approved,
REV000093,CUST00093,2026-03-22,Periodic Review,Pending,Approved,KYC Analyst 1,Approved,
REV000094,CUST00094,2024-01-23,Initial Review,Expired,Expired,Compliance Officer,Pending,
REV000095,CUST00095,2025-11-20,Initial Review,Expired,Approved,KYC Analyst 1,Approved,
REV000096,CUST00096,2025-11-15,Periodic Review,Expired,Approved,KYC Analyst 1,Approved,
REV000097,CUST00097,2026-10-18,Periodic Review,Pending,Approved,KYC Analyst 2,Approved,
REV000098,CUST00098,2025-05-21,Enhanced Review,Approved,Approved,KYC Analyst 1,Approved,
REV000099,CUST00099,2024-11-08,Enhanced Review,Expired,Approved,KYC Analyst 1,Approved,
REV000100,CUST00100,2024-11-27,Periodic Review,Pending,Approved,KYC Analyst 2,Approved,
REV000101,CUST00101,2025-05-15,Enhanced Review,Approved,Approved,KYC Analyst 2,Approved,
REV000102,CUST00102,2025-01-25,Initial Review,Pending,Approved,KYC Analyst 1,Approved,
REV000103,CUST00103,2025-10-09,Enhanced Review,Approved,Rejected,Compliance Officer,Pending,
REV000104,CUST00104,2025-06-27,Initial Review,Pending,Approved,Compliance Officer,Approved,
REV000105,CUST00105,2025-06-26,Initial Review,Expired,Rejected,KYC Analyst 2,Escalated,
REV000106,CUST00106,2025-07-19,Periodic Review,Expired,Approved,KYC Analyst 1,Approved,
REV000107,CUST00107,2024-03-31,Periodic Review,Pending,Approved,KYC Analyst 2,Approved,
REV000108,CUST00108,2025-11-21,Enhanced Review,Approved,Rejected,Compliance Officer,Pending,
REV000109,CUST00109,2026-08-17,Initial Review,Approved,Approved,KYC Analyst 1,Approved,
REV000110,CUST00110,2024-06-27,Initial Review,Expired,Approved,Compliance Officer,Approved,
REV000111,CUST00111,2024-11-28,Enhanced Review,Pending,Pending,KYC Analyst 1,Pending,
REV000112,CUST00112,2026-11-09,Initial Review,Expired,Approved,Compliance Officer,Approved,
REV000113,CUST00113,2024-11-23,Enhanced Review,Expired,Approved,KYC Analyst 1,Approved,
REV000114,CUST00114,2024-03-14,Periodic Review,Approved,Approved,KYC Analyst 1,Approved,
REV000115,CUST00115,2026-12-18,Periodic Review,Expired,Approved,KYC Analyst 2,Approved,
REV000116,CUST00116,2024-12-18,Enhanced Review,Pending,Expired,KYC Analyst 1,Rejected,
REV000117,CUST00117,2024-06-21,Enhanced Review,Approved,Approved,KYC Analyst 2,Approved,
REV000118,CUST00118,2024-09-07,Periodic Review,Approved,Pending,KYC Analyst 2,Pending,
REV000119,CUST00119,2026-07-21,Initial Review,Expired,Approved,KYC Analyst 1,Approved,
REV000120,CUST00120,2026-06-17,Periodic Review,Pending,Approved,KYC Analyst 1,Approved,
REV000121,CUST00121,2026-07-19,Initial Review,Approved,Approved,KYC Analyst 2,Approved,
REV000122,CUST00122,2026-09-19,Enhanced Review,Approved,Rejected,Compliance Officer,Escalated,
REV000123,CUST00123,2026-09-28,Initial Review,Pending,Approved,KYC Analyst 2,Approved,
REV000124,CUST00124,2026-05-09,Initial Review,Approved,Approved,Compliance Officer,Approved,
REV000125,CUST00125,2026-09-02,Initial Review,Approved,Approved,KYC Analyst 1,Approved,
REV000126,CUST00126,2024-10-05,Enhanced Review,Pending,Pending,KYC Analyst 1,Pending,
REV000127,CUST00127,2024-10-07,Periodic Review,Pending,Approved,Compliance Officer,Approved,
REV000128,CUST00128,2026-01-27,Enhanced Review,Expired,Approved,KYC Analyst 1,Approved,
REV000129,CUST00129,2026-03-22,Enhanced Review,Expired,Approved,KYC Analyst 1,Approved,
REV000130,CUST00130,2025-11-05,Initial Review,Approved,Approved,KYC Analyst 1,Approved,
REV000131,CUST00131,2024-10-30,Periodic Review,Expired,Approved,KYC Analyst 2,Approved,
REV000132,CUST00132,2026-01-28,Enhanced Review,Pending,Approved,KYC Analyst 2,Approved,
REV000133,CUST00133,2026-07-18,Periodic Review,Approved,Approved,Compliance Officer,Approved,
REV000134,CUST00134,2025-04-28,Periodic Review,Approved,Approved,KYC Analyst 1,Approved,
REV000135,CUST00135,2024-12-31,Initial Review,Pending,Approved,Compliance Officer,Approved,
REV000136,CUST00136,2025-01-28,Periodic Review,Pending,Approved,KYC Analyst 1,Approved,
REV000137,CUST00137,2025-02-06,Initial Review,Pending,Pending,Compliance Officer,Escalated,
REV000138,CUST00138,2025-03-06,Initial Review,Pending,Approved,KYC Analyst 1,Approved,
REV000139,CUST00139,2025-09-08,Periodic Review,Expired,Approved,KYC Analyst 2,Approved,
REV000140,CUST00140,2024-01-20,Enhanced Review,Pending,Approved,KYC Analyst 1,Approved,
REV000141,CUST00141,2025-07-13,Periodic Review,Pending,Approved,KYC Analyst 2,Approved,
REV000142,CUST00142,2025-08-14,Periodic Review,Approved,Approved,KYC Analyst 1,Approved,
REV000143,CUST00143,2024-12-12,Periodic Review,Expired,Approved,Compliance Officer,Approved,
REV000144,CUST00144,2024-09-30,Enhanced Review,Pending,Pending,KYC Analyst 2,Rejected,
REV000145,CUST00145,2026-09-18,Initial Review,Approved,Expired,KYC Analyst 1,Rejected,
REV000146,CUST00146,2025-06-21,Periodic Review,Approved,Pending,KYC Analyst 1,Pending,
REV000147,CUST00147,2024-02-13,Periodic Review,Expired,Approved,Compliance Officer,Approved,
REV000148,CUST00148,2025-06-23,Periodic Review,Pending,Approved,KYC Analyst 2,Approved,
REV000149,CUST00149,2026-02-24,Initial Review,Expired,Approved,Compliance Officer,Approved,
REV000150,CUST00150,2024-11-04,Periodic Review,Expired,Approved,KYC Analyst 2,Approved,
REV000151,CUST00151,2025-09-21,Enhanced Review,Approved,Approved,Compliance Officer,Approved,
REV000152,CUST00152,2024-11-29,Enhanced Review,Approved,Approved,KYC Analyst 2,Approved,
REV000153,CUST00153,2026-03-03,Periodic Review,Approved,Approved,Compliance Officer,Approved,
REV000154,CUST00154,2026-10-05,Periodic Review,Expired,Approved,Compliance Officer,Approved,
REV000155,CUST00155,2025-05-27,Initial Review,Pending,Approved,KYC Analyst 1,Approved,
REV000156,CUST00156,2024-01-07,Enhanced Review,Expired,Pending,KYC Analyst 2,Rejected,
REV000157,CUST00157,2024-04-18,Periodic Review,Pending,Approved,KYC Analyst 1,Approved,
REV000158,CUST00158,2025-11-18,Enhanced Review,Expired,Approved,KYC Analyst 1,Approved,
REV000159,CUST00159,2026-03-18,Enhanced Review,Pending,Approved,KYC Analyst 1,Approved,
REV000160,CUST00160,2026-10-31,Initial Review,Expired,Pending,KYC Analyst 2,Pending,
REV000161,CUST00161,2025-07-20,Periodic Review,Expired,Rejected,KYC Analyst 2,Pending,
REV000162,CUST00162,2025-10-21,Periodic Review,Expired,Approved,KYC Analyst 2,Approved,
REV000163,CUST00163,2025-11-14,Periodic Review,Expired,Approved,KYC Analyst 2,Approved,
REV000164,CUST00164,2024-01-24,Initial Review,Expired,Approved,KYC Analyst 1,Approved,
REV000165,CUST00165,2026-10-08,Periodic Review,Expired,Expired,KYC Analyst 1,Escalated,
REV000166,CUST00166,2025-10-02,Initial Review,Pending,Approved,Compliance Officer,Approved,
REV000167,CUST00167,2024-05-02,Enhanced Review,Approved,Approved,KYC Analyst 1,Approved,
REV000168,CUST00168,2024-10-15,Periodic Review,Expired,Approved,KYC Analyst 1,Approved,
REV000169,CUST00169,2025-08-22,Enhanced Review,Expired,Approved,KYC Analyst 2,Approved,
REV000170,CUST00170,2026-09-11,Enhanced Review,Expired,Approved,KYC Analyst 2,Approved,
REV000171,CUST00171,2025-09-03,Initial Review,Expired,Approved,KYC Analyst 2,Approved,
REV000172,CUST00172,2025-09-02,Initial Review,Approved,Approved,KYC Analyst 2,Approved,
REV000173,CUST00173,2025-07-21,Enhanced Review,Expired,Approved,KYC Analyst 2,Approved,
REV000174,CUST00174,2025-04-01,Periodic Review,Pending,Approved,KYC Analyst 2,Approved,
REV000175,CUST00175,2026-08-23,Periodic Review,Approved,Expired,Compliance Officer,Escalated,
REV000176,CUST00176,2024-06-17,Periodic Review,Expired,Approved,KYC Analyst 2,Approved,
REV000177,CUST00177,2025-09-21,Periodic Review,Expired,Pending,KYC Analyst 1,Escalated,
REV000178,CUST00178,2024-01-25,Initial Review,Pending,Approved,KYC Analyst 1,Approved,
REV000179,CUST00179,2025-11-05,Initial Review,Expired,Approved,Compliance Officer,Approved,
REV000180,CUST00180,2026-02-02,Enhanced Review,Expired,Approved,Compliance Officer,Approved,
REV000181,CUST00181,2026-06-17,Periodic Review,Expired,Approved,KYC Analyst 1,Approved,
REV000182,CUST00182,2024-06-02,Periodic Review,Expired,Approved,KYC Analyst 2,Approved,
REV000183,CUST00183,2025-12-21,Initial Review,Expired,Approved,Compliance Officer,Approved,
REV000184,CUST00184,2024-08-19,Periodic Review,Expired,Approved,KYC Analyst 1,Approved,
REV000185,CUST00185,2026-12-09,Periodic Review,Approved,Pending,Compliance Officer,Pending,
REV000186,CUST00186,2024-08-28,Periodic Review,Approved,Approved,KYC Analyst 2,Approved,
REV000187,CUST00187,2024-03-02,Initial Review,Approved,Approved,Compliance Officer,Approved,
REV000188,CUST00188,2026-10-30,Enhanced Review,Approved,Approved,Compliance Officer,Approved,
REV000189,CUST00189,2024-03-30,Enhanced Review,Expired,Approved,KYC Analyst 1,Approved,
REV000190,CUST00190,2024-11-13,Periodic Review,Approved,Approved,Compliance Officer,Approved,
REV000191,CUST00191,2026-11-19,Initial Review,Pending,Expired,KYC Analyst 2,Pending,
REV000192,CUST00192,2024-02-01,Enhanced Review,Expired,Approved,KYC Analyst 1,Approved,
REV000193,CUST00193,2025-09-27,Initial Review,Approved,Approved,KYC Analyst 2,Approved,
REV000194,CUST00194,2026-07-09,Enhanced Review,Approved,Approved,KYC Analyst 2,Approved,
REV000195,CUST00195,2025-10-19,Initial Review,Pending,Approved,Compliance Officer,Approved,
REV000196,CUST00196,2024-05-10,Periodic Review,Approved,Approved,KYC Analyst 1,Approved,
REV000197,CUST00197,2025-10-09,Periodic Review,Pending,Approved,Compliance Officer,Approved,
REV000198,CUST00198,2025-09-02,Enhanced Review,Expired,Approved,KYC Analyst 1,Approved,
REV000199,CUST00199,2026-09-29,Initial Review,Expired,Approved,Compliance Officer,Approved,
REV000200,CUST00200,2025-10-08,Enhanced Review,Expired,Approved,Compliance Officer,Approved,
REV000201,CUST00201,2024-10-04,Initial Review,Approved,Approved,KYC Analyst 1,Approved,
REV000202,CUST00202,2024-03-10,Initial Review,Approved,Approved,KYC Analyst 1,Approved,
REV000203,CUST00203,2025-08-13,Initial Review,Approved,Approved,KYC Analyst 1,Approved,
REV000204,CUST00204,2026-10-09,Periodic Review,Expired,Rejected,Compliance Officer,Pending,
REV000205,CUST00205,2026-09-09,Enhanced Review,Expired,Approved,KYC Analyst 1,Approved,
REV000206,CUST00206,2026-11-03,Periodic Review,Approved,Approved,Compliance Officer,Approved,
REV000207,CUST00207,2026-11-29,Periodic Review,Expired,Approved,KYC Analyst 2,Approved,
REV000208,CUST00208,2026-07-25,Periodic Review,Pending,Approved,KYC Analyst 2,Approved,
REV000209,CUST00209,2024-02-05,Enhanced Review,Approved,Approved,KYC Analyst 2,Approved,
REV000210,CUST00210,2026-01-14,Enhanced Review,Expired,Approved,KYC Analyst 2,Approved,
REV000211,CUST00211,2026-01-08,Enhanced Review,Pending,Approved,Compliance Officer,Approved,
REV000212,CUST00212,2024-11-30,Enhanced Review,Expired,Approved,KYC Analyst 1,Approved,
REV000213,CUST00213,2026-12-27,Enhanced Review,Expired,Approved,Compliance Officer,Approved,
REV000214,CUST00214,2024-08-07,Enhanced Review,Approved,Approved,KYC Analyst 1,Approved,
REV000215,CUST00215,2025-12-05,Periodic Review,Expired,Approved,KYC Analyst 2,Approved,
REV000216,CUST00216,2026-04-27,Enhanced Review,Approved,Approved,KYC Analyst 1,Approved,
REV000217,CUST00217,2024-06-15,Enhanced Review,Expired,Approved,Compliance Officer,Approved,
REV000218,CUST00218,2025-02-03,Periodic Review,Expired,Approved,KYC Analyst 1,Approved,
REV000219,CUST00219,2026-01-18,Enhanced Review,Pending,Pending,KYC Analyst 1,Escalated,
REV000220,CUST00220,2026-02-28,Enhanced Review,Pending,Approved,Compliance Officer,Approved,
REV000221,CUST00221,2024-01-04,Periodic Review,Approved,Approved,KYC Analyst 1,Approved,
REV000222,CUST00222,2026-03-27,Initial Review,Pending,Approved,KYC Analyst 2,Approved,
REV000223,CUST00223,2025-07-18,Initial Review,Expired,Approved,KYC Analyst 1,Approved,
REV000224,CUST00224,2024-07-09,Periodic Review,Expired,Approved,KYC Analyst 1,Approved,
REV000225,CUST00225,2026-10-27,Periodic Review,Expired,Pending,KYC Analyst 2,Rejected,
REV000226,CUST00226,2026-07-11,Periodic Review,Pending,Approved,Compliance Officer,Approved,
REV000227,CUST00227,2026-04-22,Enhanced Review,Expired,Approved,KYC Analyst 2,Approved,
REV000228,CUST00228,2026-01-14,Initial Review,Approved,Approved,KYC Analyst 1,Approved,
REV000229,CUST00229,2024-05-16,Initial Review,Expired,Approved,KYC Analyst 2,Approved,
REV000230,CUST00230,2024-10-11,Initial Review,Pending,Expired,KYC Analyst 2,Pending,
REV000231,CUST00231,2025-10-11,Enhanced Review,Pending,Expired,KYC Analyst 2,Escalated,
REV000232,CUST00232,2024-02-21,Periodic Review,Approved,Approved,Compliance Officer,Approved,
REV000233,CUST00233,2024-08-14,Initial Review,Expired,Approved,KYC Analyst 2,Approved,
REV000234,CUST00234,2024-09-21,Initial Review,Expired,Approved,Compliance Officer,Approved,
REV000235,CUST00235,2024-03-08,Initial Review,Pending,Approved,KYC Analyst 1,Approved,
REV000236,CUST00236,2024-07-29,Initial Review,Approved,Pending,KYC Analyst 1,Rejected,
REV000237,CUST00237,2026-01-10,Enhanced Review,Expired,Approved,KYC Analyst 2,Approved,
REV000238,CUST00238,2024-03-31,Periodic Review,Expired,Approved,Compliance Officer,Approved,
REV000239,CUST00239,2026-03-15,Initial Review,Pending,Approved,Compliance Officer,Approved,
REV000240,CUST00240,2024-11-26,Periodic Review,Pending,Approved,Compliance Officer,Approved,
REV000241,CUST00241,2024-12-08,Enhanced Review,Pending,Approved,KYC Analyst 1,Approved,
REV000242,CUST00242,2024-08-03,Enhanced Review,Expired,Approved,Compliance Officer,Approved,
REV000243,CUST00243,2025-10-27,Periodic Review,Pending,Approved,KYC Analyst 2,Approved,
REV000244,CUST00244,2024-06-23,Periodic Review,Pending,Expired,Compliance Officer,Pending,
REV000245,CUST00245,2024-10-05,Periodic Review,Pending,Approved,KYC Analyst 1,Approved,
REV000246,CUST00246,2026-02-10,Initial Review,Pending,Approved,KYC Analyst 2,Approved,
REV000247,CUST00247,2024-09-17,Periodic Review,Expired,Expired,KYC Analyst 2,Escalated,
REV000248,CUST00248,2024-01-10,Periodic Review,Pending,Expired,KYC Analyst 1,Escalated,
REV000249,CUST00249,2024-08-12,Enhanced Review,Expired,Approved,KYC Analyst 1,Approved,
REV000250,CUST00250,2024-01-29,Initial Review,Pending,Approved,KYC Analyst 1,Approved,
REV000251,CUST00251,2026-11-21,Enhanced Review,Approved,Approved,Compliance Officer,Approved,
REV000252,CUST00252,2025-12-17,Initial Review,Approved,Approved,KYC Analyst 2,Approved,
REV000253,CUST00253,2024-03-20,Initial Review,Expired,Approved,Compliance Officer,Approved,
REV000254,CUST00254,2025-03-08,Periodic Review,Expired,Pending,KYC Analyst 1,Pending,
REV000255,CUST00255,2026-11-09,Enhanced Review,Expired,Approved,KYC Analyst 1,Approved,
REV000256,CUST00256,2025-07-21,Enhanced Review,Approved,Approved,KYC Analyst 2,Approved,
REV000257,CUST00257,2026-02-26,Periodic Review,Expired,Approved,KYC Analyst 2,Approved,
REV000258,CUST00258,2026-06-25,Enhanced Review,Expired,Approved,Compliance Officer,Approved,
REV000259,CUST00259,2026-07-18,Enhanced Review,Pending,Approved,KYC Analyst 2,Approved,
REV000260,CUST00260,2024-05-24,Initial Review,Approved,Approved,Compliance Officer,Approved,
REV000261,CUST00261,2024-06-11,Periodic Review,Expired,Approved,Compliance Officer,Approved,
REV000262,CUST00262,2025-06-12,Periodic Review,Approved,Approved,KYC Analyst 2,Approved,
REV000263,CUST00263,2025-03-19,Initial Review,Approved,Approved,KYC Analyst 2,Approved,
REV000264,CUST00264,2025-04-02,Enhanced Review,Expired,Approved,Compliance Officer,Approved,
REV000265,CUST00265,2024-06-13,Enhanced Review,Expired,Pending,KYC Analyst 1,Pending,
REV000266,CUST00266,2026-06-20,Enhanced Review,Expired,Expired,KYC Analyst 2,Escalated,
REV000267,CUST00267,2024-11-02,Periodic Review,Approved,Approved,Compliance Officer,Approved,
REV000268,CUST00268,2025-09-12,Enhanced Review,Approved,Approved,KYC Analyst 1,Approved,
REV000269,CUST00269,2026-03-17,Periodic Review,Pending,Approved,KYC Analyst 2,Approved,
REV000270,CUST00270,2025-04-01,Periodic Review,Approved,Approved,KYC Analyst 2,Approved,
REV000271,CUST00271,2025-08-29,Enhanced Review,Expired,Approved,KYC Analyst 2,Approved,
REV000272,CUST00272,2025-11-06,Initial Review,Approved,Approved,KYC Analyst 1,Approved,
REV000273,CUST00273,2025-12-09,Periodic Review,Pending,Approved,KYC Analyst 2,Approved,
REV000274,CUST00274,2025-02-07,Initial Review,Pending,Pending,KYC Analyst 2,Rejected,
REV000275,CUST00275,2024-08-22,Enhanced Review,Expired,Approved,KYC Analyst 2,Approved,
REV000276,CUST00276,2026-08-15,Initial Review,Expired,Approved,KYC Analyst 1,Approved,
REV000277,CUST00277,2026-11-26,Initial Review,Pending,Approved,KYC Analyst 1,Approved,
REV000278,CUST00278,2026-07-11,Initial Review,Approved,Approved,KYC Analyst 2,Approved,
REV000279,CUST00279,2025-09-04,Periodic Review,Pending,Approved,KYC Analyst 1,Approved,
REV000280,CUST00280,2026-09-19,Periodic Review,Pending,Approved,KYC Analyst 1,Approved,
REV000281,CUST00281,2025-05-27,Initial Review,Pending,Approved,KYC Analyst 1,Approved,
REV000282,CUST00282,2025-11-10,Enhanced Review,Expired,Pending,Compliance Officer,Rejected,
REV000283,CUST00283,2024-03-01,Enhanced Review,Expired,Approved,KYC Analyst 2,Approved,
REV000284,CUST00284,2024-02-01,Enhanced Review,Approved,Approved,Compliance Officer,Approved,
REV000285,CUST00285,2024-11-02,Periodic Review,Expired,Approved,KYC Analyst 2,Approved,
REV000286,CUST00286,2024-07-16,Enhanced Review,Expired,Approved,KYC Analyst 1,Approved,
REV000287,CUST00287,2026-02-15,Enhanced Review,Approved,Approved,KYC Analyst 2,Approved,
REV000288,CUST00288,2025-01-31,Periodic Review,Expired,Approved,Compliance Officer,Approved,
REV000289,CUST00289,2026-01-11,Initial Review,Expired,Pending,KYC Analyst 2,Pending,
REV000290,CUST00290,2024-10-26,Enhanced Review,Approved,Approved,Compliance Officer,Approved,
REV000291,CUST00291,2024-01-15,Initial Review,Expired,Pending,Compliance Officer,Rejected,
REV000292,CUST00292,2024-11-02,Initial Review,Pending,Approved,KYC Analyst 1,Approved,
REV000293,CUST00293,2024-12-10,Enhanced Review,Approved,Approved,Compliance Officer,Approved,
REV000294,CUST00294,2026-03-25,Enhanced Review,Approved,Rejected,KYC Analyst 2,Pending,
REV000295,CUST00295,2026-04-08,Periodic Review,Expired,Approved,KYC Analyst 1,Approved,
REV000296,CUST00296,2024-06-07,Enhanced Review,Pending,Approved,KYC Analyst 2,Approved,
REV000297,CUST00297,2026-09-30,Enhanced Review,Expired,Approved,KYC Analyst 1,Approved,
REV000298,CUST00298,2024-01-24,Initial Review,Expired,Approved,KYC Analyst 1,Approved,
REV000299,CUST00299,2024-04-22,Periodic Review,Expired,Approved,KYC Analyst 1,Approved,
REV000300,CUST00300,2024-02-13,Initial Review,Pending,Approved,KYC Analyst 2,Approved,
REV000301,CUST00301,2025-09-30,Enhanced Review,Pending,Approved,KYC Analyst 2,Approved,
REV000302,CUST00302,2026-10-19,Enhanced Review,Pending,Approved,KYC Analyst 1,Approved,
REV000303,CUST00303,2024-06-18,Periodic Review,Expired,Approved,KYC Analyst 1,Approved,
REV000304,CUST00304,2024-04-22,Periodic Review,Expired,Pending,KYC Analyst 1,Escalated,
REV000305,CUST00305,2024-01-03,Initial Review,Pending,Approved,KYC Analyst 2,Approved,
REV000306,CUST00306,2026-07-29,Enhanced Review,Pending,Approved,KYC Analyst 2,Approved,
REV000307,CUST00307,2024-01-28,Initial Review,Pending,Approved,KYC Analyst 1,Approved,
REV000308,CUST00308,2025-11-24,Enhanced Review,Pending,Approved,KYC Analyst 1,Approved,
REV000309,CUST00309,2026-05-30,Enhanced Review,Pending,Approved,Compliance Officer,Approved,
REV000310,CUST00310,2025-07-11,Initial Review,Expired,Approved,Compliance Officer,Approved,
REV000311,CUST00311,2024-10-29,Enhanced Review,Pending,Approved,KYC Analyst 1,Approved,
REV000312,CUST00312,2026-02-04,Initial Review,Expired,Approved,KYC Analyst 2,Approved,
REV000313,CUST00313,2024-07-03,Enhanced Review,Expired,Approved,KYC Analyst 1,Approved,
REV000314,CUST00314,2026-11-16,Periodic Review,Pending,Approved,KYC Analyst 2,Approved,
REV000315,CUST00315,2025-07-10,Initial Review,Expired,Approved,KYC Analyst 1,Approved,
REV000316,CUST00316,2025-04-17,Initial Review,Approved,Rejected,KYC Analyst 2,Escalated,
REV000317,CUST00317,2024-05-23,Initial Review,Approved,Approved,KYC Analyst 1,Approved,
REV000318,CUST00318,2024-08-24,Initial Review,Approved,Approved,Compliance Officer,Approved,
REV000319,CUST00319,2026-02-18,Enhanced Review,Expired,Approved,KYC Analyst 2,Approved,
REV000320,CUST00320,2026-01-08,Periodic Review,Expired,Approved,Compliance Officer,Approved,
REV000321,CUST00321,2024-06-03,Enhanced Review,Approved,Approved,Compliance Officer,Approved,
REV000322,CUST00322,2024-05-03,Enhanced Review,Expired,Approved,KYC Analyst 2,Approved,
REV000323,CUST00323,2025-12-01,Periodic Review,Approved,Approved,KYC Analyst 1,Approved,
REV000324,CUST00324,2025-06-20,Initial Review,Expired,Approved,Compliance Officer,Approved,
REV000325,CUST00325,2026-06-05,Initial Review,Approved,Approved,KYC Analyst 1,Approved,
REV000326,CUST00326,2024-08-15,Periodic Review,Approved,Approved,KYC Analyst 1,Approved,
REV000327,CUST00327,2024-12-19,Enhanced Review,Pending,Approved,KYC Analyst 2,Approved,
REV000328,CUST00328,2025-04-20,Enhanced Review,Pending,Approved,KYC Analyst 1,Approved,
REV000329,CUST00329,2025-07-01,Periodic Review,Expired,Pending,Compliance Officer,Escalated,
REV000330,CUST00330,2025-07-25,Initial Review,Expired,Approved,KYC Analyst 1,Approved,
REV000331,CUST00331,2026-05-27,Initial Review,Expired,Approved,Compliance Officer,Approved,
REV000332,CUST00332,2025-05-24,Periodic Review,Approved,Expired,Compliance Officer,Rejected,
REV000333,CUST00333,2025-11-17,Periodic Review,Pending,Approved,KYC Analyst 2,Approved,
REV000334,CUST00334,2025-03-24,Initial Review,Approved,Approved,Compliance Officer,Approved,
REV000335,CUST00335,2024-02-18,Initial Review,Approved,Approved,KYC Analyst 2,Approved,
REV000336,CUST00336,2026-09-20,Initial Review,Pending,Approved,Compliance Officer,Approved,
REV000337,CUST00337,2026-07-26,Enhanced Review,Expired,Approved,Compliance Officer,Approved,
REV000338,CUST00338,2026-10-04,Enhanced Review,Pending,Approved,Compliance Officer,Approved,
REV000339,CUST00339,2026-07-18,Enhanced Review,Pending,Approved,KYC Analyst 2,Approved,
REV000340,CUST00340,2025-11-27,Initial Review,Pending,Pending,Compliance Officer,Rejected,
REV000341,CUST00341,2024-06-10,Enhanced Review,Pending,Approved,KYC Analyst 1,Approved,
REV000342,CUST00342,2026-02-03,Periodic Review,Expired,Pending,Compliance Officer,Rejected,
REV000343,CUST00343,2026-06-09,Periodic Review,Pending,Approved,KYC Analyst 2,Approved,
REV000344,CUST00344,2025-04-10,Enhanced Review,Approved,Approved,KYC Analyst 2,Approved,
REV000345,CUST00345,2024-08-18,Enhanced Review,Pending,Approved,KYC Analyst 1,Approved,
REV000346,CUST00346,2025-03-17,Enhanced Review,Approved,Approved,KYC Analyst 1,Approved,
REV000347,CUST00347,2024-01-12,Initial Review,Pending,Approved,KYC Analyst 2,Approved,
REV000348,CUST00348,2025-11-20,Enhanced Review,Approved,Approved,KYC Analyst 1,Approved,
REV000349,CUST00349,2024-11-15,Initial Review,Expired,Approved,Compliance Officer,Approved,
REV000350,CUST00350,2025-04-24,Initial Review,Approved,Rejected,Compliance Officer,Pending,
REV000351,CUST00351,2024-06-11,Initial Review,Approved,Approved,Compliance Officer,Approved,
REV000352,CUST00352,2024-07-10,Enhanced Review,Expired,Approved,KYC Analyst 2,Approved,
REV000353,CUST00353,2024-03-27,Enhanced Review,Approved,Approved,Compliance Officer,Approved,
REV000354,CUST00354,2026-09-14,Initial Review,Pending,Approved,Compliance Officer,Approved,
REV000355,CUST00355,2024-07-26,Initial Review,Expired,Approved,Compliance Officer,Approved,
REV000356,CUST00356,2024-08-16,Enhanced Review,Expired,Approved,Compliance Officer,Approved,
REV000357,CUST00357,2026-06-28,Initial Review,Expired,Approved,Compliance Officer,Approved,
REV000358,CUST00358,2025-11-13,Initial Review,Pending,Pending,KYC Analyst 1,Rejected,
REV000359,CUST00359,2026-12-16,Enhanced Review,Expired,Rejected,Compliance Officer,Rejected,
REV000360,CUST00360,2024-07-26,Enhanced Review,Pending,Approved,KYC Analyst 1,Approved,
REV000361,CUST00361,2024-03-05,Initial Review,Approved,Approved,KYC Analyst 1,Approved,
REV000362,CUST00362,2026-03-20,Initial Review,Pending,Approved,KYC Analyst 1,Approved,
REV000363,CUST00363,2026-10-07,Periodic Review,Expired,Approved,KYC Analyst 2,Approved,
REV000364,CUST00364,2024-05-26,Initial Review,Approved,Approved,Compliance Officer,Approved,
REV000365,CUST00365,2024-01-04,Periodic Review,Pending,Approved,Compliance Officer,Approved,
REV000366,CUST00366,2026-10-25,Initial Review,Approved,Approved,Compliance Officer,Approved,
REV000367,CUST00367,2025-05-25,Enhanced Review,Approved,Pending,KYC Analyst 2,Escalated,
REV000368,CUST00368,2026-02-12,Enhanced Review,Pending,Expired,Compliance Officer,Pending,
REV000369,CUST00369,2024-08-19,Initial Review,Pending,Approved,KYC Analyst 1,Approved,
REV000370,CUST00370,2024-06-11,Enhanced Review,Pending,Approved,KYC Analyst 2,Approved,
REV000371,CUST00371,2026-10-30,Initial Review,Approved,Pending,KYC Analyst 2,Escalated,
REV000372,CUST00372,2024-01-05,Initial Review,Approved,Approved,Compliance Officer,Approved,
REV000373,CUST00373,2024-06-15,Enhanced Review,Approved,Pending,Compliance Officer,Rejected,
REV000374,CUST00374,2025-03-17,Periodic Review,Expired,Approved,Compliance Officer,Approved,
REV000375,CUST00375,2024-11-22,Initial Review,Pending,Approved,KYC Analyst 2,Approved,
REV000376,CUST00376,2025-03-06,Enhanced Review,Pending,Approved,KYC Analyst 2,Approved,
REV000377,CUST00377,2026-09-30,Enhanced Review,Pending,Pending,KYC Analyst 2,Escalated,
REV000378,CUST00378,2024-04-05,Initial Review,Approved,Approved,KYC Analyst 2,Approved,
REV000379,CUST00379,2025-03-24,Initial Review,Pending,Expired,KYC Analyst 1,Rejected,
REV000380,CUST00380,2026-05-29,Periodic Review,Pending,Approved,KYC Analyst 2,Approved,
REV000381,CUST00381,2024-08-03,Initial Review,Expired,Approved,KYC Analyst 1,Approved,
REV000382,CUST00382,2024-04-27,Periodic Review,Approved,Expired,KYC Analyst 1,Escalated,
REV000383,CUST00383,2025-02-08,Periodic Review,Expired,Approved,KYC Analyst 2,Approved,
REV000384,CUST00384,2024-12-09,Enhanced Review,Pending,Approved,KYC Analyst 2,Approved,
REV000385,CUST00385,2026-01-28,Enhanced Review,Pending,Approved,KYC Analyst 2,Approved,
REV000386,CUST00386,2025-12-13,Periodic Review,Expired,Approved,KYC Analyst 2,Approved,
REV000387,CUST00387,2024-07-15,Initial Review,Expired,Approved,Compliance Officer,Approved,
REV000388,CUST00388,2025-01-02,Periodic Review,Approved,Approved,KYC Analyst 1,Approved,
REV000389,CUST00389,2025-09-17,Enhanced Review,Pending,Approved,KYC Analyst 2,Approved,
REV000390,CUST00390,2026-11-22,Periodic Review,Expired,Approved,KYC Analyst 2,Approved,
REV000391,CUST00391,2024-08-22,Enhanced Review,Expired,Pending,KYC Analyst 2,Escalated,
REV000392,CUST00392,2025-10-22,Enhanced Review,Expired,Approved,KYC Analyst 2,Approved,
REV000393,CUST00393,2025-06-04,Enhanced Review,Approved,Approved,KYC Analyst 1,Approved,
REV000394,CUST00394,2025-05-10,Enhanced Review,Pending,Approved,KYC Analyst 1,Approved,
REV000395,CUST00395,2026-05-22,Initial Review,Pending,Approved,KYC Analyst 2,Approved,
REV000396,CUST00396,2024-10-18,Periodic Review,Pending,Approved,KYC Analyst 2,Approved,
REV000397,CUST00397,2024-09-22,Enhanced Review,Pending,Approved,KYC Analyst 1,Approved,
REV000398,CUST00398,2025-10-18,Initial Review,Approved,Expired,KYC Analyst 1,Escalated,
REV000399,CUST00399,2026-12-24,Enhanced Review,Pending,Approved,KYC Analyst 1,Approved,
REV000400,CUST00400,2024-10-23,Initial Review,Approved,Approved,KYC Analyst 1,Approved,
REV000401,CUST00401,2024-06-21,Periodic Review,Approved,Approved,KYC Analyst 2,Approved,
REV000402,CUST00402,2025-10-10,Initial Review,Pending,Approved,KYC Analyst 1,Approved,
REV000403,CUST00403,2025-10-06,Periodic Review,Pending,Approved,KYC Analyst 2,Approved,
REV000404,CUST00404,2025-12-28,Periodic Review,Expired,Approved,KYC Analyst 1,Approved,
REV000405,CUST00405,2024-07-29,Periodic Review,Pending,Approved,Compliance Officer,Approved,
REV000406,CUST00406,2024-02-15,Initial Review,Approved,Approved,Compliance Officer,Approved,
REV000407,CUST00407,2026-03-12,Periodic Review,Expired,Approved,Compliance Officer,Approved,
REV000408,CUST00408,2024-09-12,Enhanced Review,Expired,Rejected,KYC Analyst 1,Escalated,
REV000409,CUST00409,2025-07-16,Initial Review,Approved,Approved,KYC Analyst 1,Approved,
REV000410,CUST00410,2026-12-26,Initial Review,Pending,Approved,KYC Analyst 2,Approved,
REV000411,CUST00411,2024-12-12,Initial Review,Pending,Rejected,Compliance Officer,Escalated,
REV000412,CUST00412,2025-06-28,Initial Review,Pending,Approved,Compliance Officer,Approved,
REV000413,CUST00413,2025-08-25,Initial Review,Expired,Approved,KYC Analyst 2,Approved,
REV000414,CUST00414,2026-04-12,Periodic Review,Approved,Approved,KYC Analyst 2,Approved,
REV000415,CUST00415,2024-10-12,Periodic Review,Pending,Approved,Compliance Officer,Approved,
REV000416,CUST00416,2025-04-13,Enhanced Review,Pending,Approved,KYC Analyst 1,Approved,
REV000417,CUST00417,2025-02-18,Initial Review,Approved,Approved,KYC Analyst 2,Approved,
REV000418,CUST00418,2025-01-06,Initial Review,Pending,Approved,Compliance Officer,Approved,
REV000419,CUST00419,2026-08-11,Periodic Review,Pending,Pending,Compliance Officer,Pending,
REV000420,CUST00420,2025-09-28,Initial Review,Expired,Approved,KYC Analyst 2,Approved,
REV000421,CUST00421,2026-01-25,Initial Review,Approved,Approved,Compliance Officer,Approved,
REV000422,CUST00422,2024-09-20,Enhanced Review,Expired,Approved,KYC Analyst 2,Approved,
REV000423,CUST00423,2026-08-14,Initial Review,Expired,Approved,KYC Analyst 1,Approved,
REV000424,CUST00424,2026-04-08,Initial Review,Expired,Pending,KYC Analyst 2,Pending,
REV000425,CUST00425,2025-03-27,Periodic Review,Expired,Approved,KYC Analyst 2,Approved,
REV000426,CUST00426,2024-06-27,Periodic Review,Approved,Approved,KYC Analyst 2,Approved,
REV000427,CUST00427,2025-05-31,Enhanced Review,Approved,Approved,Compliance Officer,Approved,
REV000428,CUST00428,2026-10-28,Initial Review,Pending,Approved,KYC Analyst 2,Approved,
REV000429,CUST00429,2025-11-08,Enhanced Review,Expired,Approved,KYC Analyst 1,Approved,
REV000430,CUST00430,2024-05-01,Periodic Review,Approved,Approved,KYC Analyst 2,Approved,
REV000431,CUST00431,2024-02-08,Periodic Review,Expired,Approved,KYC Analyst 2,Approved,
REV000432,CUST00432,2025-07-17,Enhanced Review,Expired,Approved,KYC Analyst 1,Approved,
REV000433,CUST00433,2026-08-04,Initial Review,Approved,Approved,KYC Analyst 1,Approved,
REV000434,CUST00434,2024-05-03,Initial Review,Approved,Approved,KYC Analyst 2,Approved,
REV000435,CUST00435,2025-01-24,Enhanced Review,Pending,Approved,KYC Analyst 2,Approved,
REV000436,CUST00436,2025-07-23,Enhanced Review,Pending,Pending,Compliance Officer,Escalated,
REV000437,CUST00437,2026-07-27,Periodic Review,Pending,Approved,KYC Analyst 1,Approved,
REV000438,CUST00438,2024-10-25,Initial Review,Expired,Approved,Compliance Officer,Approved,
REV000439,CUST00439,2025-01-04,Periodic Review,Pending,Approved,KYC Analyst 2,Approved,
REV000440,CUST00440,2026-05-06,Periodic Review,Pending,Approved,KYC Analyst 2,Approved,
REV000441,CUST00441,2026-10-16,Periodic Review,Pending,Approved,Compliance Officer,Approved,
REV000442,CUST00442,2024-08-02,Periodic Review,Expired,Approved,KYC Analyst 2,Approved,
REV000443,CUST00443,2024-06-16,Periodic Review,Expired,Approved,KYC Analyst 2,Approved,
REV000444,CUST00444,2026-08-02,Enhanced Review,Approved,Approved,Compliance Officer,Approved,
REV000445,CUST00445,2026-02-09,Initial Review,Expired,Approved,KYC Analyst 1,Approved,
REV000446,CUST00446,2025-11-07,Periodic Review,Expired,Approved,Compliance Officer,Approved,
REV000447,CUST00447,2026-01-22,Periodic Review,Pending,Approved,KYC Analyst 2,Approved,
REV000448,CUST00448,2026-07-19,Enhanced Review,Approved,Approved,KYC Analyst 1,Approved,
REV000449,CUST00449,2025-06-18,Initial Review,Expired,Approved,KYC Analyst 1,Approved,
REV000450,CUST00450,2025-04-17,Periodic Review,Pending,Approved,Compliance Officer,Approved,
REV000451,CUST00451,2024-12-12,Initial Review,Expired,Approved,KYC Analyst 2,Approved,
REV000452,CUST00452,2026-12-14,Enhanced Review,Approved,Pending,KYC Analyst 1,Rejected,
REV000453,CUST00453,2025-05-24,Enhanced Review,Approved,Rejected,KYC Analyst 1,Escalated,
REV000454,CUST00454,2025-01-02,Initial Review,Pending,Approved,KYC Analyst 1,Approved,
REV000455,CUST00455,2024-11-15,Enhanced Review,Expired,Approved,KYC Analyst 2,Approved,
REV000456,CUST00456,2026-10-07,Enhanced Review,Expired,Pending,Compliance Officer,Escalated,
REV000457,CUST00457,2025-03-23,Initial Review,Approved,Approved,Compliance Officer,Approved,
REV000458,CUST00458,2026-03-05,Initial Review,Expired,Pending,Compliance Officer,Pending,
REV000459,CUST00459,2025-05-12,Enhanced Review,Approved,Approved,KYC Analyst 2,Approved,
REV000460,CUST00460,2025-12-31,Enhanced Review,Approved,Approved,Compliance Officer,Approved,
REV000461,CUST00461,2026-11-03,Enhanced Review,Pending,Rejected,KYC Analyst 2,Escalated,
REV000462,CUST00462,2025-05-03,Initial Review,Expired,Approved,Compliance Officer,Approved,
REV000463,CUST00463,2024-03-30,Initial Review,Expired,Pending,KYC Analyst 2,Pending,
REV000464,CUST00464,2024-01-29,Enhanced Review,Approved,Approved,KYC Analyst 2,Approved,
REV000465,CUST00465,2024-05-30,Periodic Review,Approved,Approved,Compliance Officer,Approved,
REV000466,CUST00466,2024-02-17,Enhanced Review,Pending,Pending,KYC Analyst 2,Rejected,
REV000467,CUST00467,2025-12-11,Periodic Review,Expired,Approved,Compliance Officer,Approved,
REV000468,CUST00468,2025-06-20,Enhanced Review,Expired,Approved,KYC Analyst 2,Approved,
REV000469,CUST00469,2024-04-20,Periodic Review,Pending,Rejected,Compliance Officer,Escalated,
REV000470,CUST00470,2024-09-15,Initial Review,Approved,Approved,Compliance Officer,Approved,
REV000471,CUST00471,2024-01-29,Periodic Review,Approved,Approved,Compliance Officer,Approved,
REV000472,CUST00472,2024-11-28,Periodic Review,Pending,Approved,KYC Analyst 2,Approved,
REV000473,CUST00473,2025-08-03,Enhanced Review,Pending,Approved,KYC Analyst 2,Approved,
REV000474,CUST00474,2026-10-25,Enhanced Review,Approved,Approved,Compliance Officer,Approved,
REV000475,CUST00475,2026-06-13,Periodic Review,Approved,Rejected,KYC Analyst 2,Rejected,
REV000476,CUST00476,2024-05-17,Periodic Review,Approved,Approved,KYC Analyst 1,Approved,
REV000477,CUST00477,2025-08-13,Enhanced Review,Expired,Approved,KYC Analyst 2,Approved,
REV000478,CUST00478,2026-02-19,Enhanced Review,Approved,Approved,KYC Analyst 2,Approved,
REV000479,CUST00479,2025-07-29,Periodic Review,Approved,Approved,KYC Analyst 1,Approved,
REV000480,CUST00480,2026-11-10,Enhanced Review,Expired,Approved,KYC Analyst 2,Approved,
REV000481,CUST00481,2025-03-20,Initial Review,Expired,Approved,KYC Analyst 2,Approved,
REV000482,CUST00482,2024-01-10,Initial Review,Approved,Approved,KYC Analyst 2,Approved,
REV000483,CUST00483,2026-04-18,Periodic Review,Pending,Approved,Compliance Officer,Approved,
REV000484,CUST00484,2026-01-10,Enhanced Review,Pending,Approved,KYC Analyst 1,Approved,
REV000485,CUST00485,2026-04-20,Enhanced Review,Pending,Approved,KYC Analyst 1,Approved,
REV000486,CUST00486,2025-09-06,Periodic Review,Pending,Approved,KYC Analyst 1,Approved,
REV000487,CUST00487,2024-02-14,Periodic Review,Pending,Approved,KYC Analyst 1,Approved,
REV000488,CUST00488,2026-03-19,Periodic Review,Expired,Approved,KYC Analyst 1,Approved,
REV000489,CUST00489,2024-05-10,Enhanced Review,Expired,Approved,KYC Analyst 1,Approved,
REV000490,CUST00490,2026-07-11,Enhanced Review,Pending,Approved,KYC Analyst 2,Approved,
REV000491,CUST00491,2026-06-04,Enhanced Review,Pending,Approved,KYC Analyst 2,Approved,
REV000492,CUST00492,2025-08-30,Enhanced Review,Expired,Approved,KYC Analyst 1,Approved,
REV000493,CUST00493,2024-02-17,Initial Review,Expired,Approved,KYC Analyst 1,Approved,
REV000494,CUST00494,2024-09-07,Periodic Review,Expired,Expired,KYC Analyst 1,Pending,
REV000495,CUST00495,2024-06-25,Periodic Review,Approved,Approved,Compliance Officer,Approved,
REV000496,CUST00496,2024-07-30,Periodic Review,Approved,Approved,KYC Analyst 1,Approved,
REV000497,CUST00497,2026-12-07,Initial Review,Pending,Approved,Compliance Officer,Approved,
REV000498,CUST00498,2026-07-22,Initial Review,Approved,Approved,Compliance Officer,Approved,
REV000499,CUST00499,2026-11-25,Initial Review,Approved,Approved,KYC Analyst 2,Approved,
REV000500,CUST00500,2025-04-30,Initial Review,Approved,Approved,KYC Analyst 2,Approved,
REV000501,CUST00501,2024-04-06,Initial Review,Approved,Approved,KYC Analyst 1,Approved,
REV000502,CUST00502,2025-03-27,Initial Review,Expired,Approved,Compliance Officer,Approved,
REV000503,CUST00503,2026-10-06,Periodic Review,Pending,Approved,KYC Analyst 2,Approved,
REV000504,CUST00504,2026-08-17,Periodic Review,Expired,Approved,KYC Analyst 2,Approved,
REV000505,CUST00505,2025-12-13,Enhanced Review,Pending,Approved,KYC Analyst 2,Approved,
REV000506,CUST00506,2025-06-28,Initial Review,Approved,Approved,Compliance Officer,Approved,
REV000507,CUST00507,2026-10-14,Enhanced Review,Expired,Approved,KYC Analyst 2,Approved,
REV000508,CUST00508,2025-11-21,Initial Review,Approved,Approved,KYC Analyst 2,Approved,
REV000509,CUST00509,2024-09-24,Initial Review,Approved,Approved,KYC Analyst 1,Approved,
REV000510,CUST00510,2024-08-31,Periodic Review,Expired,Rejected,KYC Analyst 2,Pending,
REV000511,CUST00511,2025-11-12,Enhanced Review,Expired,Approved,KYC Analyst 1,Approved,
REV000512,CUST00512,2026-02-13,Initial Review,Approved,Approved,Compliance Officer,Approved,
REV000513,CUST00513,2025-08-24,Enhanced Review,Approved,Approved,Compliance Officer,Approved,
REV000514,CUST00514,2024-03-27,Periodic Review,Expired,Approved,KYC Analyst 1,Approved,
REV000515,CUST00515,2026-08-09,Periodic Review,Expired,Approved,Compliance Officer,Approved,
REV000516,CUST00516,2025-07-08,Enhanced Review,Expired,Approved,KYC Analyst 1,Approved,
REV000517,CUST00517,2025-07-18,Enhanced Review,Expired,Approved,KYC Analyst 2,Approved,
REV000518,CUST00518,2024-09-01,Initial Review,Expired,Approved,KYC Analyst 2,Approved,
REV000519,CUST00519,2024-08-18,Initial Review,Pending,Approved,KYC Analyst 1,Approved,
REV000520,CUST00520,2026-12-30,Periodic Review,Expired,Pending,KYC Analyst 1,Escalated,
REV000521,CUST00521,2024-02-05,Periodic Review,Expired,Approved,KYC Analyst 2,Approved,
REV000522,CUST00522,2026-07-09,Initial Review,Pending,Approved,KYC Analyst 2,Approved,
REV000523,CUST00523,2025-01-29,Enhanced Review,Pending,Approved,KYC Analyst 2,Approved,
REV000524,CUST00524,2026-02-22,Periodic Review,Expired,Approved,KYC Analyst 2,Approved,
REV000525,CUST00525,2026-11-08,Initial Review,Expired,Approved,Compliance Officer,Approved,
REV000526,CUST00526,2025-02-14,Periodic Review,Expired,Rejected,KYC Analyst 1,Rejected,
REV000527,CUST00527,2025-07-02,Periodic Review,Expired,Approved,KYC Analyst 1,Approved,
REV000528,CUST00528,2024-08-10,Initial Review,Expired,Approved,KYC Analyst 2,Approved,
REV000529,CUST00529,2025-07-26,Enhanced Review,Approved,Approved,KYC Analyst 1,Approved,
REV000530,CUST00530,2026-10-11,Periodic Review,Pending,Approved,KYC Analyst 2,Approved,
REV000531,CUST00531,2026-10-09,Periodic Review,Approved,Approved,KYC Analyst 2,Approved,
REV000532,CUST00532,2024-05-02,Initial Review,Pending,Approved,Compliance Officer,Approved,
REV000533,CUST00533,2026-04-10,Periodic Review,Approved,Pending,Compliance Officer,Rejected,
REV000534,CUST00534,2026-04-30,Initial Review,Approved,Approved,KYC Analyst 1,Approved,
REV000535,CUST00535,2024-07-03,Enhanced Review,Expired,Approved,KYC Analyst 2,Approved,
REV000536,CUST00536,2024-04-02,Periodic Review,Approved,Approved,Compliance Officer,Approved,
REV000537,CUST00537,2024-10-14,Periodic Review,Approved,Pending,KYC Analyst 2,Pending,
REV000538,CUST00538,2026-05-11,Initial Review,Pending,Approved,Compliance Officer,Approved,
REV000539,CUST00539,2024-12-06,Periodic Review,Pending,Approved,Compliance Officer,Approved,
REV000540,CUST00540,2024-10-31,Enhanced Review,Expired,Approved,KYC Analyst 2,Approved,
REV000541,CUST00541,2024-09-28,Periodic Review,Expired,Approved,KYC Analyst 2,Approved,
REV000542,CUST00542,2024-03-18,Periodic Review,Approved,Approved,KYC Analyst 2,Approved,
REV000543,CUST00543,2024-04-04,Enhanced Review,Expired,Approved,KYC Analyst 2,Approved,
REV000544,CUST00544,2024-03-09,Periodic Review,Approved,Approved,Compliance Officer,Approved,
REV000545,CUST00545,2024-06-16,Enhanced Review,Approved,Approved,Compliance Officer,Approved,
REV000546,CUST00546,2024-02-17,Periodic Review,Expired,Approved,KYC Analyst 1,Approved,
REV000547,CUST00547,2024-02-05,Initial Review,Approved,Approved,Compliance Officer,Approved,
REV000548,CUST00548,2026-01-12,Enhanced Review,Expired,Approved,KYC Analyst 2,Approved,
REV000549,CUST00549,2025-06-09,Initial Review,Pending,Approved,Compliance Officer,Approved,
REV000550,CUST00550,2024-01-22,Periodic Review,Pending,Approved,KYC Analyst 1,Approved,
REV000551,CUST00551,2024-03-20,Enhanced Review,Expired,Approved,KYC Analyst 2,Approved,
REV000552,CUST00552,2025-03-21,Periodic Review,Approved,Approved,Compliance Officer,Approved,
REV000553,CUST00553,2026-05-27,Enhanced Review,Pending,Approved,KYC Analyst 2,Approved,
REV000554,CUST00554,2025-11-21,Periodic Review,Approved,Approved,KYC Analyst 2,Approved,
REV000555,CUST00555,2025-01-17,Initial Review,Pending,Approved,KYC Analyst 1,Approved,
REV000556,CUST00556,2026-06-14,Initial Review,Approved,Approved,Compliance Officer,Approved,
REV000557,CUST00557,2025-05-27,Initial Review,Approved,Approved,KYC Analyst 2,Approved,
REV000558,CUST00558,2024-10-01,Enhanced Review,Expired,Expired,KYC Analyst 2,Pending,
REV000559,CUST00559,2025-03-24,Initial Review,Pending,Approved,KYC Analyst 2,Approved,
REV000560,CUST00560,2024-09-22,Enhanced Review,Expired,Approved,Compliance Officer,Approved,
REV000561,CUST00561,2026-01-08,Enhanced Review,Approved,Pending,KYC Analyst 1,Pending,
REV000562,CUST00562,2026-07-13,Enhanced Review,Pending,Approved,Compliance Officer,Approved,
REV000563,CUST00563,2026-12-08,Periodic Review,Approved,Approved,Compliance Officer,Approved,
REV000564,CUST00564,2024-08-18,Enhanced Review,Expired,Rejected,KYC Analyst 1,Escalated,
REV000565,CUST00565,2025-06-30,Enhanced Review,Expired,Approved,Compliance Officer,Approved,
REV000566,CUST00566,2024-01-30,Enhanced Review,Expired,Approved,KYC Analyst 2,Approved,
REV000567,CUST00567,2024-06-21,Enhanced Review,Pending,Approved,KYC Analyst 2,Approved,
REV000568,CUST00568,2025-09-21,Periodic Review,Pending,Pending,KYC Analyst 2,Escalated,
REV000569,CUST00569,2025-02-21,Initial Review,Pending,Approved,KYC Analyst 1,Approved,
REV000570,CUST00570,2025-09-11,Periodic Review,Expired,Approved,Compliance Officer,Approved,
REV000571,CUST00571,2025-08-07,Initial Review,Expired,Expired,Compliance Officer,Pending,
REV000572,CUST00572,2025-07-17,Initial Review,Pending,Approved,Compliance Officer,Approved,
REV000573,CUST00573,2025-08-30,Initial Review,Expired,Expired,Compliance Officer,Escalated,
REV000574,CUST00574,2026-04-21,Periodic Review,Expired,Approved,KYC Analyst 2,Approved,
REV000575,CUST00575,2026-10-06,Enhanced Review,Pending,Approved,KYC Analyst 2,Approved,
REV000576,CUST00576,2025-09-26,Enhanced Review,Approved,Expired,KYC Analyst 1,Pending,
REV000577,CUST00577,2026-03-28,Initial Review,Pending,Approved,Compliance Officer,Approved,
REV000578,CUST00578,2024-04-04,Periodic Review,Expired,Approved,KYC Analyst 2,Approved,
REV000579,CUST00579,2026-09-11,Enhanced Review,Pending,Approved,KYC Analyst 2,Approved,
REV000580,CUST00580,2024-09-10,Initial Review,Pending,Approved,Compliance Officer,Approved,
REV000581,CUST00581,2026-10-26,Initial Review,Pending,Approved,Compliance Officer,Approved,
REV000582,CUST00582,2026-11-07,Periodic Review,Expired,Approved,KYC Analyst 2,Approved,
REV000583,CUST00583,2024-11-22,Periodic Review,Expired,Approved,KYC Analyst 1,Approved,
REV000584,CUST00584,2025-06-30,Periodic Review,Pending,Rejected,KYC Analyst 2,Pending,
REV000585,CUST00585,2025-11-22,Initial Review,Approved,Expired,Compliance Officer,Rejected,
REV000586,CUST00586,2026-10-17,Initial Review,Approved,Approved,KYC Analyst 1,Approved,
REV000587,CUST00587,2024-09-04,Enhanced Review,Expired,Approved,KYC Analyst 1,Approved,
REV000588,CUST00588,2024-10-19,Initial Review,Pending,Approved,KYC Analyst 1,Approved,
REV000589,CUST00589,2026-06-27,Initial Review,Pending,Approved,KYC Analyst 2,Approved,
REV000590,CUST00590,2024-05-23,Initial Review,Pending,Pending,Compliance Officer,Pending,
REV000591,CUST00591,2024-03-18,Initial Review,Pending,Pending,KYC Analyst 1,Pending,
REV000592,CUST00592,2025-11-15,Enhanced Review,Approved,Approved,KYC Analyst 1,Approved,
REV000593,CUST00593,2026-12-04,Enhanced Review,Expired,Expired,KYC Analyst 2,Escalated,
REV000594,CUST00594,2025-12-27,Initial Review,Pending,Approved,KYC Analyst 1,Approved,
REV000595,CUST00595,2025-06-04,Periodic Review,Approved,Approved,KYC Analyst 1,Approved,
REV000596,CUST00596,2026-01-23,Periodic Review,Approved,Approved,KYC Analyst 1,Approved,
REV000597,CUST00597,2026-03-15,Enhanced Review,Approved,Approved,KYC Analyst 1,Approved,
REV000598,CUST00598,2025-08-02,Initial Review,Pending,Approved,KYC Analyst 1,Approved,
REV000599,CUST00599,2026-03-05,Enhanced Review,Approved,Rejected,KYC Analyst 2,Rejected,
REV000600,CUST00600,2024-01-10,Enhanced Review,Approved,Approved,Compliance Officer,Approved,
REV000601,CUST00601,2025-08-05,Enhanced Review,Expired,Pending,KYC Analyst 2,Rejected,
REV000602,CUST00602,2024-04-24,Initial Review,Expired,Approved,Compliance Officer,Approved,
REV000603,CUST00603,2024-10-31,Initial Review,Expired,Approved,Compliance Officer,Approved,
REV000604,CUST00604,2025-08-21,Initial Review,Approved,Approved,KYC Analyst 2,Approved,
REV000605,CUST00605,2024-09-13,Initial Review,Pending,Rejected,Compliance Officer,Rejected,
REV000606,CUST00606,2024-05-23,Enhanced Review,Expired,Approved,KYC Analyst 2,Approved,
REV000607,CUST00607,2024-06-23,Enhanced Review,Approved,Approved,KYC Analyst 2,Approved,
REV000608,CUST00608,2025-05-08,Initial Review,Expired,Approved,Compliance Officer,Approved,
REV000609,CUST00609,2026-09-07,Initial Review,Expired,Approved,KYC Analyst 1,Approved,
REV000610,CUST00610,2025-06-13,Enhanced Review,Expired,Approved,KYC Analyst 2,Approved,
REV000611,CUST00611,2024-07-19,Enhanced Review,Pending,Approved,KYC Analyst 1,Approved,
REV000612,CUST00612,2025-07-29,Initial Review,Pending,Rejected,Compliance Officer,Pending,
REV000613,CUST00613,2024-10-11,Periodic Review,Pending,Pending,KYC Analyst 2,Pending,
REV000614,CUST00614,2025-05-01,Initial Review,Pending,Approved,KYC Analyst 2,Approved,
REV000615,CUST00615,2025-07-18,Periodic Review,Expired,Approved,Compliance Officer,Approved,
REV000616,CUST00616,2026-05-09,Enhanced Review,Expired,Approved,Compliance Officer,Approved,
REV000617,CUST00617,2026-05-14,Initial Review,Pending,Approved,KYC Analyst 2,Approved,
REV000618,CUST00618,2026-04-18,Enhanced Review,Approved,Approved,KYC Analyst 1,Approved,
REV000619,CUST00619,2025-07-19,Enhanced Review,Pending,Approved,KYC Analyst 1,Approved,
REV000620,CUST00620,2026-01-14,Initial Review,Approved,Approved,Compliance Officer,Approved,
REV000621,CUST00621,2026-05-07,Enhanced Review,Approved,Approved,KYC Analyst 2,Approved,
REV000622,CUST00622,2025-02-11,Enhanced Review,Pending,Approved,KYC Analyst 1,Approved,
REV000623,CUST00623,2024-07-21,Enhanced Review,Pending,Approved,Compliance Officer,Approved,
REV000624,CUST00624,2024-10-03,Periodic Review,Approved,Approved,KYC Analyst 2,Approved,
REV000625,CUST00625,2026-12-06,Enhanced Review,Expired,Approved,KYC Analyst 1,Approved,
REV000626,CUST00626,2026-07-10,Enhanced Review,Expired,Approved,Compliance Officer,Approved,
REV000627,CUST00627,2024-04-12,Periodic Review,Pending,Approved,KYC Analyst 2,Approved,
REV000628,CUST00628,2026-10-05,Initial Review,Pending,Approved,Compliance Officer,Approved,
REV000629,CUST00629,2025-05-01,Enhanced Review,Pending,Approved,KYC Analyst 1,Approved,
REV000630,CUST00630,2025-01-04,Enhanced Review,Pending,Approved,KYC Analyst 1,Approved,
REV000631,CUST00631,2024-01-14,Initial Review,Pending,Approved,KYC Analyst 2,Approved,
REV000632,CUST00632,2024-11-03,Initial Review,Approved,Approved,Compliance Officer,Approved,
REV000633,CUST00633,2026-12-13,Periodic Review,Pending,Pending,KYC Analyst 2,Pending,
REV000634,CUST00634,2024-08-11,Enhanced Review,Pending,Approved,KYC Analyst 1,Approved,
REV000635,CUST00635,2024-11-29,Periodic Review,Approved,Pending,KYC Analyst 1,Escalated,
REV000636,CUST00636,2026-07-16,Enhanced Review,Pending,Approved,Compliance Officer,Approved,
REV000637,CUST00637,2025-12-27,Initial Review,Approved,Approved,KYC Analyst 2,Approved,
REV000638,CUST00638,2024-08-11,Enhanced Review,Approved,Approved,Compliance Officer,Approved,
REV000639,CUST00639,2026-10-16,Initial Review,Pending,Approved,KYC Analyst 1,Approved,
REV000640,CUST00640,2025-03-20,Periodic Review,Pending,Approved,KYC Analyst 2,Approved,
REV000641,CUST00641,2024-08-27,Periodic Review,Expired,Rejected,Compliance Officer,Pending,
REV000642,CUST00642,2026-07-18,Initial Review,Pending,Approved,KYC Analyst 2,Approved,
REV000643,CUST00643,2026-12-20,Enhanced Review,Approved,Pending,KYC Analyst 2,Escalated,
REV000644,CUST00644,2026-08-28,Enhanced Review,Expired,Pending,KYC Analyst 2,Pending,
REV000645,CUST00645,2026-08-12,Periodic Review,Expired,Approved,KYC Analyst 1,Approved,
REV000646,CUST00646,2024-08-30,Enhanced Review,Approved,Approved,KYC Analyst 1,Approved,
REV000647,CUST00647,2025-03-03,Enhanced Review,Pending,Approved,Compliance Officer,Approved,
REV000648,CUST00648,2024-12-18,Enhanced Review,Expired,Approved,KYC Analyst 1,Approved,
REV000649,CUST00649,2025-01-16,Initial Review,Expired,Approved,KYC Analyst 1,Approved,
REV000650,CUST00650,2025-09-05,Enhanced Review,Approved,Approved,Compliance Officer,Approved,
REV000651,CUST00651,2026-12-29,Initial Review,Pending,Approved,KYC Analyst 1,Approved,
REV000652,CUST00652,2025-12-22,Initial Review,Approved,Approved,KYC Analyst 2,Approved,
REV000653,CUST00653,2024-08-23,Periodic Review,Approved,Pending,Compliance Officer,Escalated,
REV000654,CUST00654,2025-03-06,Periodic Review,Expired,Approved,Compliance Officer,Approved,
REV000655,CUST00655,2025-10-30,Periodic Review,Expired,Approved,Compliance Officer,Approved,
REV000656,CUST00656,2024-05-06,Initial Review,Pending,Approved,Compliance Officer,Approved,
REV000657,CUST00657,2026-10-04,Initial Review,Approved,Approved,Compliance Officer,Approved,
REV000658,CUST00658,2025-01-15,Enhanced Review,Pending,Approved,KYC Analyst 2,Approved,
REV000659,CUST00659,2026-01-08,Initial Review,Approved,Approved,KYC Analyst 2,Approved,
REV000660,CUST00660,2025-03-08,Initial Review,Expired,Approved,KYC Analyst 2,Approved,
REV000661,CUST00661,2026-03-22,Initial Review,Pending,Approved,KYC Analyst 2,Approved,
REV000662,CUST00662,2026-05-01,Initial Review,Expired,Approved,KYC Analyst 2,Approved,
REV000663,CUST00663,2026-06-25,Initial Review,Pending,Approved,KYC Analyst 1,Approved,
REV000664,CUST00664,2026-09-04,Initial Review,Expired,Approved,KYC Analyst 1,Approved,
REV000665,CUST00665,2025-07-05,Periodic Review,Pending,Approved,Compliance Officer,Approved,
REV000666,CUST00666,2026-11-22,Periodic Review,Approved,Rejected,Compliance Officer,Rejected,
REV000667,CUST00667,2024-07-10,Enhanced Review,Approved,Approved,KYC Analyst 1,Approved,
REV000668,CUST00668,2025-08-14,Enhanced Review,Approved,Rejected,Compliance Officer,Rejected,
REV000669,CUST00669,2024-08-10,Initial Review,Pending,Pending,KYC Analyst 1,Escalated,
REV000670,CUST00670,2026-08-04,Initial Review,Approved,Approved,Compliance Officer,Approved,
REV000671,CUST00671,2024-10-08,Enhanced Review,Pending,Approved,Compliance Officer,Approved,
REV000672,CUST00672,2026-07-24,Periodic Review,Pending,Approved,KYC Analyst 2,Approved,
REV000673,CUST00673,2026-01-03,Initial Review,Expired,Pending,Compliance Officer,Rejected,
REV000674,CUST00674,2026-12-20,Initial Review,Approved,Approved,Compliance Officer,Approved,
REV000675,CUST00675,2026-01-29,Enhanced Review,Expired,Approved,Compliance Officer,Approved,
REV000676,CUST00676,2024-05-06,Initial Review,Expired,Rejected,KYC Analyst 2,Escalated,
REV000677,CUST00677,2026-04-08,Enhanced Review,Expired,Rejected,Compliance Officer,Pending,
REV000678,CUST00678,2026-02-06,Enhanced Review,Expired,Approved,KYC Analyst 1,Approved,
REV000679,CUST00679,2026-09-03,Initial Review,Approved,Approved,KYC Analyst 1,Approved,
REV000680,CUST00680,2024-02-29,Enhanced Review,Expired,Approved,KYC Analyst 2,Approved,
REV000681,CUST00681,2026-06-14,Periodic Review,Pending,Approved,KYC Analyst 2,Approved,
REV000682,CUST00682,2024-12-13,Enhanced Review,Expired,Expired,Compliance Officer,Escalated,
REV000683,CUST00683,2026-01-26,Initial Review,Expired,Approved,Compliance Officer,Approved,
REV000684,CUST00684,2026-01-22,Enhanced Review,Approved,Approved,KYC Analyst 1,Approved,
REV000685,CUST00685,2025-07-28,Periodic Review,Pending,Approved,KYC Analyst 2,Approved,
REV000686,CUST00686,2025-12-10,Initial Review,Pending,Pending,Compliance Officer,Pending,
REV000687,CUST00687,2026-01-18,Initial Review,Pending,Approved,KYC Analyst 2,Approved,
REV000688,CUST00688,2026-04-21,Initial Review,Pending,Approved,Compliance Officer,Approved,
REV000689,CUST00689,2024-06-12,Initial Review,Expired,Approved,KYC Analyst 2,Approved,
REV000690,CUST00690,2025-12-11,Enhanced Review,Expired,Approved,KYC Analyst 2,Approved,
REV000691,CUST00691,2025-07-29,Initial Review,Pending,Approved,Compliance Officer,Approved,
REV000692,CUST00692,2025-05-19,Periodic Review,Pending,Approved,KYC Analyst 1,Approved,
REV000693,CUST00693,2024-10-25,Periodic Review,Pending,Pending,KYC Analyst 2,Pending,
REV000694,CUST00694,2024-12-02,Enhanced Review,Expired,Approved,Compliance Officer,Approved,
REV000695,CUST00695,2025-03-10,Periodic Review,Approved,Rejected,KYC Analyst 1,Pending,
REV000696,CUST00696,2025-12-16,Periodic Review,Approved,Approved,Compliance Officer,Approved,
REV000697,CUST00697,2025-07-21,Periodic Review,Expired,Approved,KYC Analyst 2,Approved,
REV000698,CUST00698,2024-01-15,Initial Review,Approved,Approved,KYC Analyst 2,Approved,
REV000699,CUST00699,2026-02-21,Initial Review,Expired,Approved,KYC Analyst 2,Approved,
REV000700,CUST00700,2025-01-30,Enhanced Review,Expired,Approved,Compliance Officer,Approved,
REV000701,CUST00701,2026-02-09,Periodic Review,Pending,Approved,KYC Analyst 2,Approved,
REV000702,CUST00702,2026-03-20,Enhanced Review,Expired,Approved,Compliance Officer,Approved,
REV000703,CUST00703,2025-11-24,Periodic Review,Pending,Approved,KYC Analyst 2,Approved,
REV000704,CUST00704,2026-07-08,Enhanced Review,Approved,Approved,Compliance Officer,Approved,
REV000705,CUST00705,2024-07-16,Initial Review,Pending,Approved,KYC Analyst 1,Approved,
REV000706,CUST00706,2025-01-24,Initial Review,Approved,Pending,Compliance Officer,Pending,
REV000707,CUST00707,2026-02-18,Periodic Review,Pending,Approved,KYC Analyst 2,Approved,
REV000708,CUST00708,2024-03-04,Initial Review,Pending,Approved,KYC Analyst 2,Approved,
REV000709,CUST00709,2026-11-27,Periodic Review,Pending,Approved,Compliance Officer,Approved,
REV000710,CUST00710,2024-05-13,Initial Review,Expired,Approved,KYC Analyst 2,Approved,
REV000711,CUST00711,2026-05-05,Enhanced Review,Approved,Approved,KYC Analyst 1,Approved,
REV000712,CUST00712,2026-08-28,Initial Review,Expired,Rejected,KYC Analyst 1,Rejected,
REV000713,CUST00713,2025-02-24,Periodic Review,Expired,Approved,KYC Analyst 2,Approved,
REV000714,CUST00714,2024-07-15,Initial Review,Pending,Approved,KYC Analyst 1,Approved,
REV000715,CUST00715,2026-09-14,Initial Review,Expired,Approved,KYC Analyst 2,Approved,
REV000716,CUST00716,2024-06-29,Initial Review,Pending,Approved,KYC Analyst 1,Approved,
REV000717,CUST00717,2026-06-03,Enhanced Review,Pending,Approved,KYC Analyst 1,Approved,
REV000718,CUST00718,2026-09-28,Enhanced Review,Pending,Expired,KYC Analyst 2,Rejected,
REV000719,CUST00719,2026-10-16,Periodic Review,Pending,Approved,KYC Analyst 2,Approved,
REV000720,CUST00720,2025-09-03,Initial Review,Pending,Rejected,Compliance Officer,Pending,
REV000721,CUST00721,2026-03-30,Initial Review,Pending,Approved,KYC Analyst 1,Approved,
REV000722,CUST00722,2024-07-27,Enhanced Review,Pending,Approved,KYC Analyst 1,Approved,
REV000723,CUST00723,2025-09-06,Initial Review,Approved,Approved,Compliance Officer,Approved,
REV000724,CUST00724,2025-08-05,Periodic Review,Expired,Approved,KYC Analyst 2,Approved,
REV000725,CUST00725,2026-04-16,Enhanced Review,Expired,Approved,KYC Analyst 1,Approved,
REV000726,CUST00726,2025-06-08,Enhanced Review,Expired,Approved,KYC Analyst 1,Approved,
REV000727,CUST00727,2024-09-28,Initial Review,Expired,Approved,KYC Analyst 1,Approved,
REV000728,CUST00728,2026-07-05,Enhanced Review,Approved,Approved,Compliance Officer,Approved,
REV000729,CUST00729,2025-09-09,Enhanced Review,Expired,Approved,KYC Analyst 2,Approved,
REV000730,CUST00730,2025-06-23,Initial Review,Approved,Approved,KYC Analyst 1,Approved,
REV000731,CUST00731,2024-01-27,Initial Review,Pending,Expired,KYC Analyst 2,Escalated,
REV000732,CUST00732,2026-02-04,Periodic Review,Expired,Approved,Compliance Officer,Approved,
REV000733,CUST00733,2026-12-06,Initial Review,Approved,Approved,KYC Analyst 1,Approved,
REV000734,CUST00734,2026-08-22,Periodic Review,Approved,Approved,KYC Analyst 1,Approved,
REV000735,CUST00735,2026-11-19,Initial Review,Expired,Approved,KYC Analyst 2,Approved,
REV000736,CUST00736,2026-05-19,Enhanced Review,Approved,Approved,KYC Analyst 2,Approved,
REV000737,CUST00737,2024-08-18,Enhanced Review,Pending,Approved,KYC Analyst 2,Approved,
REV000738,CUST00738,2025-07-29,Enhanced Review,Expired,Approved,Compliance Officer,Approved,
REV000739,CUST00739,2025-12-24,Periodic Review,Approved,Expired,KYC Analyst 2,Rejected,
REV000740,CUST00740,2025-12-27,Periodic Review,Pending,Approved,Compliance Officer,Approved,
REV000741,CUST00741,2026-05-18,Periodic Review,Expired,Approved,Compliance Officer,Approved,
REV000742,CUST00742,2026-01-24,Periodic Review,Approved,Approved,KYC Analyst 1,Approved,
REV000743,CUST00743,2025-11-28,Enhanced Review,Pending,Pending,KYC Analyst 1,Rejected,
REV000744,CUST00744,2026-11-26,Enhanced Review,Expired,Approved,KYC Analyst 1,Approved,
REV000745,CUST00745,2025-10-17,Initial Review,Approved,Pending,Compliance Officer,Rejected,
REV000746,CUST00746,2025-04-11,Enhanced Review,Expired,Approved,KYC Analyst 1,Approved,
REV000747,CUST00747,2026-05-02,Enhanced Review,Pending,Approved,KYC Analyst 1,Approved,
REV000748,CUST00748,2025-01-08,Enhanced Review,Pending,Approved,Compliance Officer,Approved,
REV000749,CUST00749,2025-12-02,Initial Review,Pending,Approved,KYC Analyst 2,Approved,
REV000750,CUST00750,2024-06-24,Initial Review,Approved,Pending,Compliance Officer,Rejected,
REV000751,CUST00751,2026-10-20,Enhanced Review,Pending,Approved,KYC Analyst 2,Approved,
REV000752,CUST00752,2026-08-10,Initial Review,Approved,Approved,KYC Analyst 1,Approved,
REV000753,CUST00753,2025-10-15,Initial Review,Approved,Approved,Compliance Officer,Approved,
REV000754,CUST00754,2026-02-26,Initial Review,Pending,Approved,KYC Analyst 2,Approved,
REV000755,CUST00755,2024-03-20,Initial Review,Expired,Approved,KYC Analyst 2,Approved,
REV000756,CUST00756,2026-11-04,Initial Review,Pending,Approved,Compliance Officer,Approved,
REV000757,CUST00757,2024-12-23,Enhanced Review,Expired,Approved,KYC Analyst 1,Approved,
REV000758,CUST00758,2024-07-11,Initial Review,Pending,Approved,Compliance Officer,Approved,
REV000759,CUST00759,2024-12-31,Enhanced Review,Approved,Pending,Compliance Officer,Pending,
REV000760,CUST00760,2025-09-14,Initial Review,Approved,Approved,Compliance Officer,Approved,
REV000761,CUST00761,2026-10-23,Initial Review,Approved,Approved,KYC Analyst 1,Approved,
REV000762,CUST00762,2025-07-26,Periodic Review,Expired,Approved,Compliance Officer,Approved,
REV000763,CUST00763,2026-12-07,Periodic Review,Approved,Approved,Compliance Officer,Approved,
REV000764,CUST00764,2026-12-29,Enhanced Review,Expired,Approved,Compliance Officer,Approved,
REV000765,CUST00765,2024-12-30,Enhanced Review,Pending,Pending,Compliance Officer,Escalated,
REV000766,CUST00766,2026-12-09,Initial Review,Approved,Approved,KYC Analyst 2,Approved,
REV000767,CUST00767,2025-11-11,Initial Review,Pending,Approved,Compliance Officer,Approved,
REV000768,CUST00768,2024-07-12,Periodic Review,Pending,Approved,KYC Analyst 1,Approved,
REV000769,CUST00769,2026-09-18,Enhanced Review,Pending,Approved,KYC Analyst 1,Approved,
REV000770,CUST00770,2025-12-10,Enhanced Review,Expired,Approved,Compliance Officer,Approved,
REV000771,CUST00771,2025-10-24,Periodic Review,Expired,Approved,KYC Analyst 2,Approved,
REV000772,CUST00772,2024-05-28,Initial Review,Expired,Pending,Compliance Officer,Rejected,
REV000773,CUST00773,2025-12-15,Initial Review,Approved,Approved,KYC Analyst 2,Approved,
REV000774,CUST00774,2026-11-22,Periodic Review,Expired,Approved,KYC Analyst 1,Approved,
REV000775,CUST00775,2024-10-24,Enhanced Review,Approved,Approved,KYC Analyst 1,Approved,
REV000776,CUST00776,2024-05-06,Enhanced Review,Approved,Expired,KYC Analyst 1,Rejected,
REV000777,CUST00777,2026-07-04,Initial Review,Expired,Approved,KYC Analyst 1,Approved,
REV000778,CUST00778,2024-06-28,Enhanced Review,Expired,Approved,KYC Analyst 2,Approved,
REV000779,CUST00779,2026-05-07,Initial Review,Pending,Approved,Compliance Officer,Approved,
REV000780,CUST00780,2024-07-21,Enhanced Review,Expired,Approved,KYC Analyst 1,Approved,
REV000781,CUST00781,2026-08-26,Periodic Review,Expired,Pending,Compliance Officer,Escalated,
REV000782,CUST00782,2026-02-20,Enhanced Review,Approved,Approved,KYC Analyst 2,Approved,
REV000783,CUST00783,2025-02-22,Enhanced Review,Pending,Approved,KYC Analyst 1,Approved,
REV000784,CUST00784,2025-02-05,Initial Review,Pending,Approved,Compliance Officer,Approved,
REV000785,CUST00785,2026-10-20,Periodic Review,Pending,Pending,KYC Analyst 1,Rejected,
REV000786,CUST00786,2025-05-15,Initial Review,Expired,Approved,KYC Analyst 1,Approved,
REV000787,CUST00787,2025-09-28,Enhanced Review,Expired,Pending,Compliance Officer,Rejected,
REV000788,CUST00788,2026-05-08,Enhanced Review,Approved,Approved,KYC Analyst 2,Approved,
REV000789,CUST00789,2024-03-16,Periodic Review,Pending,Approved,KYC Analyst 2,Approved,
REV000790,CUST00790,2024-10-10,Initial Review,Expired,Approved,KYC Analyst 1,Approved,
REV000791,CUST00791,2026-06-04,Periodic Review,Expired,Approved,Compliance Officer,Approved,
REV000792,CUST00792,2024-08-28,Enhanced Review,Approved,Approved,Compliance Officer,Approved,
REV000793,CUST00793,2024-12-21,Enhanced Review,Expired,Pending,KYC Analyst 1,Rejected,
REV000794,CUST00794,2025-07-09,Enhanced Review,Approved,Approved,KYC Analyst 1,Approved,
REV000795,CUST00795,2026-12-04,Initial Review,Approved,Approved,KYC Analyst 2,Approved,
REV000796,CUST00796,2026-06-22,Initial Review,Approved,Approved,Compliance Officer,Approved,
REV000797,CUST00797,2024-06-09,Periodic Review,Approved,Approved,KYC Analyst 2,Approved,
REV000798,CUST00798,2025-08-20,Initial Review,Pending,Approved,KYC Analyst 1,Approved,
REV000799,CUST00799,2024-03-06,Enhanced Review,Pending,Pending,KYC Analyst 2,Pending,
REV000800,CUST00800,2024-05-18,Initial Review,Expired,Pending,KYC Analyst 1,Rejected,
REV000801,CUST00801,2024-03-19,Initial Review,Pending,Approved,Compliance Officer,Approved,
REV000802,CUST00802,2025-11-12,Enhanced Review,Expired,Approved,Compliance Officer,Approved,
REV000803,CUST00803,2024-08-18,Initial Review,Approved,Pending,KYC Analyst 2,Rejected,
REV000804,CUST00804,2025-09-04,Enhanced Review,Expired,Expired,KYC Analyst 1,Escalated,
REV000805,CUST00805,2025-07-10,Initial Review,Approved,Approved,Compliance Officer,Approved,
REV000806,CUST00806,2026-03-03,Initial Review,Pending,Approved,KYC Analyst 2,Approved,
REV000807,CUST00807,2025-09-23,Periodic Review,Approved,Pending,KYC Analyst 1,Pending,
REV000808,CUST00808,2024-02-03,Periodic Review,Pending,Approved,Compliance Officer,Approved,
REV000809,CUST00809,2026-07-31,Periodic Review,Approved,Approved,KYC Analyst 2,Approved,
REV000810,CUST00810,2026-05-07,Initial Review,Expired,Approved,KYC Analyst 1,Approved,
REV000811,CUST00811,2024-07-09,Initial Review,Expired,Approved,KYC Analyst 2,Approved,
REV000812,CUST00812,2024-01-11,Periodic Review,Expired,Approved,KYC Analyst 1,Approved,
REV000813,CUST00813,2024-05-27,Initial Review,Approved,Pending,KYC Analyst 1,Escalated,
REV000814,CUST00814,2024-08-17,Enhanced Review,Approved,Approved,KYC Analyst 2,Approved,
REV000815,CUST00815,2024-03-01,Initial Review,Expired,Approved,Compliance Officer,Approved,
REV000816,CUST00816,2026-07-26,Initial Review,Pending,Approved,Compliance Officer,Approved,
REV000817,CUST00817,2024-05-14,Periodic Review,Approved,Approved,KYC Analyst 2,Approved,
REV000818,CUST00818,2025-09-14,Enhanced Review,Expired,Approved,Compliance Officer,Approved,
REV000819,CUST00819,2025-12-25,Periodic Review,Pending,Rejected,KYC Analyst 2,Escalated,
REV000820,CUST00820,2026-06-21,Periodic Review,Approved,Approved,Compliance Officer,Approved,
REV000821,CUST00821,2026-08-08,Enhanced Review,Pending,Rejected,KYC Analyst 1,Rejected,
REV000822,CUST00822,2026-12-15,Enhanced Review,Approved,Approved,KYC Analyst 2,Approved,
REV000823,CUST00823,2025-02-21,Initial Review,Expired,Approved,KYC Analyst 2,Approved,
REV000824,CUST00824,2024-10-30,Periodic Review,Approved,Approved,KYC Analyst 2,Approved,
REV000825,CUST00825,2026-12-14,Initial Review,Approved,Approved,KYC Analyst 1,Approved,
REV000826,CUST00826,2024-04-21,Initial Review,Approved,Approved,KYC Analyst 2,Approved,
REV000827,CUST00827,2024-05-13,Periodic Review,Approved,Approved,KYC Analyst 2,Approved,
REV000828,CUST00828,2024-05-11,Periodic Review,Pending,Approved,KYC Analyst 2,Approved,
REV000829,CUST00829,2024-10-25,Periodic Review,Pending,Approved,KYC Analyst 1,Approved,
REV000830,CUST00830,2025-11-25,Initial Review,Pending,Approved,KYC Analyst 1,Approved,
REV000831,CUST00831,2025-09-19,Initial Review,Pending,Approved,KYC Analyst 2,Approved,
REV000832,CUST00832,2024-10-02,Initial Review,Expired,Approved,Compliance Officer,Approved,
REV000833,CUST00833,2026-12-05,Enhanced Review,Expired,Approved,KYC Analyst 1,Approved,
REV000834,CUST00834,2025-03-26,Enhanced Review,Approved,Approved,KYC Analyst 1,Approved,
REV000835,CUST00835,2024-11-07,Periodic Review,Pending,Approved,Compliance Officer,Approved,
REV000836,CUST00836,2024-10-18,Initial Review,Approved,Approved,KYC Analyst 2,Approved,
REV000837,CUST00837,2024-10-18,Enhanced Review,Expired,Approved,KYC Analyst 1,Approved,
REV000838,CUST00838,2026-06-18,Initial Review,Pending,Approved,KYC Analyst 1,Approved,
REV000839,CUST00839,2025-05-03,Initial Review,Pending,Pending,KYC Analyst 2,Rejected,
REV000840,CUST00840,2024-01-25,Initial Review,Approved,Approved,KYC Analyst 1,Approved,
REV000841,CUST00841,2025-04-05,Initial Review,Approved,Approved,Compliance Officer,Approved,
REV000842,CUST00842,2025-07-14,Periodic Review,Approved,Approved,KYC Analyst 2,Approved,
REV000843,CUST00843,2024-05-03,Periodic Review,Pending,Approved,KYC Analyst 1,Approved,
REV000844,CUST00844,2026-07-06,Periodic Review,Expired,Approved,Compliance Officer,Approved,
REV000845,CUST00845,2026-07-06,Initial Review,Approved,Approved,KYC Analyst 2,Approved,
REV000846,CUST00846,2025-06-06,Enhanced Review,Pending,Approved,KYC Analyst 1,Approved,
REV000847,CUST00847,2026-01-02,Periodic Review,Expired,Approved,KYC Analyst 1,Approved,
REV000848,CUST00848,2025-11-04,Initial Review,Expired,Approved,Compliance Officer,Approved,
REV000849,CUST00849,2025-06-03,Periodic Review,Expired,Approved,KYC Analyst 1,Approved,
REV000850,CUST00850,2024-04-17,Enhanced Review,Expired,Approved,Compliance Officer,Approved,
REV000851,CUST00851,2026-11-28,Enhanced Review,Pending,Pending,KYC Analyst 1,Rejected,
REV000852,CUST00852,2024-10-14,Initial Review,Approved,Approved,KYC Analyst 1,Approved,
REV000853,CUST00853,2024-12-09,Enhanced Review,Pending,Pending,KYC Analyst 1,Rejected,
REV000854,CUST00854,2024-11-07,Initial Review,Pending,Pending,Compliance Officer,Escalated,
REV000855,CUST00855,2024-08-08,Periodic Review,Pending,Pending,KYC Analyst 2,Pending,
REV000856,CUST00856,2025-08-10,Periodic Review,Approved,Rejected,KYC Analyst 1,Pending,
REV000857,CUST00857,2026-11-19,Initial Review,Approved,Approved,Compliance Officer,Approved,
REV000858,CUST00858,2026-06-22,Initial Review,Expired,Approved,KYC Analyst 1,Approved,
REV000859,CUST00859,2024-05-10,Initial Review,Expired,Approved,Compliance Officer,Approved,
REV000860,CUST00860,2025-09-11,Periodic Review,Expired,Approved,KYC Analyst 1,Approved,
REV000861,CUST00861,2025-09-20,Initial Review,Pending,Pending,KYC Analyst 1,Escalated,
REV000862,CUST00862,2025-06-20,Enhanced Review,Pending,Expired,KYC Analyst 1,Pending,
REV000863,CUST00863,2024-04-18,Enhanced Review,Expired,Pending,KYC Analyst 1,Pending,
REV000864,CUST00864,2024-12-01,Enhanced Review,Expired,Approved,KYC Analyst 2,Approved,
REV000865,CUST00865,2026-01-23,Initial Review,Approved,Approved,Compliance Officer,Approved,
REV000866,CUST00866,2025-04-06,Initial Review,Approved,Approved,Compliance Officer,Approved,
REV000867,CUST00867,2026-08-05,Enhanced Review,Pending,Pending,KYC Analyst 2,Rejected,
REV000868,CUST00868,2025-03-31,Enhanced Review,Expired,Expired,Compliance Officer,Escalated,
REV000869,CUST00869,2026-07-12,Periodic Review,Pending,Approved,Compliance Officer,Approved,
REV000870,CUST00870,2026-05-02,Initial Review,Pending,Approved,KYC Analyst 1,Approved,
REV000871,CUST00871,2025-01-21,Periodic Review,Pending,Approved,KYC Analyst 2,Approved,
REV000872,CUST00872,2025-02-01,Periodic Review,Expired,Approved,Compliance Officer,Approved,
REV000873,CUST00873,2024-02-26,Periodic Review,Approved,Approved,Compliance Officer,Approved,
REV000874,CUST00874,2024-01-30,Initial Review,Pending,Approved,Compliance Officer,Approved,
REV000875,CUST00875,2024-07-26,Periodic Review,Approved,Expired,KYC Analyst 1,Pending,
REV000876,CUST00876,2024-07-21,Initial Review,Approved,Approved,KYC Analyst 1,Approved,
REV000877,CUST00877,2025-11-07,Initial Review,Pending,Approved,KYC Analyst 2,Approved,
REV000878,CUST00878,2024-12-29,Initial Review,Expired,Approved,KYC Analyst 2,Approved,
REV000879,CUST00879,2026-01-01,Initial Review,Pending,Approved,KYC Analyst 1,Approved,
REV000880,CUST00880,2024-08-12,Enhanced Review,Expired,Pending,Compliance Officer,Escalated,
REV000881,CUST00881,2025-10-01,Enhanced Review,Approved,Approved,KYC Analyst 2,Approved,
REV000882,CUST00882,2024-06-20,Initial Review,Pending,Approved,KYC Analyst 2,Approved,
REV000883,CUST00883,2024-06-22,Enhanced Review,Pending,Approved,KYC Analyst 1,Approved,
REV000884,CUST00884,2024-07-21,Enhanced Review,Expired,Approved,KYC Analyst 2,Approved,
REV000885,CUST00885,2026-04-02,Initial Review,Approved,Approved,KYC Analyst 1,Approved,
REV000886,CUST00886,2025-10-27,Initial Review,Approved,Approved,Compliance Officer,Approved,
REV000887,CUST00887,2024-05-26,Initial Review,Expired,Approved,Compliance Officer,Approved,
REV000888,CUST00888,2024-07-15,Enhanced Review,Approved,Approved,Compliance Officer,Approved,
REV000889,CUST00889,2026-07-16,Enhanced Review,Approved,Pending,KYC Analyst 2,Escalated,
REV000890,CUST00890,2026-08-09,Initial Review,Pending,Pending,KYC Analyst 1,Pending,
REV000891,CUST00891,2024-04-01,Enhanced Review,Expired,Pending,KYC Analyst 1,Rejected,
REV000892,CUST00892,2024-11-27,Initial Review,Approved,Approved,Compliance Officer,Approved,
REV000893,CUST00893,2026-03-25,Initial Review,Approved,Pending,KYC Analyst 2,Rejected,
REV000894,CUST00894,2024-06-26,Periodic Review,Expired,Rejected,KYC Analyst 2,Escalated,
REV000895,CUST00895,2024-11-04,Enhanced Review,Approved,Approved,Compliance Officer,Approved,
REV000896,CUST00896,2024-06-20,Periodic Review,Expired,Expired,KYC Analyst 1,Escalated,
REV000897,CUST00897,2024-11-04,Initial Review,Expired,Approved,KYC Analyst 1,Approved,
REV000898,CUST00898,2024-02-04,Initial Review,Pending,Pending,KYC Analyst 2,Escalated,
REV000899,CUST00899,2026-08-15,Periodic Review,Expired,Approved,KYC Analyst 1,Approved,
REV000900,CUST00900,2025-01-05,Periodic Review,Pending,Approved,KYC Analyst 1,Approved,
REV000901,CUST00901,2026-09-29,Periodic Review,Expired,Approved,Compliance Officer,Approved,
REV000902,CUST00902,2026-07-11,Enhanced Review,Expired,Approved,Compliance Officer,Approved,
REV000903,CUST00903,2025-02-22,Initial Review,Expired,Approved,KYC Analyst 2,Approved,
REV000904,CUST00904,2026-12-02,Enhanced Review,Expired,Approved,KYC Analyst 1,Approved,
REV000905,CUST00905,2026-04-11,Periodic Review,Approved,Approved,KYC Analyst 2,Approved,
REV000906,CUST00906,2026-11-24,Periodic Review,Expired,Approved,KYC Analyst 2,Approved,
REV000907,CUST00907,2026-12-03,Periodic Review,Expired,Approved,KYC Analyst 2,Approved,
REV000908,CUST00908,2025-04-12,Enhanced Review,Pending,Approved,KYC Analyst 2,Approved,
REV000909,CUST00909,2026-09-02,Periodic Review,Approved,Approved,KYC Analyst 1,Approved,
REV000910,CUST00910,2025-03-31,Enhanced Review,Approved,Approved,Compliance Officer,Approved,
REV000911,CUST00911,2024-11-13,Initial Review,Approved,Approved,KYC Analyst 1,Approved,
REV000912,CUST00912,2025-06-02,Initial Review,Expired,Approved,KYC Analyst 1,Approved,
REV000913,CUST00913,2024-08-11,Initial Review,Expired,Approved,Compliance Officer,Approved,
REV000914,CUST00914,2026-05-12,Enhanced Review,Expired,Approved,Compliance Officer,Approved,
REV000915,CUST00915,2026-05-06,Initial Review,Pending,Approved,KYC Analyst 1,Approved,
REV000916,CUST00916,2025-05-02,Periodic Review,Approved,Approved,Compliance Officer,Approved,
REV000917,CUST00917,2026-05-27,Periodic Review,Expired,Approved,Compliance Officer,Approved,
REV000918,CUST00918,2026-07-14,Enhanced Review,Pending,Approved,KYC Analyst 1,Approved,
REV000919,CUST00919,2026-02-11,Periodic Review,Expired,Approved,KYC Analyst 2,Approved,
REV000920,CUST00920,2024-12-09,Initial Review,Expired,Approved,KYC Analyst 2,Approved,
REV000921,CUST00921,2024-11-08,Enhanced Review,Pending,Approved,Compliance Officer,Approved,
REV000922,CUST00922,2024-12-20,Periodic Review,Expired,Approved,Compliance Officer,Approved,
REV000923,CUST00923,2026-01-16,Enhanced Review,Approved,Approved,Compliance Officer,Approved,
REV000924,CUST00924,2024-02-09,Initial Review,Pending,Approved,Compliance Officer,Approved,
REV000925,CUST00925,2024-02-28,Initial Review,Expired,Approved,KYC Analyst 1,Approved,
REV000926,CUST00926,2024-07-23,Initial Review,Pending,Approved,Compliance Officer,Approved,
REV000927,CUST00927,2024-10-03,Periodic Review,Expired,Approved,KYC Analyst 2,Approved,
REV000928,CUST00928,2026-04-06,Enhanced Review,Pending,Approved,KYC Analyst 1,Approved,
REV000929,CUST00929,2024-04-30,Initial Review,Expired,Approved,KYC Analyst 2,Approved,
REV000930,CUST00930,2025-04-11,Enhanced Review,Expired,Approved,KYC Analyst 2,Approved,
REV000931,CUST00931,2024-11-10,Periodic Review,Expired,Approved,KYC Analyst 2,Approved,
REV000932,CUST00932,2024-04-05,Initial Review,Pending,Approved,Compliance Officer,Approved,
REV000933,CUST00933,2024-11-21,Initial Review,Pending,Pending,KYC Analyst 1,Pending,
REV000934,CUST00934,2025-03-02,Enhanced Review,Expired,Approved,KYC Analyst 1,Approved,
REV000935,CUST00935,2026-04-20,Enhanced Review,Expired,Approved,Compliance Officer,Approved,
REV000936,CUST00936,2025-06-19,Initial Review,Pending,Approved,KYC Analyst 2,Approved,
REV000937,CUST00937,2024-07-06,Periodic Review,Approved,Approved,KYC Analyst 1,Approved,
REV000938,CUST00938,2025-03-25,Periodic Review,Pending,Approved,KYC Analyst 1,Approved,
REV000939,CUST00939,2024-01-03,Initial Review,Expired,Approved,Compliance Officer,Approved,
REV000940,CUST00940,2025-09-19,Enhanced Review,Pending,Approved,Compliance Officer,Approved,
REV000941,CUST00941,2024-03-28,Enhanced Review,Pending,Expired,KYC Analyst 1,Rejected,
REV000942,CUST00942,2024-04-12,Initial Review,Approved,Approved,KYC Analyst 1,Approved,
REV000943,CUST00943,2024-12-13,Enhanced Review,Expired,Rejected,Compliance Officer,Escalated,
REV000944,CUST00944,2024-07-12,Enhanced Review,Expired,Approved,Compliance Officer,Approved,
REV000945,CUST00945,2024-11-30,Periodic Review,Pending,Approved,KYC Analyst 1,Approved,
REV000946,CUST00946,2026-01-27,Periodic Review,Approved,Approved,KYC Analyst 1,Approved,
REV000947,CUST00947,2025-08-07,Enhanced Review,Expired,Approved,KYC Analyst 2,Approved,
REV000948,CUST00948,2026-04-18,Enhanced Review,Expired,Approved,KYC Analyst 2,Approved,
REV000949,CUST00949,2026-01-07,Periodic Review,Approved,Approved,Compliance Officer,Approved,
REV000950,CUST00950,2024-01-15,Initial Review,Pending,Approved,KYC Analyst 2,Approved,
REV000951,CUST00951,2025-12-19,Periodic Review,Approved,Approved,KYC Analyst 1,Approved,
REV000952,CUST00952,2024-09-12,Enhanced Review,Approved,Rejected,KYC Analyst 2,Escalated,
REV000953,CUST00953,2025-05-18,Periodic Review,Approved,Expired,Compliance Officer,Escalated,
REV000954,CUST00954,2026-01-28,Periodic Review,Approved,Approved,Compliance Officer,Approved,
REV000955,CUST00955,2025-05-18,Initial Review,Approved,Approved,KYC Analyst 1,Approved,
REV000956,CUST00956,2025-02-07,Initial Review,Expired,Approved,Compliance Officer,Approved,
REV000957,CUST00957,2026-02-15,Initial Review,Approved,Approved,KYC Analyst 1,Approved,
REV000958,CUST00958,2024-12-19,Initial Review,Expired,Approved,KYC Analyst 2,Approved,
REV000959,CUST00959,2024-08-29,Initial Review,Pending,Approved,KYC Analyst 1,Approved,
REV000960,CUST00960,2026-07-20,Enhanced Review,Pending,Expired,KYC Analyst 2,Rejected,
REV000961,CUST00961,2026-08-28,Enhanced Review,Approved,Approved,KYC Analyst 2,Approved,
REV000962,CUST00962,2024-02-22,Enhanced Review,Approved,Approved,KYC Analyst 1,Approved,
REV000963,CUST00963,2025-01-22,Periodic Review,Pending,Approved,KYC Analyst 2,Approved,
REV000964,CUST00964,2024-08-07,Enhanced Review,Approved,Approved,KYC Analyst 2,Approved,
REV000965,CUST00965,2024-03-30,Enhanced Review,Approved,Approved,Compliance Officer,Approved,
REV000966,CUST00966,2024-11-29,Periodic Review,Approved,Approved,Compliance Officer,Approved,
REV000967,CUST00967,2024-07-22,Periodic Review,Expired,Approved,KYC Analyst 1,Approved,
REV000968,CUST00968,2026-05-06,Periodic Review,Pending,Pending,KYC Analyst 1,Pending,
REV000969,CUST00969,2026-09-21,Periodic Review,Pending,Pending,KYC Analyst 2,Escalated,
REV000970,CUST00970,2024-05-28,Enhanced Review,Approved,Pending,KYC Analyst 2,Escalated,
REV000971,CUST00971,2026-11-09,Periodic Review,Pending,Approved,KYC Analyst 2,Approved,
REV000972,CUST00972,2024-08-28,Initial Review,Expired,Approved,Compliance Officer,Approved,
REV000973,CUST00973,2024-06-30,Periodic Review,Approved,Rejected,Compliance Officer,Pending,
REV000974,CUST00974,2026-09-16,Enhanced Review,Approved,Approved,KYC Analyst 1,Approved,
REV000975,CUST00975,2024-05-17,Enhanced Review,Approved,Approved,KYC Analyst 2,Approved,
REV000976,CUST00976,2025-06-16,Enhanced Review,Approved,Approved,KYC Analyst 2,Approved,
REV000977,CUST00977,2025-11-29,Initial Review,Pending,Rejected,KYC Analyst 2,Rejected,
REV000978,CUST00978,2026-08-15,Enhanced Review,Approved,Expired,KYC Analyst 1,Escalated,
REV000979,CUST00979,2026-02-16,Enhanced Review,Expired,Pending,Compliance Officer,Pending,
REV000980,CUST00980,2026-01-27,Periodic Review,Pending,Approved,KYC Analyst 2,Approved,
REV000981,CUST00981,2025-08-08,Initial Review,Pending,Approved,KYC Analyst 1,Approved,
REV000982,CUST00982,2024-11-01,Periodic Review,Pending,Approved,KYC Analyst 2,Approved,
REV000983,CUST00983,2026-07-18,Periodic Review,Pending,Approved,KYC Analyst 2,Approved,
REV000984,CUST00984,2026-04-20,Periodic Review,Expired,Approved,Compliance Officer,Approved,
REV000985,CUST00985,2024-01-17,Initial Review,Expired,Pending,Compliance Officer,Escalated,
REV000986,CUST00986,2026-04-18,Initial Review,Expired,Approved,KYC Analyst 2,Approved,
REV000987,CUST00987,2026-01-20,Periodic Review,Approved,Pending,KYC Analyst 2,Rejected,
REV000988,CUST00988,2024-08-17,Enhanced Review,Approved,Approved,KYC Analyst 2,Approved,
REV000989,CUST00989,2025-10-13,Enhanced Review,Approved,Approved,Compliance Officer,Approved,
REV000990,CUST00990,2025-03-19,Enhanced Review,Expired,Approved,Compliance Officer,Approved,
REV000991,CUST00991,2024-11-06,Initial Review,Approved,Approved,KYC Analyst 2,Approved,
REV000992,CUST00992,2024-02-02,Enhanced Review,Approved,Approved,Compliance Officer,Approved,
REV000993,CUST00993,2026-05-12,Periodic Review,Approved,Approved,KYC Analyst 1,Approved,
REV000994,CUST00994,2025-12-27,Periodic Review,Approved,Rejected,KYC Analyst 1,Rejected,
REV000995,CUST00995,2024-01-07,Enhanced Review,Approved,Approved,KYC Analyst 2,Approved,
REV000996,CUST00996,2025-07-18,Enhanced Review,Approved,Approved,KYC Analyst 1,Approved,
REV000997,CUST00997,2026-04-22,Periodic Review,Approved,Approved,Compliance Officer,Approved,
REV000998,CUST00998,2025-04-07,Periodic Review,Approved,Approved,KYC Analyst 2,Approved,
REV000999,CUST00999,2024-01-26,Enhanced Review,Expired,Approved,Compliance Officer,Approved,
REV001000,CUST01000,2026-08-28,Enhanced Review,Expired,Approved,KYC Analyst 2,Approved,
