kyc_id,customer_id,kyc_status,kyc_level,verification_method,verification_date,next_review_date,document_verification_score,biometric_verification_status,selfie_match_score,overall_kyc_risk_score,kyc_remarks
KYC000001,CUST00001,Rejected,Standard,Manual,2024-08-24,2026-08-24,88.13,Passed,92.98,80.72,
KYC000002,CUST00002,Expired,Standard,Manual,2025-06-22,2026-06-22,98.28,Passed,59.21,72.74,
KYC000003,CUST00003,Approved,Standard,Manual,2025-03-20,2026-03-20,74.57,Passed,68.74,17.49,
KYC000004,CUST00004,Pending,Standard,Third-Party Provider,2024-01-02,2027-01-01,93.66,Passed,87.13,37.77,
KYC000005,CUST00005,Approved,Enhanced Due Diligence,Branch,2024-01-11,2025-01-10,72.7,Passed,57.41,15.56,
KYC000006,CUST00006,Approved,Enhanced Due Diligence,Digital,2024-07-01,2026-07-01,63.63,Passed,77.18,31.49,
KYC000007,CUST00007,Approved,Standard,Digital,2026-12-26,2027-12-26,64.53,Passed,85.24,18.56,
KYC000008,CUST00008,Approved,Standard,Third-Party Provider,2025-10-13,2027-10-13,63.51,Passed,62.3,33.13,
KYC000009,CUST00009,Approved,Basic,Manual,2025-10-11,2027-10-11,61.23,Passed,80.64,24.97,
KYC000010,CUST00010,Approved,Standard,Digital,2025-08-18,2026-08-18,94.93,Passed,79.88,33.78,
KYC000011,CUST00011,Approved,Basic,Branch,2024-05-22,2025-05-22,87.54,Failed,68.63,24.82,
KYC000012,CUST00012,Approved,Standard,Manual,2026-12-17,2027-12-17,86.36,Passed,97.42,9.33,
KYC000013,CUST00013,Pending,Standard,Third-Party Provider,2024-05-30,2025-05-30,95.78,Pending,94.7,38.79,
KYC000014,CUST00014,Approved,Basic,Branch,2025-12-13,2026-12-13,80.74,Passed,97.72,22.93,
KYC000015,CUST00015,Approved,Enhanced Due Diligence,Third-Party Provider,2026-10-11,2028-10-10,76.9,Passed,69.34,6.94,
KYC000016,CUST00016,Approved,Enhanced Due Diligence,Third-Party Provider,2025-10-06,2026-10-06,63.94,Passed,74.49,30.99,
KYC000017,CUST00017,Approved,Standard,Branch,2024-08-01,2025-08-01,64.14,Passed,86.1,11.4,
KYC000018,CUST00018,Approved,Standard,Digital,2026-10-13,2029-10-12,85.31,Passed,89.06,5.36,
KYC000019,CUST00019,Approved,Standard,Manual,2024-04-19,2025-04-19,87.38,Pending,69.46,27.43,
KYC000020,CUST00020,Approved,Standard,Branch,2025-08-03,2027-08-03,72.91,Passed,93.64,13.35,
KYC000021,CUST00021,Approved,Basic,Third-Party Provider,2026-08-18,2027-08-18,68.92,Passed,99.36,29.89,
KYC000022,CUST00022,Rejected,Basic,Digital,2026-01-13,2027-01-13,77.06,Passed,89.73,69.69,
KYC000023,CUST00023,Pending,Standard,Digital,2025-03-14,2027-03-14,94.5,Passed,57.2,64.5,
KYC000024,CUST00024,Approved,Standard,Digital,2025-07-04,2028-07-03,84.86,Passed,80.07,25.9,
KYC000025,CUST00025,Approved,Standard,Branch,2024-03-07,2027-03-07,73.1,Passed,90.45,33.14,
KYC000026,CUST00026,Approved,Standard,Digital,2026-03-26,2029-03-25,81.23,Passed,75.11,9.6,
KYC000027,CUST00027,Approved,Standard,Digital,2026-05-22,2029-05-21,84.22,Passed,95.13,13.64,
KYC000028,CUST00028,Approved,Basic,Third-Party Provider,2026-02-19,2027-02-19,92.5,Passed,87.45,32.67,
KYC000029,CUST00029,Pending,Standard,Manual,2024-04-20,2026-04-20,80.42,Passed,78.97,57.07,
KYC000030,CUST00030,Approved,Enhanced Due Diligence,Manual,2024-10-12,2027-10-12,92.87,Passed,75.72,22.48,
KYC000031,CUST00031,Pending,Basic,Branch,2026-10-17,2027-10-17,98.22,Passed,63.34,46.71,
KYC000032,CUST00032,Approved,Standard,Third-Party Provider,2026-05-28,2027-05-28,80.76,Passed,70.48,27.7,
KYC000033,CUST00033,Approved,Basic,Third-Party Provider,2024-12-23,2026-12-23,98.6,Passed,59.14,13.38,
KYC000034,CUST00034,Approved,Standard,Branch,2024-07-26,2027-07-26,69.3,Passed,77.05,12.63,
KYC000035,CUST00035,Approved,Basic,Branch,2025-06-18,2026-06-18,61.39,Passed,81.73,31.89,
KYC000036,CUST00036,Approved,Standard,Manual,2025-11-05,2028-11-04,84.66,Passed,61.46,6.51,
KYC000037,CUST00037,Pending,Standard,Branch,2024-01-05,2027-01-04,98.09,Passed,95.67,59.2,
KYC000038,CUST00038,Pending,Standard,Branch,2025-04-03,2027-04-03,79.67,Passed,82.35,64.03,
KYC000039,CUST00039,Approved,Basic,Digital,2024-07-22,2026-07-22,83.4,Passed,75.42,11.68,
KYC000040,CUST00040,Approved,Basic,Manual,2025-05-05,2028-05-04,64.15,Passed,84.69,24.1,
KYC000041,CUST00041,Approved,Standard,Branch,2025-06-16,2027-06-16,74.92,Pending,89.42,6.33,
KYC000042,CUST00042,Approved,Standard,Manual,2024-10-12,2027-10-12,88.46,Passed,94.46,10.12,
KYC000043,CUST00043,Pending,Enhanced Due Diligence,Third-Party Provider,2025-10-20,2028-10-19,82.31,Passed,90.34,50.71,
KYC000044,CUST00044,Approved,Standard,Third-Party Provider,2024-08-02,2025-08-02,83.02,Passed,64.32,29.93,
KYC000045,CUST00045,Approved,Standard,Manual,2024-12-13,2025-12-13,95.12,Pending,98.15,11.15,
KYC000046,CUST00046,Approved,Standard,Digital,2024-04-20,2027-04-20,89.62,Passed,63.36,16.27,
KYC000047,CUST00047,Approved,Basic,Branch,2026-07-08,2029-07-07,62.7,Passed,59.8,11.96,
KYC000048,CUST00048,Approved,Standard,Branch,2026-06-28,2029-06-27,90.9,Pending,66.09,5.09,
KYC000049,CUST00049,Approved,Standard,Digital,2025-03-03,2027-03-03,69.25,Passed,60.55,11.7,
KYC000050,CUST00050,Approved,Standard,Digital,2026-06-19,2028-06-18,72.25,Passed,71.48,14.26,
KYC000051,CUST00051,Pending,Enhanced Due Diligence,Digital,2025-02-22,2027-02-22,72.88,Passed,97.45,50.56,
KYC000052,CUST00052,Approved,Basic,Branch,2025-04-20,2028-04-19,82.22,Passed,63.06,24.56,
KYC000053,CUST00053,Pending,Standard,Third-Party Provider,2024-12-05,2026-12-05,81.4,Passed,77.15,52.75,
KYC000054,CUST00054,Approved,Basic,Digital,2025-04-25,2026-04-25,74.84,Passed,89.66,8.01,
KYC000055,CUST00055,Approved,Standard,Manual,2026-04-02,2027-04-02,87.24,Passed,77.2,24.34,
KYC000056,CUST00056,Approved,Enhanced Due Diligence,Manual,2025-11-11,2027-11-11,88.75,Passed,86.36,34.97,
KYC000057,CUST00057,Approved,Basic,Third-Party Provider,2025-04-16,2027-04-16,64.56,Passed,63.56,25.56,
KYC000058,CUST00058,Expired,Basic,Third-Party Provider,2025-03-08,2026-03-08,97.92,Passed,76.85,83.93,
KYC000059,CUST00059,Approved,Basic,Manual,2026-01-29,2029-01-28,62.03,Passed,55.66,34.55,
KYC000060,CUST00060,Pending,Basic,Branch,2025-09-03,2026-09-03,67.3,Passed,67.16,64.21,
KYC000061,CUST00061,Approved,Standard,Branch,2024-05-04,2026-05-04,65.9,Passed,94.56,32.63,
KYC000062,CUST00062,Approved,Standard,Digital,2026-06-22,2029-06-21,73.41,Passed,95.1,16.54,
KYC000063,CUST00063,Approved,Enhanced Due Diligence,Digital,2025-12-08,2027-12-08,96.26,Passed,88.66,6.03,
KYC000064,CUST00064,Approved,Enhanced Due Diligence,Branch,2026-04-28,2029-04-27,72.83,Passed,96.42,21.11,
KYC000065,CUST00065,Approved,Enhanced Due Diligence,Third-Party Provider,2024-06-11,2027-06-11,77.87,Passed,99.86,25.91,
KYC000066,CUST00066,Expired,Basic,Branch,2026-01-10,2027-01-10,72.58,Pending,57.5,93.73,
KYC000067,CUST00067,Approved,Standard,Digital,2024-12-22,2025-12-22,91.9,Passed,67.63,21.92,
KYC000068,CUST00068,Approved,Standard,Manual,2024-02-19,2025-02-18,84.06,Failed,81.85,12.28,
KYC000069,CUST00069,Pending,Basic,Third-Party Provider,2024-04-16,2026-04-16,94.93,Passed,70.71,53.87,
KYC000070,CUST00070,Approved,Basic,Digital,2026-11-29,2028-11-28,91.41,Pending,97.9,15.78,
KYC000071,CUST00071,Approved,Standard,Third-Party Provider,2026-01-04,2028-01-04,61.5,Passed,68.18,17.37,
KYC000072,CUST00072,Approved,Basic,Digital,2026-01-09,2028-01-09,98.71,Passed,91.44,15.53,
KYC000073,CUST00073,Pending,Standard,Third-Party Provider,2025-10-09,2027-10-09,65.68,Passed,67.69,47.75,
KYC000074,CUST00074,Rejected,Standard,Digital,2024-07-01,2027-07-01,87.87,Passed,82.11,87.15,
KYC000075,CUST00075,Pending,Standard,Digital,2024-05-02,2027-05-02,75.36,Passed,62.96,54.74,
KYC000076,CUST00076,Approved,Basic,Branch,2024-05-24,2026-05-24,69.61,Passed,70.22,5.65,
KYC000077,CUST00077,Approved,Basic,Digital,2026-03-04,2027-03-04,97.98,Passed,76.79,27.99,
KYC000078,CUST00078,Approved,Standard,Third-Party Provider,2026-07-28,2028-07-27,91.08,Passed,62.03,12.43,
KYC000079,CUST00079,Approved,Enhanced Due Diligence,Third-Party Provider,2025-07-23,2027-07-23,63.99,Passed,77.95,32.62,
KYC000080,CUST00080,Approved,Standard,Manual,2025-09-23,2026-09-23,84.28,Passed,89.16,12.54,
KYC000081,CUST00081,Pending,Basic,Manual,2026-06-28,2029-06-27,63.52,Passed,90.96,42.26,
KYC000082,CUST00082,Rejected,Standard,Third-Party Provider,2024-11-17,2027-11-17,90.7,Passed,97.01,82.87,
KYC000083,CUST00083,Approved,Standard,Branch,2026-12-21,2029-12-20,88.7,Passed,66.98,30.03,
KYC000084,CUST00084,Approved,Standard,Manual,2025-06-06,2027-06-06,75.38,Failed,93.28,30.92,
KYC000085,CUST00085,Approved,Basic,Digital,2026-10-27,2028-10-26,89.95,Passed,80.22,30.29,
KYC000086,CUST00086,Approved,Basic,Third-Party Provider,2026-05-06,2028-05-05,75.89,Pending,83.74,29.17,
KYC000087,CUST00087,Approved,Basic,Third-Party Provider,2024-07-23,2027-07-23,69.93,Passed,93.54,15.52,
KYC000088,CUST00088,Pending,Standard,Third-Party Provider,2026-06-04,2028-06-03,77.85,Passed,74.87,59.2,
KYC000089,CUST00089,Approved,Basic,Manual,2026-02-18,2028-02-18,64.82,Passed,63.54,15.94,
KYC000090,CUST00090,Approved,Standard,Branch,2024-02-01,2027-01-31,64.53,Passed,74.59,22.38,
KYC000091,CUST00091,Pending,Standard,Manual,2026-06-12,2029-06-11,64.67,Passed,83.28,60.37,
KYC000092,CUST00092,Approved,Standard,Third-Party Provider,2025-09-12,2027-09-12,92.97,Passed,73.71,6.39,
KYC000093,CUST00093,Approved,Standard,Manual,2026-08-16,2027-08-16,64.44,Pending,56.53,29.15,
KYC000094,CUST00094,Expired,Standard,Branch,2025-06-08,2028-06-07,87.89,Passed,71.2,93.88,
KYC000095,CUST00095,Approved,Standard,Branch,2025-10-25,2026-10-25,84.92,Passed,79.22,18.75,
KYC000096,CUST00096,Approved,Standard,Branch,2025-07-05,2027-07-05,97.99,Passed,67.02,27.39,
KYC000097,CUST00097,Approved,Standard,Manual,2026-04-19,2027-04-19,75.62,Passed,92.51,27.59,
KYC000098,CUST00098,Approved,Enhanced Due Diligence,Digital,2025-11-30,2026-11-30,60.13,Passed,95.71,15.02,
KYC000099,CUST00099,Approved,Enhanced Due Diligence,Third-Party Provider,2024-10-19,2026-10-19,78.81,Passed,78.76,26.2,
KYC000100,CUST00100,Approved,Standard,Third-Party Provider,2025-07-12,2026-07-12,79.92,Passed,97.6,21.66,
KYC000101,CUST00101,Approved,Standard,Third-Party Provider,2025-01-18,2027-01-18,76.95,Passed,82.46,5.93,
KYC000102,CUST00102,Approved,Standard,Branch,2025-08-07,2026-08-07,85.66,Passed,89.66,33.87,
KYC000103,CUST00103,Rejected,Standard,Third-Party Provider,2026-09-06,2028-09-05,75.92,Passed,59.62,75.65,
KYC000104,CUST00104,Approved,Basic,Digital,2024-05-12,2027-05-12,64.25,Passed,99.72,21.93,
KYC000105,CUST00105,Rejected,Standard,Manual,2024-12-21,2026-12-21,73.35,Passed,93.45,85.6,
KYC000106,CUST00106,Approved,Standard,Manual,2026-09-10,2029-09-09,73.95,Passed,82.59,20.9,
KYC000107,CUST00107,Approved,Basic,Digital,2025-09-22,2028-09-21,80.96,Passed,63.85,27.63,
KYC000108,CUST00108,Rejected,Standard,Branch,2024-12-25,2026-12-25,69.27,Passed,92.4,77.97,
KYC000109,CUST00109,Approved,Standard,Manual,2024-08-29,2025-08-29,86.91,Passed,83.74,32.23,
KYC000110,CUST00110,Approved,Enhanced Due Diligence,Third-Party Provider,2024-11-14,2027-11-14,61.58,Pending,58.07,8.21,
KYC000111,CUST00111,Pending,Basic,Manual,2024-06-17,2027-06-17,96.59,Passed,81.56,37.88,
KYC000112,CUST00112,Approved,Basic,Third-Party Provider,2026-01-22,2029-01-21,92.54,Pending,88.72,6.79,
KYC000113,CUST00113,Approved,Standard,Manual,2025-08-17,2026-08-17,70.15,Passed,64.76,33.42,
KYC000114,CUST00114,Approved,Standard,Branch,2026-12-21,2029-12-20,89.83,Passed,99.89,31.6,
KYC000115,CUST00115,Approved,Standard,Manual,2024-04-19,2027-04-19,72.26,Passed,79.75,28.34,
KYC000116,CUST00116,Expired,Basic,Manual,2024-06-11,2026-06-11,77.94,Passed,90.57,85.51,
KYC000117,CUST00117,Approved,Standard,Manual,2026-05-19,2028-05-18,97.95,Passed,69.85,10.94,
KYC000118,CUST00118,Pending,Standard,Third-Party Provider,2026-08-12,2027-08-12,87.02,Pending,86.63,42.38,
KYC000119,CUST00119,Approved,Standard,Branch,2026-12-14,2029-12-13,79.5,Failed,94.83,27.01,
KYC000120,CUST00120,Approved,Basic,Branch,2026-09-25,2028-09-24,81.06,Passed,74.63,9.97,
KYC000121,CUST00121,Approved,Enhanced Due Diligence,Third-Party Provider,2024-12-04,2027-12-04,63.34,Failed,68.26,18.29,
KYC000122,CUST00122,Rejected,Standard,Manual,2025-10-10,2027-10-10,67.31,Passed,88.72,68.01,
KYC000123,CUST00123,Approved,Basic,Digital,2024-01-17,2026-01-16,71.43,Passed,66.87,26.13,
KYC000124,CUST00124,Approved,Standard,Third-Party Provider,2024-04-25,2025-04-25,71.19,Passed,90.4,12.45,
KYC000125,CUST00125,Approved,Basic,Manual,2024-03-02,2025-03-02,84.81,Passed,64.99,15.73,
KYC000126,CUST00126,Pending,Standard,Third-Party Provider,2025-09-10,2027-09-10,61.21,Passed,60.12,44.7,
KYC000127,CUST00127,Approved,Standard,Third-Party Provider,2024-05-14,2027-05-14,92.5,Passed,76.47,25.83,
KYC000128,CUST00128,Approved,Enhanced Due Diligence,Digital,2026-10-20,2027-10-20,78.04,Passed,73.67,5.83,
KYC000129,CUST00129,Approved,Enhanced Due Diligence,Manual,2026-07-17,2027-07-17,99.93,Passed,93.25,18.36,
KYC000130,CUST00130,Approved,Standard,Branch,2024-07-19,2027-07-19,61.77,Passed,92.87,31.24,
KYC000131,CUST00131,Approved,Basic,Branch,2024-11-22,2027-11-22,91.96,Passed,79.82,30.59,
KYC000132,CUST00132,Approved,Basic,Digital,2026-05-23,2028-05-22,80.97,Passed,70.06,30.39,
KYC000133,CUST00133,Approved,Standard,Third-Party Provider,2024-03-25,2026-03-25,99.03,Passed,67.19,15.24,
KYC000134,CUST00134,Approved,Standard,Digital,2025-11-25,2026-11-25,61.24,Failed,90.38,33.71,
KYC000135,CUST00135,Approved,Enhanced Due Diligence,Manual,2026-04-12,2027-04-12,88.31,Passed,80.75,14.84,
KYC000136,CUST00136,Approved,Basic,Third-Party Provider,2026-10-09,2028-10-08,95.55,Passed,93.81,28.9,
KYC000137,CUST00137,Pending,Basic,Branch,2025-10-10,2027-10-10,80.1,Passed,95.09,46.28,
KYC000138,CUST00138,Approved,Basic,Third-Party Provider,2025-06-23,2028-06-22,76.03,Passed,66.74,6.71,
KYC000139,CUST00139,Approved,Standard,Third-Party Provider,2026-11-27,2027-11-27,73.5,Passed,66.6,8.18,
KYC000140,CUST00140,Approved,Basic,Digital,2024-04-23,2026-04-23,82.47,Pending,92.23,7.91,
KYC000141,CUST00141,Approved,Standard,Third-Party Provider,2024-12-14,2026-12-14,94.51,Passed,70.94,19.7,
KYC000142,CUST00142,Approved,Enhanced Due Diligence,Branch,2024-07-06,2026-07-06,95.5,Passed,66.82,27.02,
KYC000143,CUST00143,Approved,Enhanced Due Diligence,Digital,2024-02-08,2027-02-07,90.63,Passed,88.69,19.81,
KYC000144,CUST00144,Pending,Basic,Third-Party Provider,2026-04-30,2027-04-30,92.77,Passed,65.23,55.07,
KYC000145,CUST00145,Expired,Enhanced Due Diligence,Digital,2026-04-21,2029-04-20,77.77,Passed,68.2,72.64,
KYC000146,CUST00146,Pending,Enhanced Due Diligence,Digital,2026-06-18,2029-06-17,77.81,Passed,72.2,51.17,
KYC000147,CUST00147,Approved,Enhanced Due Diligence,Third-Party Provider,2025-04-07,2028-04-06,68.8,Passed,71.2,19.17,
KYC000148,CUST00148,Approved,Standard,Digital,2024-06-20,2026-06-20,72.52,Passed,60.47,18.77,
KYC000149,CUST00149,Approved,Basic,Digital,2024-08-15,2027-08-15,87.51,Passed,94.18,15.44,
KYC000150,CUST00150,Approved,Standard,Third-Party Provider,2026-01-12,2028-01-12,70.02,Passed,77.81,34.22,
KYC000151,CUST00151,Approved,Enhanced Due Diligence,Digital,2024-09-25,2027-09-25,79.29,Passed,57.06,17.84,
KYC000152,CUST00152,Approved,Standard,Manual,2024-08-28,2026-08-28,82.13,Passed,65.47,22.59,
KYC000153,CUST00153,Approved,Standard,Third-Party Provider,2026-01-14,2029-01-13,64.43,Passed,62.13,33.56,
KYC000154,CUST00154,Approved,Enhanced Due Diligence,Digital,2024-04-21,2027-04-21,78.55,Passed,98.78,28.55,
KYC000155,CUST00155,Approved,Standard,Third-Party Provider,2026-08-10,2029-08-09,83.36,Passed,67.04,13.6,
KYC000156,CUST00156,Pending,Enhanced Due Diligence,Third-Party Provider,2024-12-04,2026-12-04,81.58,Passed,59.08,55.14,
KYC000157,CUST00157,Approved,Basic,Branch,2024-03-19,2025-03-19,63.84,Passed,55.66,21.78,
KYC000158,CUST00158,Approved,Standard,Third-Party Provider,2024-04-06,2027-04-06,94.0,Passed,94.37,10.05,
KYC000159,CUST00159,Approved,Basic,Digital,2024-08-04,2026-08-04,74.87,Passed,70.17,15.55,
KYC000160,CUST00160,Pending,Standard,Third-Party Provider,2026-04-11,2028-04-10,77.42,Pending,73.6,64.48,
KYC000161,CUST00161,Rejected,Standard,Third-Party Provider,2026-02-08,2029-02-07,99.48,Passed,60.97,75.79,
KYC000162,CUST00162,Approved,Basic,Digital,2024-04-04,2027-04-04,65.93,Passed,69.68,13.28,
KYC000163,CUST00163,Approved,Standard,Manual,2026-10-16,2027-10-16,82.37,Passed,96.92,29.58,
KYC000164,CUST00164,Approved,Basic,Branch,2026-03-08,2028-03-07,62.24,Passed,57.29,5.13,
KYC000165,CUST00165,Expired,Enhanced Due Diligence,Digital,2025-04-18,2026-04-18,69.63,Passed,87.02,89.27,
KYC000166,CUST00166,Approved,Standard,Third-Party Provider,2026-12-28,2029-12-27,72.53,Failed,84.25,17.42,
KYC000167,CUST00167,Approved,Standard,Branch,2024-01-11,2026-01-10,93.96,Passed,66.02,16.19,
KYC000168,CUST00168,Approved,Basic,Branch,2025-05-11,2026-05-11,93.21,Passed,69.17,21.63,
KYC000169,CUST00169,Approved,Standard,Digital,2025-06-22,2027-06-22,83.08,Pending,62.19,18.66,
KYC000170,CUST00170,Approved,Enhanced Due Diligence,Branch,2024-08-30,2027-08-30,61.91,Pending,96.45,28.85,
KYC000171,CUST00171,Approved,Standard,Third-Party Provider,2025-08-02,2026-08-02,96.12,Passed,77.86,5.01,
KYC000172,CUST00172,Approved,Standard,Manual,2025-12-06,2027-12-06,80.05,Passed,90.28,18.33,
KYC000173,CUST00173,Approved,Basic,Manual,2024-04-24,2025-04-24,81.45,Passed,58.28,30.27,
KYC000174,CUST00174,Approved,Basic,Branch,2025-12-08,2026-12-08,92.04,Passed,79.88,19.22,
KYC000175,CUST00175,Expired,Standard,Digital,2024-06-28,2027-06-28,87.67,Passed,94.48,84.05,
KYC000176,CUST00176,Approved,Basic,Branch,2024-01-07,2026-01-06,65.09,Passed,98.55,33.09,
KYC000177,CUST00177,Pending,Basic,Manual,2025-03-11,2026-03-11,99.1,Passed,58.05,47.83,
KYC000178,CUST00178,Approved,Basic,Manual,2025-06-27,2027-06-27,90.97,Passed,80.28,31.8,
KYC000179,CUST00179,Approved,Basic,Digital,2025-02-21,2028-02-21,82.69,Passed,61.79,16.09,
KYC000180,CUST00180,Approved,Standard,Manual,2025-09-09,2026-09-09,76.46,Passed,57.04,7.43,
KYC000181,CUST00181,Approved,Basic,Manual,2024-05-22,2027-05-22,63.46,Failed,84.03,21.06,
KYC000182,CUST00182,Approved,Basic,Manual,2025-12-17,2028-12-16,67.59,Passed,68.39,34.04,
KYC000183,CUST00183,Approved,Standard,Third-Party Provider,2025-07-27,2027-07-27,72.6,Passed,98.61,34.25,
KYC000184,CUST00184,Approved,Basic,Manual,2025-08-24,2027-08-24,81.72,Passed,69.38,8.27,
KYC000185,CUST00185,Pending,Basic,Manual,2026-04-21,2027-04-21,77.91,Pending,79.78,49.37,
KYC000186,CUST00186,Approved,Basic,Manual,2025-05-07,2026-05-07,60.31,Passed,62.0,29.74,
KYC000187,CUST00187,Approved,Basic,Digital,2024-11-10,2026-11-10,65.81,Passed,56.22,26.79,
KYC000188,CUST00188,Approved,Standard,Branch,2026-02-16,2028-02-16,90.99,Passed,79.58,18.07,
KYC000189,CUST00189,Approved,Standard,Third-Party Provider,2026-09-03,2029-09-02,75.55,Pending,88.22,18.92,
KYC000190,CUST00190,Approved,Standard,Manual,2026-12-21,2027-12-21,74.28,Passed,98.69,19.57,
KYC000191,CUST00191,Expired,Basic,Third-Party Provider,2024-12-13,2026-12-13,78.42,Passed,59.2,88.91,
KYC000192,CUST00192,Approved,Standard,Third-Party Provider,2024-08-01,2025-08-01,63.97,Passed,86.16,16.89,
KYC000193,CUST00193,Approved,Standard,Third-Party Provider,2024-05-19,2026-05-19,99.41,Passed,62.82,24.47,
KYC000194,CUST00194,Approved,Standard,Manual,2026-12-08,2027-12-08,75.96,Passed,90.67,25.43,
KYC000195,CUST00195,Approved,Standard,Digital,2026-02-11,2028-02-11,66.54,Passed,62.73,25.16,
KYC000196,CUST00196,Approved,Standard,Third-Party Provider,2026-07-23,2029-07-22,83.87,Passed,62.06,13.56,
KYC000197,CUST00197,Approved,Standard,Branch,2025-12-09,2028-12-08,81.25,Passed,66.9,26.75,
KYC000198,CUST00198,Approved,Standard,Manual,2025-07-10,2028-07-09,82.94,Passed,97.49,28.95,
KYC000199,CUST00199,Approved,Standard,Digital,2024-10-04,2026-10-04,81.57,Passed,96.31,18.74,
KYC000200,CUST00200,Approved,Standard,Digital,2026-04-29,2028-04-28,80.17,Passed,56.33,26.1,
KYC000201,CUST00201,Approved,Standard,Third-Party Provider,2024-02-19,2027-02-18,79.06,Passed,85.77,11.68,
KYC000202,CUST00202,Approved,Standard,Manual,2025-11-15,2028-11-14,77.81,Passed,62.78,34.27,
KYC000203,CUST00203,Approved,Standard,Branch,2024-06-13,2026-06-13,94.98,Passed,78.74,5.69,
KYC000204,CUST00204,Rejected,Basic,Digital,2025-08-04,2026-08-04,85.27,Passed,74.78,86.43,
KYC000205,CUST00205,Approved,Standard,Manual,2025-05-31,2026-05-31,65.5,Passed,76.62,23.07,
KYC000206,CUST00206,Approved,Standard,Third-Party Provider,2026-09-05,2028-09-04,77.98,Passed,87.51,6.17,
KYC000207,CUST00207,Approved,Standard,Digital,2026-04-01,2028-03-31,96.86,Passed,74.82,13.23,
KYC000208,CUST00208,Approved,Standard,Branch,2026-09-21,2029-09-20,76.25,Passed,72.38,8.51,
KYC000209,CUST00209,Approved,Basic,Third-Party Provider,2025-06-22,2027-06-22,96.12,Passed,84.88,14.02,
KYC000210,CUST00210,Approved,Basic,Branch,2026-05-10,2028-05-09,84.28,Passed,99.73,9.86,
KYC000211,CUST00211,Approved,Basic,Manual,2024-12-01,2026-12-01,99.56,Passed,66.69,11.83,
KYC000212,CUST00212,Approved,Standard,Manual,2026-12-10,2028-12-09,99.56,Passed,82.73,29.1,
KYC000213,CUST00213,Approved,Basic,Digital,2026-04-24,2028-04-23,85.97,Passed,88.28,10.6,
KYC000214,CUST00214,Approved,Standard,Third-Party Provider,2025-10-01,2026-10-01,70.75,Passed,79.96,21.79,
KYC000215,CUST00215,Approved,Standard,Branch,2025-04-19,2028-04-18,90.88,Passed,62.24,9.37,
KYC000216,CUST00216,Approved,Basic,Digital,2025-08-07,2027-08-07,63.09,Passed,91.99,17.38,
KYC000217,CUST00217,Approved,Basic,Digital,2024-01-14,2025-01-13,91.33,Passed,80.5,30.71,
KYC000218,CUST00218,Approved,Standard,Digital,2025-05-24,2026-05-24,94.92,Passed,68.9,33.28,
KYC000219,CUST00219,Pending,Standard,Branch,2026-10-02,2029-10-01,94.17,Failed,60.86,57.06,
KYC000220,CUST00220,Approved,Basic,Third-Party Provider,2024-09-24,2026-09-24,92.89,Passed,96.01,14.44,
KYC000221,CUST00221,Approved,Basic,Third-Party Provider,2026-03-23,2028-03-22,90.95,Passed,63.92,8.27,
KYC000222,CUST00222,Approved,Standard,Third-Party Provider,2024-05-14,2025-05-14,62.36,Passed,78.95,25.04,
KYC000223,CUST00223,Approved,Basic,Manual,2026-04-13,2028-04-12,85.57,Passed,71.09,33.51,
KYC000224,CUST00224,Approved,Standard,Third-Party Provider,2025-09-19,2028-09-18,91.56,Passed,66.03,29.96,
KYC000225,CUST00225,Pending,Standard,Third-Party Provider,2025-01-29,2027-01-29,96.58,Failed,57.74,44.6,
KYC000226,CUST00226,Approved,Basic,Branch,2026-02-04,2029-02-03,63.27,Passed,73.51,9.71,
KYC000227,CUST00227,Approved,Enhanced Due Diligence,Manual,2026-10-07,2028-10-06,81.98,Passed,87.45,15.3,
KYC000228,CUST00228,Approved,Standard,Manual,2026-12-20,2029-12-19,95.26,Passed,62.36,28.68,
KYC000229,CUST00229,Approved,Standard,Manual,2024-02-11,2027-02-10,75.97,Passed,97.36,26.86,
KYC000230,CUST00230,Expired,Standard,Manual,2025-08-11,2026-08-11,79.8,Passed,86.72,73.85,
KYC000231,CUST00231,Expired,Standard,Branch,2026-10-18,2029-10-17,72.36,Failed,85.56,80.76,
KYC000232,CUST00232,Approved,Enhanced Due Diligence,Branch,2026-03-16,2029-03-15,95.92,Pending,97.44,8.88,
KYC000233,CUST00233,Approved,Standard,Digital,2025-08-28,2026-08-28,91.57,Passed,91.25,11.33,
KYC000234,CUST00234,Approved,Standard,Branch,2026-06-24,2029-06-23,94.81,Passed,55.98,22.89,
KYC000235,CUST00235,Approved,Standard,Digital,2025-06-15,2026-06-15,83.16,Passed,66.14,16.38,
KYC000236,CUST00236,Pending,Standard,Branch,2024-04-13,2025-04-13,73.95,Passed,82.2,64.09,
KYC000237,CUST00237,Approved,Standard,Branch,2026-01-10,2029-01-09,74.55,Passed,80.37,22.04,
KYC000238,CUST00238,Approved,Standard,Manual,2025-04-01,2027-04-01,75.16,Pending,98.26,24.52,
KYC000239,CUST00239,Approved,Standard,Manual,2026-04-28,2029-04-27,78.7,Passed,56.21,28.17,
KYC000240,CUST00240,Approved,Standard,Branch,2026-07-10,2029-07-09,84.41,Passed,68.16,14.68,
KYC000241,CUST00241,Approved,Standard,Manual,2024-11-15,2027-11-15,68.37,Passed,86.09,29.98,
KYC000242,CUST00242,Approved,Basic,Branch,2026-11-12,2027-11-12,75.74,Passed,83.68,7.84,
KYC000243,CUST00243,Approved,Enhanced Due Diligence,Third-Party Provider,2026-07-22,2027-07-22,80.21,Passed,64.78,18.93,
KYC000244,CUST00244,Expired,Standard,Third-Party Provider,2026-04-03,2027-04-03,84.87,Passed,97.62,86.65,
KYC000245,CUST00245,Approved,Standard,Third-Party Provider,2025-02-18,2026-02-18,97.27,Passed,87.12,31.21,
KYC000246,CUST00246,Approved,Enhanced Due Diligence,Third-Party Provider,2026-10-02,2027-10-02,79.84,Passed,78.64,12.66,
KYC000247,CUST00247,Expired,Standard,Branch,2026-10-18,2028-10-17,85.63,Passed,74.84,92.74,
KYC000248,CUST00248,Expired,Basic,Digital,2026-03-07,2029-03-06,83.56,Passed,74.56,90.03,
KYC000249,CUST00249,Approved,Basic,Branch,2025-04-04,2028-04-03,64.31,Passed,85.55,22.59,
KYC000250,CUST00250,Approved,Standard,Third-Party Provider,2024-02-06,2025-02-05,81.09,Passed,72.99,9.4,
KYC000251,CUST00251,Approved,Standard,Third-Party Provider,2025-08-04,2027-08-04,88.94,Pending,69.11,19.45,
KYC000252,CUST00252,Approved,Standard,Manual,2026-07-02,2029-07-01,68.96,Passed,98.25,7.12,
KYC000253,CUST00253,Approved,Standard,Third-Party Provider,2024-05-10,2027-05-10,92.69,Passed,69.83,16.49,
KYC000254,CUST00254,Pending,Standard,Manual,2024-02-11,2025-02-10,85.22,Passed,61.41,59.08,
KYC000255,CUST00255,Approved,Standard,Third-Party Provider,2026-12-04,2029-12-03,90.84,Passed,71.05,29.49,
KYC000256,CUST00256,Approved,Basic,Third-Party Provider,2024-04-19,2027-04-19,65.01,Passed,69.65,20.38,
KYC000257,CUST00257,Approved,Basic,Manual,2026-02-23,2029-02-22,96.01,Passed,94.92,30.04,
KYC000258,CUST00258,Approved,Standard,Third-Party Provider,2026-10-16,2028-10-15,96.27,Passed,85.76,26.27,
KYC000259,CUST00259,Approved,Enhanced Due Diligence,Branch,2024-06-06,2027-06-06,87.05,Passed,76.41,10.83,
KYC000260,CUST00260,Approved,Standard,Third-Party Provider,2026-06-29,2028-06-28,81.56,Passed,61.03,24.69,
KYC000261,CUST00261,Approved,Standard,Third-Party Provider,2024-08-23,2027-08-23,86.04,Passed,66.3,23.26,
KYC000262,CUST00262,Approved,Standard,Branch,2024-12-26,2027-12-26,98.85,Passed,89.19,24.55,
KYC000263,CUST00263,Approved,Basic,Digital,2026-10-06,2028-10-05,82.99,Passed,96.95,29.86,
KYC000264,CUST00264,Approved,Enhanced Due Diligence,Branch,2026-06-29,2027-06-29,86.63,Passed,73.63,14.94,
KYC000265,CUST00265,Pending,Basic,Third-Party Provider,2025-01-27,2026-01-27,63.55,Passed,95.85,58.71,
KYC000266,CUST00266,Expired,Standard,Third-Party Provider,2026-02-03,2028-02-03,83.16,Pending,67.32,89.86,
KYC000267,CUST00267,Approved,Standard,Branch,2024-01-20,2025-01-19,76.1,Passed,75.66,16.29,
KYC000268,CUST00268,Approved,Basic,Branch,2026-03-14,2029-03-13,60.06,Passed,58.65,34.62,
KYC000269,CUST00269,Approved,Standard,Third-Party Provider,2026-03-19,2028-03-18,74.81,Failed,92.99,30.38,
KYC000270,CUST00270,Approved,Standard,Digital,2024-04-30,2026-04-30,79.06,Passed,98.84,7.51,
KYC000271,CUST00271,Approved,Basic,Branch,2024-04-21,2027-04-21,90.09,Failed,87.69,12.24,
KYC000272,CUST00272,Approved,Standard,Third-Party Provider,2026-05-06,2027-05-06,64.69,Pending,86.63,24.09,
KYC000273,CUST00273,Approved,Standard,Manual,2024-01-26,2026-01-25,95.89,Passed,64.89,30.06,
KYC000274,CUST00274,Pending,Basic,Third-Party Provider,2024-05-23,2027-05-23,83.86,Passed,97.79,56.28,
KYC000275,CUST00275,Approved,Enhanced Due Diligence,Digital,2024-04-25,2026-04-25,92.12,Passed,72.0,15.55,
KYC000276,CUST00276,Approved,Standard,Branch,2026-07-30,2027-07-30,75.89,Passed,57.46,18.0,
KYC000277,CUST00277,Approved,Basic,Third-Party Provider,2026-08-19,2028-08-18,86.28,Passed,80.84,30.65,
KYC000278,CUST00278,Approved,Standard,Digital,2026-03-04,2029-03-03,71.4,Passed,74.94,22.03,
KYC000279,CUST00279,Approved,Standard,Digital,2026-11-13,2027-11-13,62.77,Passed,61.69,23.15,
KYC000280,CUST00280,Approved,Standard,Manual,2026-11-07,2029-11-06,72.44,Passed,76.11,30.49,
KYC000281,CUST00281,Approved,Standard,Third-Party Provider,2026-06-01,2027-06-01,76.13,Pending,78.9,16.75,
KYC000282,CUST00282,Pending,Basic,Third-Party Provider,2024-03-14,2027-03-14,87.84,Passed,55.55,58.38,
KYC000283,CUST00283,Approved,Standard,Third-Party Provider,2025-02-02,2026-02-02,73.32,Passed,99.46,5.48,
KYC000284,CUST00284,Approved,Standard,Branch,2026-12-04,2027-12-04,62.63,Passed,69.74,18.38,
KYC000285,CUST00285,Approved,Standard,Manual,2024-08-31,2027-08-31,97.9,Passed,88.86,17.17,
KYC000286,CUST00286,Approved,Standard,Digital,2025-03-19,2028-03-18,82.72,Passed,85.15,10.03,
KYC000287,CUST00287,Approved,Standard,Digital,2024-08-29,2027-08-29,78.77,Passed,79.24,28.89,
KYC000288,CUST00288,Approved,Basic,Third-Party Provider,2024-02-23,2026-02-22,69.65,Passed,91.32,29.1,
KYC000289,CUST00289,Pending,Standard,Digital,2024-05-12,2026-05-12,71.26,Passed,66.78,58.1,
KYC000290,CUST00290,Approved,Basic,Manual,2024-05-28,2027-05-28,66.23,Passed,80.19,31.6,
KYC000291,CUST00291,Pending,Standard,Third-Party Provider,2024-04-12,2027-04-12,60.84,Passed,77.52,64.8,
KYC000292,CUST00292,Approved,Standard,Third-Party Provider,2026-05-23,2029-05-22,93.3,Passed,68.87,7.42,
KYC000293,CUST00293,Approved,Standard,Third-Party Provider,2024-01-05,2026-01-04,66.08,Passed,82.42,9.9,
KYC000294,CUST00294,Rejected,Standard,Digital,2025-07-27,2028-07-26,80.76,Passed,99.04,81.63,
KYC000295,CUST00295,Approved,Standard,Branch,2026-09-18,2027-09-18,87.37,Pending,98.87,14.67,
KYC000296,CUST00296,Approved,Basic,Third-Party Provider,2026-04-27,2027-04-27,63.34,Passed,57.9,28.59,
KYC000297,CUST00297,Approved,Standard,Branch,2026-08-16,2028-08-15,90.93,Passed,85.88,23.32,
KYC000298,CUST00298,Approved,Basic,Branch,2025-03-09,2026-03-09,98.61,Passed,70.58,20.18,
KYC000299,CUST00299,Approved,Basic,Manual,2025-03-10,2027-03-10,65.45,Pending,93.75,17.11,
KYC000300,CUST00300,Approved,Standard,Manual,2025-09-18,2028-09-17,87.89,Passed,76.31,20.95,
KYC000301,CUST00301,Approved,Standard,Manual,2025-07-23,2027-07-23,89.74,Passed,88.36,12.92,
KYC000302,CUST00302,Approved,Basic,Branch,2026-04-10,2029-04-09,64.83,Passed,84.16,15.17,
KYC000303,CUST00303,Approved,Standard,Manual,2026-01-12,2028-01-12,98.96,Passed,64.48,21.37,
KYC000304,CUST00304,Pending,Standard,Third-Party Provider,2025-05-11,2026-05-11,60.56,Passed,89.11,53.29,
KYC000305,CUST00305,Approved,Standard,Manual,2025-04-25,2027-04-25,87.26,Passed,87.28,9.42,
KYC000306,CUST00306,Approved,Standard,Manual,2025-10-29,2027-10-29,89.69,Passed,90.62,31.58,
KYC000307,CUST00307,Approved,Standard,Digital,2025-10-29,2027-10-29,74.95,Pending,55.55,26.28,
KYC000308,CUST00308,Approved,Standard,Third-Party Provider,2024-11-22,2027-11-22,84.52,Passed,68.17,19.28,
KYC000309,CUST00309,Approved,Standard,Third-Party Provider,2026-07-14,2027-07-14,89.94,Failed,80.94,31.02,
KYC000310,CUST00310,Approved,Standard,Digital,2026-02-18,2027-02-18,94.76,Passed,97.83,26.72,
KYC000311,CUST00311,Approved,Standard,Third-Party Provider,2024-06-18,2026-06-18,65.44,Passed,61.46,11.09,
KYC000312,CUST00312,Approved,Basic,Branch,2024-02-20,2025-02-19,67.92,Passed,61.11,33.23,
KYC000313,CUST00313,Approved,Standard,Third-Party Provider,2026-02-16,2029-02-15,97.49,Passed,74.97,32.75,
KYC000314,CUST00314,Approved,Basic,Digital,2024-01-17,2027-01-16,77.58,Failed,81.56,21.11,
KYC000315,CUST00315,Approved,Standard,Manual,2024-06-03,2025-06-03,69.93,Passed,63.29,33.05,
KYC000316,CUST00316,Rejected,Enhanced Due Diligence,Branch,2026-07-16,2029-07-15,94.76,Passed,72.57,89.83,
KYC000317,CUST00317,Approved,Standard,Branch,2024-08-21,2025-08-21,90.39,Pending,67.14,13.64,
KYC000318,CUST00318,Approved,Basic,Branch,2025-07-28,2027-07-28,60.48,Passed,98.41,24.7,
KYC000319,CUST00319,Approved,Basic,Third-Party Provider,2026-11-26,2027-11-26,82.63,Passed,88.02,8.66,
KYC000320,CUST00320,Approved,Enhanced Due Diligence,Branch,2025-02-18,2028-02-18,61.77,Passed,87.8,22.11,
KYC000321,CUST00321,Approved,Standard,Third-Party Provider,2024-10-15,2025-10-15,93.96,Passed,63.99,26.61,
KYC000322,CUST00322,Approved,Enhanced Due Diligence,Third-Party Provider,2026-11-04,2028-11-03,75.11,Passed,68.78,10.57,
KYC000323,CUST00323,Approved,Basic,Branch,2026-02-10,2029-02-09,76.86,Passed,63.58,5.37,
KYC000324,CUST00324,Approved,Standard,Branch,2026-02-24,2029-02-23,67.05,Passed,83.19,25.6,
KYC000325,CUST00325,Approved,Basic,Third-Party Provider,2024-01-04,2027-01-03,81.15,Passed,82.65,25.25,
KYC000326,CUST00326,Approved,Basic,Third-Party Provider,2024-12-23,2025-12-23,95.83,Passed,75.72,13.47,
KYC000327,CUST00327,Approved,Standard,Branch,2026-11-01,2028-10-31,61.17,Passed,84.26,34.45,
KYC000328,CUST00328,Approved,Standard,Third-Party Provider,2024-12-21,2026-12-21,79.52,Pending,90.08,30.21,
KYC000329,CUST00329,Pending,Basic,Digital,2024-05-28,2027-05-28,82.36,Passed,97.88,58.27,
KYC000330,CUST00330,Approved,Standard,Third-Party Provider,2024-04-05,2027-04-05,69.32,Passed,95.14,25.95,
KYC000331,CUST00331,Approved,Enhanced Due Diligence,Digital,2024-08-28,2027-08-28,75.03,Passed,87.22,12.84,
KYC000332,CUST00332,Expired,Basic,Digital,2024-12-06,2027-12-06,81.02,Passed,88.61,73.38,
KYC000333,CUST00333,Approved,Basic,Third-Party Provider,2026-06-21,2028-06-20,64.92,Passed,98.4,15.7,
KYC000334,CUST00334,Approved,Standard,Branch,2026-07-06,2027-07-06,64.28,Passed,58.25,20.83,
KYC000335,CUST00335,Approved,Basic,Branch,2024-06-11,2027-06-11,94.24,Passed,78.66,21.54,
KYC000336,CUST00336,Approved,Standard,Manual,2024-09-23,2026-09-23,60.97,Failed,66.78,16.43,
KYC000337,CUST00337,Approved,Standard,Digital,2024-03-28,2025-03-28,64.12,Passed,80.87,11.76,
KYC000338,CUST00338,Approved,Basic,Manual,2024-12-13,2025-12-13,72.95,Passed,65.15,31.02,
KYC000339,CUST00339,Approved,Basic,Branch,2024-07-05,2027-07-05,77.95,Passed,56.44,5.9,
KYC000340,CUST00340,Pending,Standard,Digital,2025-04-28,2027-04-28,75.53,Pending,72.44,60.96,
KYC000341,CUST00341,Approved,Standard,Digital,2024-04-09,2027-04-09,66.27,Passed,83.47,13.47,
KYC000342,CUST00342,Pending,Basic,Digital,2025-02-27,2027-02-27,87.41,Passed,94.83,41.86,
KYC000343,CUST00343,Approved,Basic,Digital,2025-07-11,2027-07-11,65.28,Passed,98.84,6.07,
KYC000344,CUST00344,Approved,Standard,Manual,2024-07-24,2025-07-24,86.62,Passed,91.46,33.43,
KYC000345,CUST00345,Approved,Standard,Digital,2024-11-02,2026-11-02,68.12,Passed,93.92,33.03,
KYC000346,CUST00346,Approved,Standard,Manual,2025-11-22,2026-11-22,73.52,Passed,83.43,17.59,
KYC000347,CUST00347,Approved,Standard,Manual,2026-09-11,2028-09-10,86.44,Passed,78.29,33.58,
KYC000348,CUST00348,Approved,Standard,Third-Party Provider,2025-09-03,2026-09-03,80.17,Passed,86.62,5.83,
KYC000349,CUST00349,Approved,Standard,Third-Party Provider,2024-09-05,2026-09-05,63.7,Passed,68.95,20.59,
KYC000350,CUST00350,Rejected,Standard,Branch,2026-01-28,2028-01-28,69.01,Passed,66.51,83.99,
KYC000351,CUST00351,Approved,Standard,Manual,2024-02-13,2025-02-12,62.35,Passed,77.59,27.88,
KYC000352,CUST00352,Approved,Enhanced Due Diligence,Digital,2024-01-15,2026-01-14,64.21,Passed,78.5,32.94,
KYC000353,CUST00353,Approved,Standard,Third-Party Provider,2024-11-26,2026-11-26,73.96,Passed,75.54,15.31,
KYC000354,CUST00354,Approved,Basic,Branch,2024-10-24,2027-10-24,76.05,Pending,94.84,24.43,
KYC000355,CUST00355,Approved,Standard,Digital,2026-10-19,2027-10-19,73.83,Passed,79.21,27.3,
KYC000356,CUST00356,Approved,Standard,Third-Party Provider,2024-03-02,2025-03-02,97.83,Passed,99.06,7.41,
KYC000357,CUST00357,Approved,Basic,Third-Party Provider,2024-10-19,2027-10-19,75.06,Passed,68.29,12.58,
KYC000358,CUST00358,Pending,Enhanced Due Diligence,Branch,2025-08-30,2027-08-30,97.51,Passed,70.17,36.93,
KYC000359,CUST00359,Rejected,Enhanced Due Diligence,Branch,2026-05-23,2029-05-22,61.99,Passed,83.27,91.93,
KYC000360,CUST00360,Approved,Standard,Branch,2024-10-11,2027-10-11,96.45,Passed,66.44,29.34,
KYC000361,CUST00361,Approved,Basic,Branch,2024-11-22,2026-11-22,91.33,Passed,56.12,20.62,
KYC000362,CUST00362,Approved,Basic,Digital,2025-02-09,2027-02-09,77.22,Passed,68.37,6.24,
KYC000363,CUST00363,Approved,Basic,Manual,2025-11-18,2027-11-18,77.12,Passed,62.53,15.89,
KYC000364,CUST00364,Approved,Basic,Branch,2024-02-27,2027-02-26,63.73,Passed,73.96,34.82,
KYC000365,CUST00365,Approved,Standard,Digital,2026-07-08,2029-07-07,87.16,Passed,59.33,12.42,
KYC000366,CUST00366,Approved,Standard,Third-Party Provider,2025-03-08,2028-03-07,82.15,Passed,75.05,23.41,
KYC000367,CUST00367,Pending,Basic,Third-Party Provider,2024-12-01,2027-12-01,96.69,Passed,89.35,63.56,
KYC000368,CUST00368,Expired,Standard,Third-Party Provider,2026-02-22,2028-02-22,64.36,Passed,91.55,88.44,
KYC000369,CUST00369,Approved,Enhanced Due Diligence,Manual,2025-12-29,2027-12-29,79.18,Passed,66.69,21.65,
KYC000370,CUST00370,Approved,Basic,Manual,2025-09-18,2026-09-18,74.12,Passed,88.51,7.33,
KYC000371,CUST00371,Pending,Standard,Branch,2024-01-17,2025-01-16,83.16,Passed,62.68,47.96,
KYC000372,CUST00372,Approved,Basic,Digital,2025-11-14,2026-11-14,69.54,Passed,85.43,9.59,
KYC000373,CUST00373,Pending,Standard,Digital,2024-08-29,2027-08-29,89.0,Failed,89.26,45.12,
KYC000374,CUST00374,Approved,Standard,Digital,2025-02-24,2028-02-24,61.41,Passed,70.7,20.9,
KYC000375,CUST00375,Approved,Basic,Manual,2025-04-05,2026-04-05,77.32,Passed,64.87,5.45,
KYC000376,CUST00376,Approved,Basic,Manual,2026-04-02,2029-04-01,89.5,Passed,83.68,18.92,
KYC000377,CUST00377,Pending,Standard,Third-Party Provider,2026-09-29,2027-09-29,85.87,Passed,88.05,44.85,
KYC000378,CUST00378,Approved,Standard,Third-Party Provider,2025-07-22,2026-07-22,98.86,Passed,89.18,15.45,
KYC000379,CUST00379,Expired,Basic,Branch,2026-08-22,2027-08-22,72.38,Passed,77.94,88.95,
KYC000380,CUST00380,Approved,Enhanced Due Diligence,Branch,2026-05-19,2029-05-18,72.7,Passed,91.04,17.39,
KYC000381,CUST00381,Approved,Basic,Manual,2026-09-01,2027-09-01,75.09,Pending,88.16,11.8,
KYC000382,CUST00382,Expired,Standard,Digital,2024-06-10,2027-06-10,61.72,Passed,85.44,84.04,
KYC000383,CUST00383,Approved,Standard,Manual,2024-05-08,2027-05-08,92.23,Passed,59.91,33.09,
KYC000384,CUST00384,Approved,Standard,Third-Party Provider,2026-11-04,2028-11-03,80.73,Passed,93.52,9.51,
KYC000385,CUST00385,Approved,Standard,Digital,2024-06-26,2027-06-26,89.94,Passed,56.5,15.63,
KYC000386,CUST00386,Approved,Standard,Manual,2026-06-23,2028-06-22,67.44,Passed,65.7,27.48,
KYC000387,CUST00387,Approved,Basic,Manual,2025-08-11,2026-08-11,98.8,Passed,78.65,12.88,
KYC000388,CUST00388,Approved,Standard,Digital,2024-09-11,2025-09-11,92.19,Passed,88.73,9.29,
KYC000389,CUST00389,Approved,Standard,Third-Party Provider,2026-08-02,2029-08-01,95.87,Failed,56.13,11.15,
KYC000390,CUST00390,Approved,Standard,Branch,2025-12-15,2027-12-15,72.48,Passed,67.63,33.93,
KYC000391,CUST00391,Pending,Basic,Manual,2025-10-31,2028-10-30,86.08,Passed,90.03,50.36,
KYC000392,CUST00392,Approved,Standard,Manual,2025-07-03,2026-07-03,60.75,Passed,79.54,24.41,
KYC000393,CUST00393,Approved,Standard,Third-Party Provider,2026-04-08,2028-04-07,78.96,Passed,88.11,31.7,
KYC000394,CUST00394,Approved,Basic,Digital,2026-11-06,2029-11-05,87.11,Passed,97.48,31.91,
KYC000395,CUST00395,Approved,Basic,Third-Party Provider,2026-12-15,2027-12-15,97.92,Passed,91.29,10.54,
KYC000396,CUST00396,Approved,Standard,Manual,2025-03-21,2027-03-21,61.36,Passed,97.27,21.35,
KYC000397,CUST00397,Approved,Standard,Manual,2024-11-06,2027-11-06,80.65,Passed,63.55,32.33,
KYC000398,CUST00398,Expired,Standard,Manual,2026-12-10,2029-12-09,60.27,Passed,65.31,88.29,
KYC000399,CUST00399,Approved,Basic,Third-Party Provider,2026-09-04,2027-09-04,71.45,Passed,73.56,22.42,
KYC000400,CUST00400,Approved,Standard,Third-Party Provider,2024-11-26,2027-11-26,97.03,Passed,76.38,8.94,
KYC000401,CUST00401,Approved,Basic,Manual,2025-01-14,2027-01-14,63.01,Passed,70.54,11.23,
KYC000402,CUST00402,Approved,Basic,Branch,2025-05-15,2028-05-14,79.47,Passed,73.36,24.55,
KYC000403,CUST00403,Approved,Standard,Digital,2025-09-26,2028-09-25,78.2,Passed,55.6,20.33,
KYC000404,CUST00404,Approved,Standard,Digital,2024-03-03,2025-03-03,70.04,Passed,77.9,5.11,
KYC000405,CUST00405,Approved,Basic,Branch,2025-03-29,2028-03-28,80.43,Pending,65.95,23.29,
KYC000406,CUST00406,Approved,Enhanced Due Diligence,Digital,2025-01-11,2027-01-11,99.82,Passed,89.97,31.78,
KYC000407,CUST00407,Approved,Basic,Manual,2026-11-23,2029-11-22,72.67,Passed,92.24,17.65,
KYC000408,CUST00408,Rejected,Basic,Digital,2026-04-28,2027-04-28,77.55,Passed,83.46,89.43,
KYC000409,CUST00409,Approved,Standard,Third-Party Provider,2024-04-16,2027-04-16,91.52,Passed,88.86,11.94,
KYC000410,CUST00410,Approved,Standard,Digital,2025-07-21,2028-07-20,71.18,Passed,77.1,34.85,
KYC000411,CUST00411,Rejected,Enhanced Due Diligence,Manual,2024-11-20,2025-11-20,70.21,Passed,74.69,94.76,
KYC000412,CUST00412,Approved,Standard,Third-Party Provider,2026-07-07,2029-07-06,72.3,Passed,69.84,10.57,
KYC000413,CUST00413,Approved,Basic,Third-Party Provider,2026-04-14,2027-04-14,92.05,Pending,90.9,18.78,
KYC000414,CUST00414,Approved,Standard,Digital,2026-04-14,2029-04-13,87.46,Passed,83.83,26.18,
KYC000415,CUST00415,Approved,Basic,Third-Party Provider,2025-03-25,2027-03-25,87.92,Pending,81.71,12.53,
KYC000416,CUST00416,Approved,Basic,Branch,2024-06-24,2027-06-24,89.65,Passed,92.48,17.49,
KYC000417,CUST00417,Approved,Standard,Branch,2024-10-09,2027-10-09,88.58,Pending,95.01,15.87,
KYC000418,CUST00418,Approved,Standard,Branch,2025-01-27,2027-01-27,81.43,Passed,85.65,29.14,
KYC000419,CUST00419,Pending,Enhanced Due Diligence,Manual,2024-03-17,2026-03-17,67.6,Passed,82.88,64.68,
KYC000420,CUST00420,Approved,Basic,Third-Party Provider,2024-11-14,2025-11-14,93.3,Passed,72.55,24.21,
KYC000421,CUST00421,Approved,Standard,Digital,2026-03-26,2027-03-26,98.38,Pending,79.99,32.39,
KYC000422,CUST00422,Approved,Standard,Digital,2026-11-06,2029-11-05,90.56,Passed,81.51,5.08,
KYC000423,CUST00423,Approved,Basic,Third-Party Provider,2024-01-20,2027-01-19,66.27,Passed,82.49,29.66,
KYC000424,CUST00424,Pending,Basic,Third-Party Provider,2026-08-05,2027-08-05,76.53,Passed,93.39,53.44,
KYC000425,CUST00425,Approved,Basic,Manual,2025-09-14,2026-09-14,91.63,Passed,85.53,12.05,
KYC000426,CUST00426,Approved,Standard,Third-Party Provider,2026-04-06,2028-04-05,67.26,Passed,95.58,6.98,
KYC000427,CUST00427,Approved,Standard,Third-Party Provider,2024-01-23,2027-01-22,75.12,Passed,83.56,21.66,
KYC000428,CUST00428,Approved,Standard,Manual,2025-10-06,2027-10-06,75.77,Passed,94.22,15.12,
KYC000429,CUST00429,Approved,Enhanced Due Diligence,Third-Party Provider,2024-02-28,2027-02-27,71.35,Pending,57.29,17.14,
KYC000430,CUST00430,Approved,Standard,Digital,2025-12-03,2026-12-03,98.95,Passed,85.33,7.01,
KYC000431,CUST00431,Approved,Standard,Digital,2026-08-06,2029-08-05,66.58,Passed,68.13,16.24,
KYC000432,CUST00432,Approved,Basic,Third-Party Provider,2026-07-13,2028-07-12,87.62,Passed,94.55,16.61,
KYC000433,CUST00433,Approved,Basic,Digital,2025-01-04,2027-01-04,91.41,Passed,72.3,10.72,
KYC000434,CUST00434,Approved,Standard,Third-Party Provider,2026-06-10,2029-06-09,66.3,Passed,83.33,23.24,
KYC000435,CUST00435,Approved,Standard,Branch,2026-11-18,2028-11-17,94.2,Passed,87.67,25.57,
KYC000436,CUST00436,Pending,Basic,Third-Party Provider,2025-09-18,2028-09-17,85.58,Passed,63.68,64.43,
KYC000437,CUST00437,Approved,Standard,Digital,2026-07-10,2029-07-09,75.61,Failed,95.85,31.4,
KYC000438,CUST00438,Approved,Standard,Manual,2025-08-19,2027-08-19,84.29,Pending,94.56,23.02,
KYC000439,CUST00439,Approved,Basic,Third-Party Provider,2025-10-24,2027-10-24,91.64,Passed,67.36,30.5,
KYC000440,CUST00440,Approved,Enhanced Due Diligence,Manual,2026-09-20,2027-09-20,79.02,Passed,70.42,16.62,
KYC000441,CUST00441,Approved,Enhanced Due Diligence,Digital,2026-06-24,2029-06-23,73.94,Passed,93.86,34.26,
KYC000442,CUST00442,Approved,Enhanced Due Diligence,Third-Party Provider,2026-07-21,2028-07-20,62.1,Pending,59.46,16.97,
KYC000443,CUST00443,Approved,Standard,Third-Party Provider,2024-09-28,2026-09-28,86.26,Passed,83.97,27.3,
KYC000444,CUST00444,Approved,Standard,Digital,2024-08-30,2025-08-30,78.87,Passed,69.78,18.55,
KYC000445,CUST00445,Approved,Basic,Manual,2025-07-22,2027-07-22,60.96,Passed,62.35,26.15,
KYC000446,CUST00446,Approved,Basic,Third-Party Provider,2024-09-04,2025-09-04,93.62,Passed,75.11,22.14,
KYC000447,CUST00447,Approved,Standard,Digital,2026-03-11,2029-03-10,77.06,Passed,77.78,34.71,
KYC000448,CUST00448,Approved,Standard,Manual,2024-09-07,2027-09-07,82.59,Passed,58.54,33.62,
KYC000449,CUST00449,Approved,Standard,Third-Party Provider,2025-08-19,2027-08-19,84.93,Passed,82.45,25.61,
KYC000450,CUST00450,Approved,Standard,Third-Party Provider,2026-09-10,2029-09-09,74.49,Passed,67.27,26.79,
KYC000451,CUST00451,Approved,Basic,Branch,2024-04-22,2026-04-22,93.09,Pending,62.34,19.26,
KYC000452,CUST00452,Pending,Basic,Manual,2025-05-04,2027-05-04,64.96,Pending,66.36,58.94,
KYC000453,CUST00453,Rejected,Basic,Digital,2024-08-23,2027-08-23,72.57,Passed,78.54,82.95,
KYC000454,CUST00454,Approved,Standard,Digital,2026-01-03,2027-01-03,79.21,Passed,55.02,26.59,
KYC000455,CUST00455,Approved,Standard,Third-Party Provider,2025-10-22,2027-10-22,93.52,Passed,82.03,10.2,
KYC000456,CUST00456,Pending,Enhanced Due Diligence,Digital,2026-03-18,2027-03-18,79.13,Passed,89.72,58.2,
KYC000457,CUST00457,Approved,Standard,Third-Party Provider,2026-06-19,2029-06-18,80.75,Passed,63.16,17.19,
KYC000458,CUST00458,Pending,Standard,Digital,2024-09-01,2025-09-01,90.62,Pending,72.65,58.73,
KYC000459,CUST00459,Approved,Standard,Digital,2026-05-12,2028-05-11,65.19,Passed,85.82,23.45,
KYC000460,CUST00460,Approved,Standard,Third-Party Provider,2025-10-02,2026-10-02,93.0,Passed,80.52,18.58,
KYC000461,CUST00461,Rejected,Standard,Manual,2025-08-11,2026-08-11,92.69,Passed,98.46,84.5,
KYC000462,CUST00462,Approved,Basic,Manual,2024-12-27,2027-12-27,96.2,Failed,84.35,30.44,
KYC000463,CUST00463,Pending,Basic,Branch,2024-11-29,2025-11-29,60.37,Passed,56.06,55.22,
KYC000464,CUST00464,Approved,Basic,Digital,2026-05-07,2029-05-06,85.32,Passed,72.97,17.79,
KYC000465,CUST00465,Approved,Basic,Digital,2024-09-29,2026-09-29,68.74,Pending,59.03,32.18,
KYC000466,CUST00466,Pending,Basic,Manual,2025-06-30,2028-06-29,72.53,Passed,75.53,50.42,
KYC000467,CUST00467,Approved,Enhanced Due Diligence,Manual,2025-02-08,2026-02-08,63.73,Passed,91.49,19.41,
KYC000468,CUST00468,Approved,Enhanced Due Diligence,Branch,2025-07-02,2027-07-02,84.62,Passed,95.7,5.6,
KYC000469,CUST00469,Rejected,Basic,Third-Party Provider,2026-01-15,2027-01-15,94.75,Passed,87.28,93.34,
KYC000470,CUST00470,Approved,Basic,Manual,2026-09-24,2027-09-24,72.28,Passed,83.63,33.14,
KYC000471,CUST00471,Approved,Basic,Third-Party Provider,2026-01-11,2028-01-11,70.23,Passed,99.96,16.08,
KYC000472,CUST00472,Approved,Standard,Manual,2026-04-22,2028-04-21,62.46,Passed,89.24,21.25,
KYC000473,CUST00473,Approved,Basic,Digital,2024-12-20,2027-12-20,94.91,Failed,97.46,27.61,
KYC000474,CUST00474,Approved,Standard,Branch,2025-06-20,2026-06-20,99.28,Passed,70.28,29.46,
KYC000475,CUST00475,Rejected,Standard,Digital,2024-01-05,2026-01-04,93.18,Passed,78.98,90.9,
KYC000476,CUST00476,Approved,Enhanced Due Diligence,Manual,2025-11-13,2026-11-13,80.27,Passed,98.6,18.64,
KYC000477,CUST00477,Approved,Basic,Branch,2025-10-11,2026-10-11,86.91,Passed,82.83,20.09,
KYC000478,CUST00478,Approved,Enhanced Due Diligence,Third-Party Provider,2025-10-07,2027-10-07,86.8,Passed,57.33,15.37,
KYC000479,CUST00479,Approved,Basic,Branch,2024-08-10,2025-08-10,84.67,Passed,84.78,24.34,
KYC000480,CUST00480,Approved,Standard,Branch,2024-08-31,2026-08-31,66.22,Passed,65.73,5.03,
KYC000481,CUST00481,Approved,Standard,Digital,2024-09-18,2027-09-18,91.3,Passed,67.22,30.02,
KYC000482,CUST00482,Approved,Basic,Branch,2025-03-07,2026-03-07,83.38,Pending,62.42,32.33,
KYC000483,CUST00483,Approved,Standard,Digital,2025-01-21,2028-01-21,79.86,Passed,55.68,30.56,
KYC000484,CUST00484,Approved,Basic,Manual,2024-11-21,2026-11-21,89.25,Passed,83.46,33.37,
KYC000485,CUST00485,Approved,Standard,Branch,2026-02-22,2027-02-22,88.36,Passed,86.81,33.18,
KYC000486,CUST00486,Approved,Standard,Manual,2025-04-14,2028-04-13,89.33,Passed,74.92,25.74,
KYC000487,CUST00487,Approved,Basic,Branch,2026-10-30,2029-10-29,61.18,Passed,85.69,7.38,
KYC000488,CUST00488,Approved,Standard,Branch,2024-01-31,2027-01-30,67.47,Passed,94.63,33.21,
KYC000489,CUST00489,Approved,Standard,Third-Party Provider,2024-05-25,2027-05-25,69.69,Passed,75.06,10.96,
KYC000490,CUST00490,Approved,Standard,Branch,2024-02-06,2026-02-05,90.68,Passed,78.52,17.13,
KYC000491,CUST00491,Approved,Standard,Third-Party Provider,2025-03-04,2026-03-04,87.16,Passed,71.97,19.03,
KYC000492,CUST00492,Approved,Standard,Digital,2024-04-19,2027-04-19,77.89,Passed,78.42,29.68,
KYC000493,CUST00493,Approved,Standard,Digital,2026-03-30,2029-03-29,99.26,Failed,95.78,6.37,
KYC000494,CUST00494,Expired,Basic,Third-Party Provider,2026-12-27,2028-12-26,60.83,Pending,72.95,72.79,
KYC000495,CUST00495,Approved,Basic,Third-Party Provider,2025-07-04,2026-07-04,65.96,Passed,83.31,12.66,
KYC000496,CUST00496,Approved,Standard,Digital,2024-01-01,2024-12-31,96.36,Passed,84.37,27.47,
KYC000497,CUST00497,Approved,Standard,Third-Party Provider,2024-05-27,2027-05-27,79.53,Passed,63.09,25.43,
KYC000498,CUST00498,Approved,Enhanced Due Diligence,Third-Party Provider,2026-03-14,2028-03-13,95.73,Passed,58.71,24.16,
KYC000499,CUST00499,Approved,Basic,Branch,2025-11-30,2027-11-30,87.78,Passed,64.89,10.49,
KYC000500,CUST00500,Approved,Basic,Digital,2025-01-29,2026-01-29,69.92,Passed,97.92,32.03,
KYC000501,CUST00501,Approved,Standard,Third-Party Provider,2024-04-05,2025-04-05,81.0,Passed,63.03,14.92,
KYC000502,CUST00502,Approved,Standard,Third-Party Provider,2024-03-18,2027-03-18,75.1,Passed,86.31,11.32,
KYC000503,CUST00503,Approved,Standard,Branch,2025-03-10,2026-03-10,86.54,Passed,59.34,19.72,
KYC000504,CUST00504,Approved,Enhanced Due Diligence,Third-Party Provider,2026-03-16,2027-03-16,78.97,Passed,56.72,6.45,
KYC000505,CUST00505,Approved,Standard,Digital,2024-05-28,2026-05-28,78.13,Passed,78.92,23.56,
KYC000506,CUST00506,Approved,Standard,Digital,2026-08-22,2029-08-21,92.25,Passed,56.14,24.82,
KYC000507,CUST00507,Approved,Standard,Branch,2026-05-27,2029-05-26,89.39,Passed,89.53,13.14,
KYC000508,CUST00508,Approved,Standard,Third-Party Provider,2025-04-05,2027-04-05,77.99,Failed,55.96,11.76,
KYC000509,CUST00509,Approved,Standard,Manual,2024-06-19,2025-06-19,89.12,Passed,67.58,19.68,
KYC000510,CUST00510,Rejected,Standard,Digital,2025-03-20,2026-03-20,81.6,Passed,93.39,74.43,
KYC000511,CUST00511,Approved,Basic,Third-Party Provider,2024-12-22,2025-12-22,95.08,Passed,56.12,23.36,
KYC000512,CUST00512,Approved,Basic,Manual,2026-07-03,2028-07-02,98.12,Passed,76.09,15.13,
KYC000513,CUST00513,Approved,Standard,Manual,2025-03-07,2028-03-06,71.62,Passed,87.01,33.45,
KYC000514,CUST00514,Approved,Standard,Manual,2025-01-29,2027-01-29,65.64,Passed,99.38,11.07,
KYC000515,CUST00515,Approved,Basic,Digital,2024-02-29,2027-02-28,75.53,Passed,65.13,12.45,
KYC000516,CUST00516,Approved,Basic,Third-Party Provider,2024-01-27,2027-01-26,97.33,Failed,92.93,24.12,
KYC000517,CUST00517,Approved,Basic,Third-Party Provider,2025-04-19,2026-04-19,74.69,Pending,55.93,14.14,
KYC000518,CUST00518,Approved,Standard,Third-Party Provider,2026-06-30,2027-06-30,96.9,Passed,60.71,8.0,
KYC000519,CUST00519,Approved,Standard,Third-Party Provider,2026-07-18,2028-07-17,63.79,Pending,99.29,24.79,
KYC000520,CUST00520,Pending,Basic,Digital,2026-07-13,2027-07-13,73.35,Passed,96.94,49.52,
KYC000521,CUST00521,Approved,Enhanced Due Diligence,Branch,2026-05-08,2029-05-07,81.37,Passed,78.67,17.99,
KYC000522,CUST00522,Approved,Basic,Third-Party Provider,2025-11-18,2026-11-18,94.99,Passed,92.8,17.83,
KYC000523,CUST00523,Approved,Basic,Third-Party Provider,2026-10-03,2029-10-02,78.37,Passed,96.64,21.15,
KYC000524,CUST00524,Approved,Standard,Manual,2024-03-10,2025-03-10,74.96,Pending,72.46,32.02,
KYC000525,CUST00525,Approved,Standard,Branch,2024-02-04,2027-02-03,89.58,Passed,56.36,12.95,
KYC000526,CUST00526,Rejected,Standard,Third-Party Provider,2024-07-18,2027-07-18,91.84,Passed,91.48,75.53,
KYC000527,CUST00527,Approved,Basic,Branch,2026-10-03,2027-10-03,68.94,Passed,84.27,19.63,
KYC000528,CUST00528,Approved,Standard,Manual,2025-12-06,2028-12-05,74.46,Passed,98.4,23.26,
KYC000529,CUST00529,Approved,Standard,Manual,2024-02-05,2026-02-04,63.67,Passed,60.66,27.7,
KYC000530,CUST00530,Approved,Basic,Digital,2025-01-30,2026-01-30,88.79,Passed,87.81,16.93,
KYC000531,CUST00531,Approved,Standard,Manual,2025-02-23,2027-02-23,70.52,Passed,64.0,29.47,
KYC000532,CUST00532,Approved,Standard,Third-Party Provider,2025-05-24,2027-05-24,97.31,Passed,77.44,23.47,
KYC000533,CUST00533,Pending,Basic,Branch,2026-10-02,2029-10-01,88.15,Passed,75.87,39.33,
KYC000534,CUST00534,Approved,Basic,Manual,2026-03-11,2029-03-10,72.06,Passed,82.12,11.03,
KYC000535,CUST00535,Approved,Basic,Third-Party Provider,2025-11-18,2026-11-18,88.77,Passed,83.73,22.51,
KYC000536,CUST00536,Approved,Standard,Manual,2024-11-12,2026-11-12,82.26,Passed,70.68,20.79,
KYC000537,CUST00537,Pending,Basic,Third-Party Provider,2024-09-24,2027-09-24,94.46,Passed,63.43,50.64,
KYC000538,CUST00538,Approved,Basic,Third-Party Provider,2025-05-31,2027-05-31,70.24,Passed,59.69,18.27,
KYC000539,CUST00539,Approved,Standard,Digital,2026-11-22,2028-11-21,65.16,Passed,73.04,23.33,
KYC000540,CUST00540,Approved,Standard,Branch,2024-10-21,2027-10-21,62.89,Passed,59.69,16.15,
KYC000541,CUST00541,Approved,Basic,Branch,2025-12-26,2027-12-26,85.05,Passed,69.72,23.77,
KYC000542,CUST00542,Approved,Enhanced Due Diligence,Digital,2026-11-26,2028-11-25,79.39,Passed,73.88,21.04,
KYC000543,CUST00543,Approved,Basic,Branch,2025-04-26,2026-04-26,78.25,Passed,57.09,21.07,
KYC000544,CUST00544,Approved,Standard,Digital,2024-09-16,2026-09-16,94.95,Passed,60.74,12.68,
KYC000545,CUST00545,Approved,Basic,Branch,2026-05-18,2029-05-17,74.58,Passed,66.17,8.24,
KYC000546,CUST00546,Approved,Basic,Digital,2024-03-07,2027-03-07,64.13,Passed,89.45,24.67,
KYC000547,CUST00547,Approved,Standard,Manual,2024-12-12,2027-12-12,82.73,Pending,84.72,31.6,
KYC000548,CUST00548,Approved,Basic,Third-Party Provider,2024-07-21,2025-07-21,82.4,Passed,95.28,5.25,
KYC000549,CUST00549,Approved,Standard,Manual,2026-10-24,2028-10-23,79.59,Passed,59.73,14.65,
KYC000550,CUST00550,Approved,Standard,Digital,2025-05-31,2026-05-31,63.84,Passed,75.29,13.14,
KYC000551,CUST00551,Approved,Standard,Digital,2024-12-07,2027-12-07,95.12,Failed,79.2,27.01,
KYC000552,CUST00552,Approved,Basic,Manual,2025-08-28,2026-08-28,84.71,Passed,72.51,21.68,
KYC000553,CUST00553,Approved,Standard,Digital,2026-07-16,2027-07-16,72.88,Pending,91.96,24.2,
KYC000554,CUST00554,Approved,Standard,Digital,2024-01-28,2027-01-27,72.81,Passed,63.03,17.42,
KYC000555,CUST00555,Approved,Standard,Manual,2024-01-28,2025-01-27,64.8,Passed,78.66,21.55,
KYC000556,CUST00556,Approved,Basic,Third-Party Provider,2026-12-08,2029-12-07,81.52,Passed,79.58,16.92,
KYC000557,CUST00557,Approved,Standard,Third-Party Provider,2025-01-25,2026-01-25,85.08,Passed,57.3,27.67,
KYC000558,CUST00558,Expired,Standard,Third-Party Provider,2024-12-06,2025-12-06,95.99,Passed,74.08,87.14,
KYC000559,CUST00559,Approved,Basic,Digital,2024-05-18,2027-05-18,74.65,Passed,58.11,30.54,
KYC000560,CUST00560,Approved,Standard,Branch,2024-12-07,2027-12-07,65.08,Passed,88.02,23.59,
KYC000561,CUST00561,Pending,Standard,Manual,2025-05-01,2027-05-01,76.36,Passed,69.95,58.07,
KYC000562,CUST00562,Approved,Standard,Branch,2025-07-05,2028-07-04,90.85,Passed,83.66,21.22,
KYC000563,CUST00563,Approved,Standard,Branch,2026-01-06,2028-01-06,90.85,Passed,88.59,33.2,
KYC000564,CUST00564,Rejected,Standard,Digital,2026-11-22,2029-11-21,85.98,Failed,66.81,84.64,
KYC000565,CUST00565,Approved,Standard,Digital,2026-01-18,2027-01-18,74.01,Passed,98.2,21.65,
KYC000566,CUST00566,Approved,Standard,Branch,2024-04-26,2027-04-26,70.87,Passed,81.33,25.08,
KYC000567,CUST00567,Approved,Standard,Digital,2026-11-06,2029-11-05,86.35,Passed,84.34,10.61,
KYC000568,CUST00568,Pending,Enhanced Due Diligence,Manual,2024-09-04,2026-09-04,63.24,Passed,58.2,63.57,
KYC000569,CUST00569,Approved,Standard,Manual,2024-03-28,2025-03-28,81.44,Passed,76.76,22.61,
KYC000570,CUST00570,Approved,Standard,Manual,2024-02-15,2026-02-14,98.81,Pending,70.6,21.2,
KYC000571,CUST00571,Expired,Standard,Third-Party Provider,2024-06-13,2027-06-13,86.48,Passed,71.0,89.06,
KYC000572,CUST00572,Approved,Standard,Manual,2024-10-27,2027-10-27,86.58,Passed,69.48,14.65,
KYC000573,CUST00573,Expired,Enhanced Due Diligence,Branch,2024-02-20,2027-02-19,90.38,Passed,94.3,77.65,
KYC000574,CUST00574,Approved,Basic,Third-Party Provider,2024-09-18,2025-09-18,64.16,Passed,86.26,21.86,
KYC000575,CUST00575,Approved,Basic,Digital,2026-09-17,2029-09-16,84.83,Passed,99.16,13.56,
KYC000576,CUST00576,Expired,Standard,Branch,2026-07-07,2027-07-07,82.89,Passed,56.79,91.89,
KYC000577,CUST00577,Approved,Basic,Branch,2026-09-19,2027-09-19,97.55,Passed,91.4,19.19,
KYC000578,CUST00578,Approved,Standard,Branch,2026-12-24,2027-12-24,69.71,Passed,95.41,6.63,
KYC000579,CUST00579,Approved,Standard,Third-Party Provider,2024-04-26,2025-04-26,97.79,Passed,59.25,28.53,
KYC000580,CUST00580,Approved,Standard,Digital,2025-06-24,2026-06-24,90.81,Passed,58.62,5.43,
KYC000581,CUST00581,Approved,Basic,Manual,2026-07-24,2027-07-24,91.24,Pending,80.37,31.27,
KYC000582,CUST00582,Approved,Enhanced Due Diligence,Branch,2026-09-10,2028-09-09,90.99,Pending,88.79,32.92,
KYC000583,CUST00583,Approved,Standard,Branch,2026-02-25,2029-02-24,65.55,Passed,77.9,21.72,
KYC000584,CUST00584,Rejected,Standard,Third-Party Provider,2024-12-09,2027-12-09,70.69,Passed,98.55,79.31,
KYC000585,CUST00585,Expired,Standard,Third-Party Provider,2025-12-22,2027-12-22,68.97,Passed,57.31,70.27,
KYC000586,CUST00586,Approved,Basic,Branch,2025-06-27,2028-06-26,71.43,Passed,82.98,15.47,
KYC000587,CUST00587,Approved,Standard,Manual,2026-02-28,2027-02-28,87.58,Passed,69.01,6.06,
KYC000588,CUST00588,Approved,Enhanced Due Diligence,Digital,2026-03-17,2029-03-16,85.95,Passed,93.37,20.68,
KYC000589,CUST00589,Approved,Standard,Manual,2025-07-26,2026-07-26,74.56,Passed,82.76,14.77,
KYC000590,CUST00590,Pending,Standard,Third-Party Provider,2024-06-05,2027-06-05,69.85,Passed,96.9,39.55,
KYC000591,CUST00591,Pending,Standard,Third-Party Provider,2026-02-11,2028-02-11,63.24,Passed,55.26,38.24,
KYC000592,CUST00592,Approved,Standard,Manual,2026-11-30,2028-11-29,93.19,Passed,79.55,34.16,
KYC000593,CUST00593,Expired,Basic,Branch,2025-02-24,2028-02-24,76.63,Passed,89.63,79.11,
KYC000594,CUST00594,Approved,Enhanced Due Diligence,Digital,2024-06-15,2026-06-15,81.33,Passed,64.55,20.17,
KYC000595,CUST00595,Approved,Standard,Digital,2026-12-08,2029-12-07,78.38,Passed,68.82,26.82,
KYC000596,CUST00596,Approved,Standard,Digital,2026-07-04,2029-07-03,76.57,Passed,69.31,26.77,
KYC000597,CUST00597,Approved,Standard,Third-Party Provider,2026-01-28,2028-01-28,86.53,Passed,61.04,17.6,
KYC000598,CUST00598,Approved,Standard,Branch,2025-11-19,2028-11-18,91.99,Passed,88.86,14.06,
KYC000599,CUST00599,Rejected,Standard,Manual,2024-07-11,2027-07-11,82.93,Passed,71.84,91.13,
KYC000600,CUST00600,Approved,Basic,Manual,2026-12-01,2029-11-30,80.74,Passed,75.3,11.29,
KYC000601,CUST00601,Pending,Basic,Manual,2025-11-02,2028-11-01,89.46,Passed,89.42,64.67,
KYC000602,CUST00602,Approved,Standard,Digital,2025-10-15,2027-10-15,62.23,Pending,88.71,13.67,
KYC000603,CUST00603,Approved,Enhanced Due Diligence,Branch,2025-11-12,2026-11-12,92.44,Passed,75.94,28.14,
KYC000604,CUST00604,Approved,Standard,Branch,2024-07-23,2026-07-23,65.35,Passed,86.54,9.62,
KYC000605,CUST00605,Rejected,Basic,Manual,2026-09-19,2028-09-18,89.74,Passed,57.0,76.41,
KYC000606,CUST00606,Approved,Basic,Manual,2026-02-07,2027-02-07,87.19,Passed,55.09,24.49,
KYC000607,CUST00607,Approved,Basic,Manual,2026-10-11,2027-10-11,76.14,Passed,63.07,29.14,
KYC000608,CUST00608,Approved,Standard,Digital,2025-04-11,2027-04-11,95.03,Passed,67.1,24.19,
KYC000609,CUST00609,Approved,Standard,Branch,2025-09-30,2028-09-29,96.92,Passed,71.46,12.9,
KYC000610,CUST00610,Approved,Standard,Third-Party Provider,2025-08-11,2028-08-10,65.67,Passed,87.51,12.37,
KYC000611,CUST00611,Approved,Basic,Third-Party Provider,2025-04-30,2026-04-30,72.78,Failed,87.59,15.81,
KYC000612,CUST00612,Rejected,Enhanced Due Diligence,Manual,2026-12-23,2029-12-22,84.51,Passed,55.19,75.97,
KYC000613,CUST00613,Pending,Basic,Manual,2026-02-05,2028-02-05,70.72,Passed,77.8,36.07,
KYC000614,CUST00614,Approved,Standard,Branch,2026-12-12,2027-12-12,69.59,Failed,71.68,21.64,
KYC000615,CUST00615,Approved,Standard,Branch,2024-03-27,2025-03-27,71.88,Passed,90.56,22.4,
KYC000616,CUST00616,Approved,Enhanced Due Diligence,Manual,2024-01-07,2026-01-06,93.02,Passed,92.84,32.22,
KYC000617,CUST00617,Approved,Standard,Digital,2026-01-28,2027-01-28,71.56,Passed,68.68,18.68,
KYC000618,CUST00618,Approved,Standard,Digital,2026-11-22,2029-11-21,87.18,Passed,72.63,28.45,
KYC000619,CUST00619,Approved,Enhanced Due Diligence,Manual,2024-09-29,2025-09-29,94.7,Passed,77.36,28.67,
KYC000620,CUST00620,Approved,Basic,Third-Party Provider,2024-08-03,2025-08-03,60.73,Passed,72.97,25.71,
KYC000621,CUST00621,Approved,Standard,Digital,2025-11-27,2028-11-26,89.56,Passed,66.08,27.76,
KYC000622,CUST00622,Approved,Basic,Third-Party Provider,2024-11-11,2027-11-11,72.05,Passed,87.34,30.0,
KYC000623,CUST00623,Approved,Basic,Digital,2024-09-04,2026-09-04,82.15,Passed,85.57,32.49,
KYC000624,CUST00624,Approved,Basic,Branch,2024-11-15,2025-11-15,73.2,Passed,61.14,12.84,
KYC000625,CUST00625,Approved,Standard,Third-Party Provider,2025-01-25,2026-01-25,90.96,Passed,57.51,5.82,
KYC000626,CUST00626,Approved,Standard,Third-Party Provider,2024-05-05,2027-05-05,86.88,Passed,66.91,12.07,
KYC000627,CUST00627,Approved,Basic,Third-Party Provider,2026-02-18,2027-02-18,69.21,Pending,62.28,14.68,
KYC000628,CUST00628,Approved,Basic,Branch,2026-09-26,2028-09-25,89.46,Passed,78.38,17.24,
KYC000629,CUST00629,Approved,Standard,Third-Party Provider,2026-01-13,2027-01-13,95.93,Passed,81.82,18.63,
KYC000630,CUST00630,Approved,Standard,Manual,2026-03-14,2027-03-14,60.01,Passed,75.92,22.92,
KYC000631,CUST00631,Approved,Enhanced Due Diligence,Manual,2026-08-20,2029-08-19,96.4,Passed,87.46,15.03,
KYC000632,CUST00632,Approved,Enhanced Due Diligence,Third-Party Provider,2025-08-19,2027-08-19,91.23,Passed,74.32,22.63,
KYC000633,CUST00633,Pending,Basic,Digital,2026-10-26,2027-10-26,89.05,Passed,63.2,44.02,
KYC000634,CUST00634,Approved,Basic,Digital,2025-04-01,2026-04-01,67.44,Passed,62.23,20.9,
KYC000635,CUST00635,Pending,Standard,Manual,2024-02-27,2026-02-26,88.87,Passed,64.79,53.04,
KYC000636,CUST00636,Approved,Standard,Digital,2024-03-27,2027-03-27,88.22,Pending,96.37,29.55,
KYC000637,CUST00637,Approved,Basic,Branch,2024-11-13,2026-11-13,73.54,Passed,62.22,22.71,
KYC000638,CUST00638,Approved,Standard,Branch,2025-04-09,2028-04-08,92.97,Passed,80.53,22.26,
KYC000639,CUST00639,Approved,Basic,Digital,2026-07-29,2028-07-28,98.62,Passed,86.12,10.9,
KYC000640,CUST00640,Approved,Standard,Third-Party Provider,2025-04-24,2026-04-24,92.76,Passed,87.73,32.88,
KYC000641,CUST00641,Rejected,Standard,Manual,2024-02-14,2026-02-13,84.97,Passed,87.91,89.2,
KYC000642,CUST00642,Approved,Standard,Manual,2024-05-01,2027-05-01,73.61,Passed,76.7,22.11,
KYC000643,CUST00643,Pending,Basic,Digital,2024-01-12,2026-01-11,67.28,Passed,86.42,40.73,
KYC000644,CUST00644,Pending,Basic,Third-Party Provider,2025-09-02,2027-09-02,77.43,Passed,91.6,50.09,
KYC000645,CUST00645,Approved,Standard,Branch,2025-05-26,2028-05-25,66.73,Pending,82.89,13.07,
KYC000646,CUST00646,Approved,Standard,Digital,2024-10-12,2026-10-12,82.24,Passed,89.7,22.14,
KYC000647,CUST00647,Approved,Basic,Digital,2025-06-25,2028-06-24,87.33,Passed,91.13,24.05,
KYC000648,CUST00648,Approved,Basic,Branch,2024-12-30,2027-12-30,90.02,Pending,71.56,27.17,
KYC000649,CUST00649,Approved,Standard,Branch,2025-06-27,2026-06-27,77.83,Passed,95.34,20.22,
KYC000650,CUST00650,Approved,Basic,Manual,2025-08-14,2027-08-14,68.02,Pending,91.97,10.12,
KYC000651,CUST00651,Approved,Standard,Digital,2026-04-15,2029-04-14,70.83,Passed,87.69,11.75,
KYC000652,CUST00652,Approved,Standard,Digital,2025-03-01,2027-03-01,87.82,Passed,95.76,30.23,
KYC000653,CUST00653,Pending,Standard,Third-Party Provider,2025-11-17,2028-11-16,67.6,Passed,60.39,53.26,
KYC000654,CUST00654,Approved,Basic,Manual,2024-06-08,2027-06-08,96.55,Passed,88.17,12.22,
KYC000655,CUST00655,Approved,Standard,Third-Party Provider,2026-06-16,2029-06-15,90.85,Passed,67.4,18.33,
KYC000656,CUST00656,Approved,Standard,Third-Party Provider,2025-04-21,2026-04-21,75.25,Pending,67.68,20.19,
KYC000657,CUST00657,Approved,Standard,Manual,2024-03-16,2025-03-16,63.17,Passed,56.79,7.08,
KYC000658,CUST00658,Approved,Basic,Digital,2025-08-31,2026-08-31,90.85,Passed,71.74,23.18,
KYC000659,CUST00659,Approved,Standard,Digital,2024-05-22,2025-05-22,83.46,Passed,55.89,13.38,
KYC000660,CUST00660,Approved,Standard,Branch,2024-12-20,2025-12-20,89.28,Passed,91.25,32.53,
KYC000661,CUST00661,Approved,Standard,Digital,2024-09-23,2025-09-23,76.57,Passed,57.55,12.95,
KYC000662,CUST00662,Approved,Basic,Manual,2026-01-28,2027-01-28,98.71,Passed,58.38,29.02,
KYC000663,CUST00663,Approved,Standard,Branch,2026-05-31,2028-05-30,81.99,Passed,56.75,17.46,
KYC000664,CUST00664,Approved,Basic,Branch,2024-02-13,2027-02-12,69.12,Passed,97.18,14.96,
KYC000665,CUST00665,Approved,Enhanced Due Diligence,Third-Party Provider,2025-04-16,2028-04-15,78.97,Passed,85.84,6.95,
KYC000666,CUST00666,Rejected,Basic,Branch,2026-08-22,2027-08-22,63.17,Passed,86.92,70.22,
KYC000667,CUST00667,Approved,Basic,Digital,2026-05-13,2028-05-12,64.47,Passed,72.68,24.41,
KYC000668,CUST00668,Rejected,Standard,Manual,2024-03-14,2026-03-14,67.47,Passed,69.29,71.46,
KYC000669,CUST00669,Pending,Basic,Manual,2025-09-19,2027-09-19,77.55,Passed,69.49,35.96,
KYC000670,CUST00670,Approved,Standard,Manual,2024-09-19,2026-09-19,88.77,Passed,56.55,23.29,
KYC000671,CUST00671,Approved,Basic,Digital,2025-05-01,2026-05-01,60.6,Pending,96.88,27.06,
KYC000672,CUST00672,Approved,Basic,Manual,2026-10-31,2027-10-31,62.36,Passed,91.51,23.33,
KYC000673,CUST00673,Pending,Standard,Third-Party Provider,2025-01-13,2028-01-13,88.29,Passed,99.73,52.62,
KYC000674,CUST00674,Approved,Basic,Branch,2024-11-03,2026-11-03,88.4,Passed,93.86,12.71,
KYC000675,CUST00675,Approved,Standard,Manual,2024-12-21,2026-12-21,61.76,Passed,73.23,12.82,
KYC000676,CUST00676,Rejected,Standard,Digital,2024-05-08,2025-05-08,94.17,Passed,92.79,91.83,
KYC000677,CUST00677,Rejected,Basic,Manual,2024-10-30,2026-10-30,85.62,Passed,61.11,91.34,
KYC000678,CUST00678,Approved,Standard,Digital,2026-07-28,2029-07-27,84.7,Passed,65.51,16.56,
KYC000679,CUST00679,Approved,Standard,Branch,2025-04-01,2028-03-31,65.39,Passed,98.23,20.1,
KYC000680,CUST00680,Approved,Standard,Manual,2026-07-19,2029-07-18,67.64,Passed,89.29,34.8,
KYC000681,CUST00681,Approved,Basic,Digital,2024-12-01,2025-12-01,77.29,Passed,58.78,26.31,
KYC000682,CUST00682,Expired,Basic,Third-Party Provider,2024-10-14,2026-10-14,92.46,Passed,69.64,68.51,
KYC000683,CUST00683,Approved,Enhanced Due Diligence,Branch,2024-06-28,2025-06-28,76.74,Passed,81.39,28.28,
KYC000684,CUST00684,Approved,Basic,Third-Party Provider,2026-09-04,2028-09-03,82.72,Passed,84.62,25.15,
KYC000685,CUST00685,Approved,Standard,Third-Party Provider,2025-12-10,2026-12-10,76.7,Passed,94.96,11.2,
KYC000686,CUST00686,Pending,Enhanced Due Diligence,Digital,2024-02-10,2027-02-09,77.13,Passed,90.64,45.21,
KYC000687,CUST00687,Approved,Enhanced Due Diligence,Manual,2026-05-02,2029-05-01,87.15,Passed,57.4,11.54,
KYC000688,CUST00688,Approved,Standard,Branch,2026-01-29,2028-01-29,80.2,Passed,56.6,34.51,
KYC000689,CUST00689,Approved,Standard,Digital,2025-03-08,2027-03-08,71.52,Passed,58.04,8.8,
KYC000690,CUST00690,Approved,Standard,Third-Party Provider,2024-03-27,2026-03-27,83.85,Passed,88.82,22.53,
KYC000691,CUST00691,Approved,Standard,Third-Party Provider,2025-03-07,2027-03-07,64.38,Passed,95.42,14.31,
KYC000692,CUST00692,Approved,Basic,Third-Party Provider,2024-07-10,2025-07-10,93.5,Passed,59.22,18.27,
KYC000693,CUST00693,Pending,Basic,Branch,2025-01-20,2027-01-20,87.72,Passed,85.05,36.22,
KYC000694,CUST00694,Approved,Standard,Branch,2024-09-27,2025-09-27,73.3,Passed,75.06,24.34,
KYC000695,CUST00695,Rejected,Standard,Third-Party Provider,2024-04-30,2025-04-30,75.75,Passed,95.82,93.4,
KYC000696,CUST00696,Approved,Standard,Digital,2025-02-20,2027-02-20,74.4,Failed,72.8,33.55,
KYC000697,CUST00697,Approved,Standard,Digital,2024-10-06,2026-10-06,99.24,Passed,77.22,11.06,
KYC000698,CUST00698,Approved,Standard,Digital,2026-10-05,2029-10-04,61.79,Passed,92.19,5.77,
KYC000699,CUST00699,Approved,Basic,Digital,2025-05-05,2027-05-05,65.73,Passed,93.94,20.08,
KYC000700,CUST00700,Approved,Standard,Branch,2026-12-01,2029-11-30,84.58,Passed,80.96,15.42,
KYC000701,CUST00701,Approved,Basic,Digital,2025-06-28,2028-06-27,60.74,Passed,94.6,12.82,
KYC000702,CUST00702,Approved,Basic,Manual,2024-06-02,2026-06-02,86.86,Passed,95.14,16.96,
KYC000703,CUST00703,Approved,Standard,Branch,2024-02-08,2026-02-07,93.6,Passed,74.98,17.95,
KYC000704,CUST00704,Approved,Enhanced Due Diligence,Branch,2025-01-03,2028-01-03,66.77,Passed,72.17,27.37,
KYC000705,CUST00705,Approved,Standard,Third-Party Provider,2025-10-11,2027-10-11,83.39,Pending,95.63,26.22,
KYC000706,CUST00706,Pending,Standard,Branch,2026-07-10,2028-07-09,95.91,Passed,93.24,55.06,
KYC000707,CUST00707,Approved,Basic,Digital,2026-06-21,2028-06-20,61.71,Passed,65.5,13.82,
KYC000708,CUST00708,Approved,Basic,Third-Party Provider,2026-06-22,2027-06-22,89.28,Passed,93.13,25.09,
KYC000709,CUST00709,Approved,Standard,Third-Party Provider,2025-04-01,2028-03-31,93.83,Passed,78.04,18.15,
KYC000710,CUST00710,Approved,Standard,Digital,2025-01-03,2028-01-03,64.19,Passed,87.19,24.62,
KYC000711,CUST00711,Approved,Standard,Branch,2024-11-17,2025-11-17,85.69,Passed,79.17,28.89,
KYC000712,CUST00712,Rejected,Basic,Third-Party Provider,2024-08-16,2026-08-16,62.78,Passed,98.94,93.8,
KYC000713,CUST00713,Approved,Standard,Third-Party Provider,2026-05-24,2028-05-23,84.34,Passed,56.99,5.59,
KYC000714,CUST00714,Approved,Standard,Manual,2024-09-24,2027-09-24,89.4,Passed,93.14,15.82,
KYC000715,CUST00715,Approved,Standard,Branch,2025-08-26,2028-08-25,96.66,Passed,83.26,14.02,
KYC000716,CUST00716,Approved,Standard,Third-Party Provider,2025-06-03,2027-06-03,75.98,Passed,78.72,32.15,
KYC000717,CUST00717,Approved,Basic,Third-Party Provider,2024-03-30,2025-03-30,70.3,Passed,82.32,16.74,
KYC000718,CUST00718,Expired,Basic,Manual,2025-12-06,2028-12-05,82.24,Passed,95.15,90.97,
KYC000719,CUST00719,Approved,Standard,Third-Party Provider,2025-08-19,2028-08-18,91.92,Passed,59.7,6.27,
KYC000720,CUST00720,Rejected,Basic,Branch,2025-04-07,2026-04-07,62.48,Passed,86.99,84.12,
KYC000721,CUST00721,Approved,Standard,Digital,2025-12-11,2027-12-11,65.96,Passed,99.63,27.32,
KYC000722,CUST00722,Approved,Standard,Branch,2025-09-21,2026-09-21,80.84,Passed,68.69,19.74,
KYC000723,CUST00723,Approved,Standard,Digital,2025-12-29,2028-12-28,81.05,Passed,60.98,29.62,
KYC000724,CUST00724,Approved,Standard,Branch,2024-01-02,2025-01-01,77.11,Passed,75.09,14.99,
KYC000725,CUST00725,Approved,Standard,Digital,2026-02-24,2029-02-23,96.31,Passed,83.67,31.78,
KYC000726,CUST00726,Approved,Standard,Branch,2025-06-02,2027-06-02,68.69,Passed,72.51,13.07,
KYC000727,CUST00727,Approved,Standard,Third-Party Provider,2025-10-09,2027-10-09,93.24,Passed,88.06,9.49,
KYC000728,CUST00728,Approved,Standard,Manual,2025-06-25,2028-06-24,90.77,Passed,90.8,9.69,
KYC000729,CUST00729,Approved,Basic,Manual,2026-10-11,2028-10-10,81.1,Passed,86.29,25.44,
KYC000730,CUST00730,Approved,Basic,Third-Party Provider,2025-06-06,2026-06-06,96.5,Passed,56.33,19.78,
KYC000731,CUST00731,Expired,Basic,Branch,2026-11-12,2027-11-12,93.01,Pending,81.47,74.82,
KYC000732,CUST00732,Approved,Standard,Third-Party Provider,2026-08-28,2028-08-27,65.06,Passed,78.41,23.78,
KYC000733,CUST00733,Approved,Basic,Digital,2025-08-02,2027-08-02,71.91,Failed,99.88,27.86,
KYC000734,CUST00734,Approved,Standard,Branch,2024-11-30,2026-11-30,60.26,Passed,60.75,24.42,
KYC000735,CUST00735,Approved,Standard,Branch,2026-02-09,2028-02-09,73.67,Passed,80.65,32.39,
KYC000736,CUST00736,Approved,Standard,Manual,2025-09-16,2028-09-15,73.64,Passed,92.12,5.42,
KYC000737,CUST00737,Approved,Standard,Digital,2024-12-13,2025-12-13,69.47,Passed,84.55,23.85,
KYC000738,CUST00738,Approved,Basic,Manual,2026-01-03,2029-01-02,70.28,Passed,66.7,30.97,
KYC000739,CUST00739,Expired,Standard,Manual,2026-08-17,2028-08-16,98.67,Passed,58.06,81.87,
KYC000740,CUST00740,Approved,Standard,Digital,2026-11-29,2028-11-28,80.46,Passed,69.9,26.68,
KYC000741,CUST00741,Approved,Standard,Digital,2025-06-29,2026-06-29,69.33,Passed,84.31,24.46,
KYC000742,CUST00742,Approved,Standard,Manual,2025-09-28,2027-09-28,78.65,Passed,87.26,21.47,
KYC000743,CUST00743,Pending,Standard,Third-Party Provider,2024-01-16,2026-01-15,99.82,Passed,66.68,61.63,
KYC000744,CUST00744,Approved,Standard,Third-Party Provider,2024-04-05,2027-04-05,85.11,Passed,87.01,21.74,
KYC000745,CUST00745,Pending,Standard,Digital,2026-06-18,2028-06-17,97.52,Passed,62.83,39.97,
KYC000746,CUST00746,Approved,Standard,Third-Party Provider,2026-04-12,2027-04-12,79.22,Passed,97.43,7.55,
KYC000747,CUST00747,Approved,Basic,Third-Party Provider,2026-12-16,2029-12-15,97.3,Passed,93.01,12.04,
KYC000748,CUST00748,Approved,Standard,Third-Party Provider,2024-08-28,2026-08-28,99.25,Passed,95.76,22.07,
KYC000749,CUST00749,Approved,Basic,Third-Party Provider,2026-12-06,2029-12-05,66.78,Passed,88.6,24.83,
KYC000750,CUST00750,Pending,Basic,Manual,2026-08-09,2029-08-08,89.46,Passed,77.6,40.4,
KYC000751,CUST00751,Approved,Standard,Third-Party Provider,2026-07-22,2027-07-22,95.59,Passed,79.84,18.2,
KYC000752,CUST00752,Approved,Basic,Branch,2025-11-14,2027-11-14,86.62,Passed,71.17,23.29,
KYC000753,CUST00753,Approved,Standard,Manual,2024-02-23,2027-02-22,66.05,Passed,77.62,34.43,
KYC000754,CUST00754,Approved,Standard,Digital,2025-08-08,2027-08-08,69.57,Pending,70.35,8.86,
KYC000755,CUST00755,Approved,Standard,Branch,2024-08-19,2027-08-19,99.67,Passed,93.59,33.46,
KYC000756,CUST00756,Approved,Standard,Third-Party Provider,2026-08-24,2029-08-23,60.08,Pending,92.03,18.04,
KYC000757,CUST00757,Approved,Standard,Manual,2025-09-01,2027-09-01,64.68,Passed,59.37,30.43,
KYC000758,CUST00758,Approved,Standard,Manual,2025-04-01,2027-04-01,66.45,Passed,69.51,5.24,
KYC000759,CUST00759,Pending,Standard,Branch,2024-07-24,2025-07-24,98.66,Pending,91.69,37.66,
KYC000760,CUST00760,Approved,Standard,Third-Party Provider,2026-01-03,2029-01-02,90.77,Passed,81.81,13.77,
KYC000761,CUST00761,Approved,Standard,Manual,2024-09-14,2026-09-14,79.2,Passed,71.22,20.99,
KYC000762,CUST00762,Approved,Basic,Third-Party Provider,2025-01-30,2027-01-30,96.91,Passed,69.84,16.13,
KYC000763,CUST00763,Approved,Standard,Branch,2026-05-08,2029-05-07,98.91,Pending,74.66,18.01,
KYC000764,CUST00764,Approved,Standard,Manual,2026-04-06,2027-04-06,83.18,Passed,94.44,5.91,
KYC000765,CUST00765,Pending,Standard,Manual,2024-02-17,2026-02-16,82.58,Failed,83.52,46.31,
KYC000766,CUST00766,Approved,Basic,Third-Party Provider,2024-12-24,2026-12-24,84.39,Passed,61.31,7.29,
KYC000767,CUST00767,Approved,Standard,Manual,2026-09-16,2029-09-15,85.23,Passed,57.26,23.06,
KYC000768,CUST00768,Approved,Basic,Manual,2024-02-07,2025-02-06,79.21,Passed,94.37,7.83,
KYC000769,CUST00769,Approved,Basic,Branch,2024-03-24,2025-03-24,90.27,Failed,98.74,31.41,
KYC000770,CUST00770,Approved,Enhanced Due Diligence,Third-Party Provider,2025-09-02,2027-09-02,87.1,Passed,71.54,15.48,
KYC000771,CUST00771,Approved,Standard,Branch,2025-05-01,2026-05-01,88.92,Passed,98.97,20.39,
KYC000772,CUST00772,Pending,Basic,Digital,2026-05-10,2029-05-09,98.9,Passed,85.7,55.91,
KYC000773,CUST00773,Approved,Basic,Digital,2025-05-07,2027-05-07,92.8,Pending,95.62,11.34,
KYC000774,CUST00774,Approved,Basic,Branch,2025-12-05,2027-12-05,64.09,Passed,94.71,8.59,
KYC000775,CUST00775,Approved,Standard,Third-Party Provider,2024-08-08,2027-08-08,65.2,Passed,58.69,25.5,
KYC000776,CUST00776,Expired,Standard,Digital,2026-02-15,2028-02-15,86.32,Passed,82.1,66.99,
KYC000777,CUST00777,Approved,Enhanced Due Diligence,Branch,2026-01-24,2029-01-23,82.76,Passed,55.81,30.23,
KYC000778,CUST00778,Approved,Standard,Digital,2024-06-01,2026-06-01,96.04,Passed,99.55,31.7,
KYC000779,CUST00779,Approved,Standard,Third-Party Provider,2024-02-06,2027-02-05,92.97,Passed,64.75,27.26,
KYC000780,CUST00780,Approved,Standard,Manual,2026-10-06,2027-10-06,93.79,Passed,63.8,13.0,
KYC000781,CUST00781,Pending,Standard,Manual,2024-02-29,2026-02-28,97.84,Passed,71.72,45.04,
KYC000782,CUST00782,Approved,Enhanced Due Diligence,Third-Party Provider,2024-02-05,2026-02-04,89.8,Passed,96.72,25.31,
KYC000783,CUST00783,Approved,Standard,Third-Party Provider,2024-07-18,2027-07-18,88.04,Passed,69.52,34.45,
KYC000784,CUST00784,Approved,Standard,Branch,2026-07-11,2029-07-10,61.26,Passed,69.99,27.94,
KYC000785,CUST00785,Pending,Standard,Digital,2025-04-25,2028-04-24,74.78,Passed,80.51,53.8,
KYC000786,CUST00786,Approved,Standard,Digital,2026-01-07,2027-01-07,77.62,Pending,56.19,31.02,
KYC000787,CUST00787,Pending,Standard,Manual,2024-03-28,2026-03-28,80.17,Passed,98.93,50.92,
KYC000788,CUST00788,Approved,Basic,Branch,2024-10-19,2026-10-19,99.86,Passed,78.16,24.81,
KYC000789,CUST00789,Approved,Standard,Third-Party Provider,2024-02-18,2025-02-17,92.76,Passed,79.49,10.75,
KYC000790,CUST00790,Approved,Basic,Branch,2025-09-18,2028-09-17,74.73,Passed,79.83,21.65,
KYC000791,CUST00791,Approved,Basic,Branch,2025-06-08,2026-06-08,78.35,Passed,79.8,29.11,
KYC000792,CUST00792,Approved,Basic,Third-Party Provider,2025-05-12,2028-05-11,72.78,Passed,88.46,21.61,
KYC000793,CUST00793,Pending,Basic,Manual,2024-08-11,2027-08-11,98.73,Passed,78.16,45.73,
KYC000794,CUST00794,Approved,Standard,Branch,2025-10-28,2026-10-28,64.14,Passed,94.36,22.48,
KYC000795,CUST00795,Approved,Standard,Digital,2025-07-10,2027-07-10,65.84,Pending,92.88,17.94,
KYC000796,CUST00796,Approved,Standard,Digital,2026-07-01,2027-07-01,87.7,Pending,88.01,21.92,
KYC000797,CUST00797,Approved,Basic,Third-Party Provider,2024-08-08,2026-08-08,65.17,Passed,70.0,22.66,
KYC000798,CUST00798,Approved,Standard,Third-Party Provider,2024-03-18,2027-03-18,80.6,Passed,65.54,12.51,
KYC000799,CUST00799,Pending,Basic,Branch,2026-03-05,2028-03-04,87.07,Passed,91.6,38.95,
KYC000800,CUST00800,Pending,Standard,Digital,2025-02-28,2026-02-28,62.41,Passed,58.47,39.94,
KYC000801,CUST00801,Approved,Standard,Manual,2026-08-09,2027-08-09,73.49,Passed,71.59,34.61,
KYC000802,CUST00802,Approved,Standard,Branch,2025-08-23,2026-08-23,99.38,Passed,72.47,14.22,
KYC000803,CUST00803,Pending,Basic,Manual,2024-04-24,2026-04-24,80.21,Passed,88.75,42.92,
KYC000804,CUST00804,Expired,Standard,Branch,2026-01-22,2027-01-22,91.15,Passed,55.61,86.9,
KYC000805,CUST00805,Approved,Standard,Digital,2026-10-04,2027-10-04,69.26,Passed,61.86,33.58,
KYC000806,CUST00806,Approved,Basic,Digital,2026-02-02,2029-02-01,71.47,Pending,96.59,33.6,
KYC000807,CUST00807,Pending,Standard,Branch,2024-06-21,2026-06-21,96.21,Passed,80.77,57.43,
KYC000808,CUST00808,Approved,Standard,Manual,2026-05-18,2028-05-17,88.73,Passed,90.55,10.02,
KYC000809,CUST00809,Approved,Basic,Manual,2026-12-10,2028-12-09,67.93,Passed,79.83,9.25,
KYC000810,CUST00810,Approved,Basic,Third-Party Provider,2026-07-28,2027-07-28,95.64,Passed,82.77,24.31,
KYC000811,CUST00811,Approved,Standard,Digital,2025-11-18,2027-11-18,88.76,Pending,61.55,14.37,
KYC000812,CUST00812,Approved,Basic,Digital,2026-02-02,2027-02-02,98.35,Passed,93.85,9.12,
KYC000813,CUST00813,Pending,Basic,Branch,2025-03-07,2026-03-07,62.61,Passed,55.7,38.47,
KYC000814,CUST00814,Approved,Basic,Branch,2024-02-26,2026-02-25,71.28,Passed,75.92,19.34,
KYC000815,CUST00815,Approved,Standard,Digital,2024-09-16,2026-09-16,95.66,Passed,98.46,5.71,
KYC000816,CUST00816,Approved,Standard,Manual,2026-11-27,2028-11-26,97.4,Passed,76.29,22.51,
KYC000817,CUST00817,Approved,Standard,Third-Party Provider,2024-02-01,2026-01-31,91.19,Passed,58.5,11.35,
KYC000818,CUST00818,Approved,Standard,Third-Party Provider,2025-03-21,2028-03-20,66.72,Passed,75.13,17.09,
KYC000819,CUST00819,Rejected,Standard,Branch,2025-10-05,2026-10-05,96.43,Passed,82.72,73.48,
KYC000820,CUST00820,Approved,Basic,Branch,2024-01-17,2027-01-16,65.76,Passed,92.95,29.95,
KYC000821,CUST00821,Rejected,Standard,Digital,2024-10-10,2025-10-10,82.8,Passed,65.05,84.47,
KYC000822,CUST00822,Approved,Basic,Third-Party Provider,2026-04-11,2029-04-10,95.8,Passed,97.75,17.94,
KYC000823,CUST00823,Approved,Standard,Branch,2026-12-15,2029-12-14,83.29,Failed,56.79,8.43,
KYC000824,CUST00824,Approved,Basic,Third-Party Provider,2024-05-02,2025-05-02,79.76,Passed,95.62,8.85,
KYC000825,CUST00825,Approved,Enhanced Due Diligence,Third-Party Provider,2024-09-23,2025-09-23,80.63,Failed,55.47,17.07,
KYC000826,CUST00826,Approved,Standard,Manual,2026-02-09,2029-02-08,91.88,Passed,79.2,34.4,
KYC000827,CUST00827,Approved,Standard,Third-Party Provider,2024-02-17,2026-02-16,82.06,Passed,70.59,5.77,
KYC000828,CUST00828,Approved,Enhanced Due Diligence,Digital,2025-07-25,2026-07-25,93.8,Passed,78.79,23.96,
KYC000829,CUST00829,Approved,Basic,Manual,2025-04-18,2027-04-18,80.36,Passed,66.5,13.29,
KYC000830,CUST00830,Approved,Basic,Digital,2026-07-28,2027-07-28,72.38,Passed,89.01,28.57,
KYC000831,CUST00831,Approved,Basic,Third-Party Provider,2025-03-27,2027-03-27,66.75,Passed,77.04,18.22,
KYC000832,CUST00832,Approved,Standard,Manual,2026-08-05,2027-08-05,80.72,Passed,68.13,26.01,
KYC000833,CUST00833,Approved,Standard,Branch,2026-04-30,2028-04-29,93.18,Passed,95.66,8.14,
KYC000834,CUST00834,Approved,Basic,Third-Party Provider,2025-12-21,2027-12-21,73.4,Passed,83.25,31.23,
KYC000835,CUST00835,Approved,Basic,Digital,2026-06-24,2029-06-23,78.41,Passed,90.27,6.83,
KYC000836,CUST00836,Approved,Standard,Digital,2026-09-20,2027-09-20,98.75,Passed,56.21,5.59,
KYC000837,CUST00837,Approved,Basic,Branch,2025-01-10,2028-01-10,66.88,Passed,70.81,10.26,
KYC000838,CUST00838,Approved,Basic,Digital,2024-11-28,2026-11-28,74.67,Passed,70.39,24.37,
KYC000839,CUST00839,Pending,Standard,Branch,2025-09-22,2026-09-22,77.24,Passed,62.02,54.5,
KYC000840,CUST00840,Approved,Standard,Digital,2024-04-15,2026-04-15,65.41,Passed,61.93,10.55,
KYC000841,CUST00841,Approved,Standard,Digital,2024-05-06,2027-05-06,61.68,Passed,62.29,15.21,
KYC000842,CUST00842,Approved,Standard,Digital,2024-12-14,2026-12-14,84.92,Passed,75.31,11.96,
KYC000843,CUST00843,Approved,Basic,Digital,2025-02-03,2026-02-03,64.69,Passed,80.78,16.69,
KYC000844,CUST00844,Approved,Standard,Branch,2024-08-20,2027-08-20,61.67,Pending,95.21,16.65,
KYC000845,CUST00845,Approved,Basic,Digital,2025-06-25,2026-06-25,74.05,Pending,64.78,12.5,
KYC000846,CUST00846,Approved,Basic,Third-Party Provider,2026-02-07,2028-02-07,95.55,Passed,62.68,21.13,
KYC000847,CUST00847,Approved,Enhanced Due Diligence,Third-Party Provider,2026-01-12,2027-01-12,76.48,Passed,66.02,10.6,
KYC000848,CUST00848,Approved,Standard,Third-Party Provider,2025-11-21,2028-11-20,91.71,Passed,95.08,17.23,
KYC000849,CUST00849,Approved,Basic,Digital,2024-03-08,2026-03-08,91.86,Pending,67.17,10.34,
KYC000850,CUST00850,Approved,Standard,Third-Party Provider,2024-10-20,2027-10-20,61.81,Passed,75.49,10.05,
KYC000851,CUST00851,Pending,Standard,Branch,2026-03-30,2028-03-29,73.3,Passed,77.8,40.77,
KYC000852,CUST00852,Approved,Basic,Third-Party Provider,2026-08-22,2029-08-21,79.45,Pending,72.63,31.6,
KYC000853,CUST00853,Pending,Standard,Branch,2025-02-27,2026-02-27,80.64,Passed,60.31,36.91,
KYC000854,CUST00854,Pending,Basic,Manual,2024-12-02,2025-12-02,68.32,Passed,65.01,62.71,
KYC000855,CUST00855,Pending,Basic,Manual,2025-05-10,2028-05-09,91.83,Passed,91.08,46.93,
KYC000856,CUST00856,Rejected,Standard,Manual,2024-08-12,2027-08-12,81.96,Passed,73.44,73.36,
KYC000857,CUST00857,Approved,Standard,Third-Party Provider,2025-05-22,2026-05-22,73.0,Passed,68.99,19.01,
KYC000858,CUST00858,Approved,Standard,Third-Party Provider,2024-03-12,2026-03-12,86.81,Passed,58.48,16.57,
KYC000859,CUST00859,Approved,Basic,Branch,2026-01-21,2028-01-21,84.43,Passed,74.23,27.74,
KYC000860,CUST00860,Approved,Standard,Third-Party Provider,2024-12-07,2027-12-07,70.61,Passed,77.02,31.01,
KYC000861,CUST00861,Pending,Standard,Third-Party Provider,2024-12-10,2025-12-10,68.22,Passed,73.61,59.81,
KYC000862,CUST00862,Expired,Basic,Branch,2026-03-24,2027-03-24,86.7,Passed,89.72,94.46,
KYC000863,CUST00863,Pending,Standard,Third-Party Provider,2026-04-08,2028-04-07,63.46,Passed,81.33,35.94,
KYC000864,CUST00864,Approved,Basic,Branch,2024-06-06,2026-06-06,76.17,Passed,82.23,27.82,
KYC000865,CUST00865,Approved,Standard,Branch,2024-06-07,2026-06-07,87.26,Pending,63.03,34.03,
KYC000866,CUST00866,Approved,Basic,Third-Party Provider,2025-06-10,2026-06-10,93.92,Passed,61.39,15.44,
KYC000867,CUST00867,Pending,Enhanced Due Diligence,Manual,2026-09-19,2027-09-19,75.61,Passed,77.05,46.23,
KYC000868,CUST00868,Expired,Enhanced Due Diligence,Third-Party Provider,2025-04-27,2027-04-27,93.63,Passed,95.42,80.61,
KYC000869,CUST00869,Approved,Basic,Manual,2025-02-02,2027-02-02,99.88,Passed,67.72,20.41,
KYC000870,CUST00870,Approved,Standard,Third-Party Provider,2026-12-05,2028-12-04,85.38,Passed,63.21,16.67,
KYC000871,CUST00871,Approved,Enhanced Due Diligence,Digital,2024-04-14,2025-04-14,79.25,Passed,71.61,15.08,
KYC000872,CUST00872,Approved,Enhanced Due Diligence,Third-Party Provider,2024-02-02,2026-02-01,60.54,Failed,64.08,17.27,
KYC000873,CUST00873,Approved,Standard,Digital,2025-06-26,2026-06-26,69.39,Passed,65.0,29.05,
KYC000874,CUST00874,Approved,Standard,Manual,2024-12-25,2027-12-25,67.06,Passed,92.25,11.83,
KYC000875,CUST00875,Expired,Standard,Third-Party Provider,2024-11-19,2026-11-19,84.88,Passed,94.33,74.83,
KYC000876,CUST00876,Approved,Basic,Manual,2026-11-12,2027-11-12,89.16,Passed,66.09,16.86,
KYC000877,CUST00877,Approved,Standard,Digital,2025-12-08,2028-12-07,91.93,Passed,78.18,28.46,
KYC000878,CUST00878,Approved,Enhanced Due Diligence,Digital,2024-03-04,2027-03-04,86.59,Passed,56.15,28.98,
KYC000879,CUST00879,Approved,Basic,Manual,2025-09-10,2027-09-10,88.93,Passed,74.69,34.86,
KYC000880,CUST00880,Pending,Basic,Manual,2026-09-18,2027-09-18,75.59,Failed,65.47,39.02,
KYC000881,CUST00881,Approved,Standard,Manual,2024-07-16,2026-07-16,73.93,Passed,61.57,6.51,
KYC000882,CUST00882,Approved,Enhanced Due Diligence,Digital,2026-03-19,2028-03-18,77.7,Passed,71.27,7.56,
KYC000883,CUST00883,Approved,Basic,Manual,2024-08-05,2025-08-05,98.36,Passed,92.5,28.5,
KYC000884,CUST00884,Approved,Standard,Third-Party Provider,2025-10-24,2026-10-24,97.97,Passed,97.77,29.84,
KYC000885,CUST00885,Approved,Enhanced Due Diligence,Digital,2025-03-10,2026-03-10,62.63,Passed,85.61,20.36,
KYC000886,CUST00886,Approved,Standard,Branch,2026-03-29,2028-03-28,83.32,Failed,58.93,12.89,
KYC000887,CUST00887,Approved,Enhanced Due Diligence,Third-Party Provider,2025-11-27,2026-11-27,77.31,Passed,86.28,30.73,
KYC000888,CUST00888,Approved,Standard,Third-Party Provider,2024-06-03,2027-06-03,94.96,Pending,70.98,23.56,
KYC000889,CUST00889,Pending,Standard,Branch,2025-07-16,2027-07-16,62.46,Passed,63.27,40.92,
KYC000890,CUST00890,Pending,Basic,Branch,2025-05-30,2026-05-30,86.67,Passed,88.21,40.91,
KYC000891,CUST00891,Pending,Basic,Branch,2025-07-10,2028-07-09,67.9,Passed,77.39,49.08,
KYC000892,CUST00892,Approved,Standard,Digital,2026-09-09,2027-09-09,87.19,Passed,60.9,24.37,
KYC000893,CUST00893,Pending,Standard,Branch,2024-07-31,2026-07-31,61.13,Passed,65.47,48.31,
KYC000894,CUST00894,Rejected,Standard,Manual,2024-01-31,2027-01-30,74.61,Passed,65.64,81.79,
KYC000895,CUST00895,Approved,Basic,Third-Party Provider,2025-03-21,2027-03-21,72.56,Passed,88.12,14.68,
KYC000896,CUST00896,Expired,Standard,Digital,2024-06-08,2027-06-08,99.85,Failed,57.94,78.18,
KYC000897,CUST00897,Approved,Enhanced Due Diligence,Branch,2024-06-23,2027-06-23,67.82,Failed,70.67,18.39,
KYC000898,CUST00898,Pending,Basic,Branch,2024-12-06,2026-12-06,97.47,Passed,83.52,63.35,
KYC000899,CUST00899,Approved,Standard,Manual,2026-03-26,2029-03-25,98.56,Passed,86.02,9.41,
KYC000900,CUST00900,Approved,Enhanced Due Diligence,Branch,2024-12-21,2027-12-21,70.19,Passed,89.76,25.63,
KYC000901,CUST00901,Approved,Standard,Third-Party Provider,2026-11-19,2027-11-19,82.92,Passed,85.9,8.0,
KYC000902,CUST00902,Approved,Basic,Third-Party Provider,2025-05-24,2028-05-23,84.2,Passed,59.81,14.07,
KYC000903,CUST00903,Approved,Enhanced Due Diligence,Branch,2026-08-12,2029-08-11,98.65,Passed,59.99,11.69,
KYC000904,CUST00904,Approved,Basic,Digital,2026-07-16,2029-07-15,93.04,Passed,69.34,12.23,
KYC000905,CUST00905,Approved,Standard,Digital,2025-06-15,2027-06-15,69.48,Passed,76.13,8.81,
KYC000906,CUST00906,Approved,Standard,Branch,2026-07-17,2029-07-16,98.53,Passed,91.21,10.22,
KYC000907,CUST00907,Approved,Standard,Digital,2026-07-03,2027-07-03,90.78,Passed,61.32,22.82,
KYC000908,CUST00908,Approved,Basic,Third-Party Provider,2026-02-11,2028-02-11,67.82,Passed,82.71,34.33,
KYC000909,CUST00909,Approved,Standard,Manual,2024-08-27,2027-08-27,87.61,Passed,77.11,12.75,
KYC000910,CUST00910,Approved,Standard,Digital,2025-06-17,2027-06-17,78.12,Passed,70.07,28.98,
KYC000911,CUST00911,Approved,Basic,Third-Party Provider,2025-04-09,2028-04-08,93.83,Passed,95.62,13.16,
KYC000912,CUST00912,Approved,Standard,Branch,2024-04-27,2027-04-27,73.83,Passed,73.82,22.67,
KYC000913,CUST00913,Approved,Enhanced Due Diligence,Digital,2026-04-16,2029-04-15,90.1,Passed,82.74,16.77,
KYC000914,CUST00914,Approved,Standard,Third-Party Provider,2025-03-06,2026-03-06,80.28,Passed,78.53,10.69,
KYC000915,CUST00915,Approved,Standard,Digital,2026-01-17,2029-01-16,72.35,Failed,97.01,21.07,
KYC000916,CUST00916,Approved,Standard,Manual,2026-03-13,2029-03-12,76.37,Passed,78.05,20.35,
KYC000917,CUST00917,Approved,Standard,Manual,2026-05-12,2028-05-11,70.79,Passed,76.95,17.21,
KYC000918,CUST00918,Approved,Standard,Branch,2025-03-10,2028-03-09,64.63,Passed,91.34,16.13,
KYC000919,CUST00919,Approved,Enhanced Due Diligence,Branch,2026-05-20,2029-05-19,84.22,Passed,96.64,29.2,
KYC000920,CUST00920,Approved,Standard,Manual,2026-08-03,2029-08-02,81.52,Passed,65.6,29.06,
KYC000921,CUST00921,Approved,Standard,Digital,2025-09-04,2026-09-04,64.86,Passed,81.12,26.02,
KYC000922,CUST00922,Approved,Basic,Third-Party Provider,2024-03-08,2027-03-08,66.36,Passed,58.21,12.57,
KYC000923,CUST00923,Approved,Standard,Branch,2025-06-19,2026-06-19,65.7,Passed,97.93,15.82,
KYC000924,CUST00924,Approved,Basic,Branch,2024-02-10,2025-02-09,86.79,Passed,76.82,25.72,
KYC000925,CUST00925,Approved,Standard,Third-Party Provider,2026-07-16,2029-07-15,92.54,Passed,91.65,6.5,
KYC000926,CUST00926,Approved,Standard,Branch,2025-12-25,2026-12-25,86.68,Passed,55.02,5.84,
KYC000927,CUST00927,Approved,Standard,Digital,2026-01-12,2029-01-11,69.14,Passed,97.78,17.24,
KYC000928,CUST00928,Approved,Basic,Manual,2024-04-17,2027-04-17,61.99,Passed,61.88,9.55,
KYC000929,CUST00929,Approved,Standard,Digital,2025-12-29,2026-12-29,84.73,Passed,55.2,22.55,
KYC000930,CUST00930,Approved,Standard,Branch,2024-04-22,2027-04-22,96.12,Pending,92.3,18.37,
KYC000931,CUST00931,Approved,Basic,Third-Party Provider,2026-10-09,2028-10-08,80.16,Passed,86.24,5.84,
KYC000932,CUST00932,Approved,Standard,Manual,2025-04-19,2026-04-19,81.77,Passed,67.76,29.74,
KYC000933,CUST00933,Pending,Standard,Digital,2026-04-28,2028-04-27,85.38,Passed,79.48,44.23,
KYC000934,CUST00934,Approved,Standard,Manual,2025-08-26,2026-08-26,82.46,Passed,90.64,21.77,
KYC000935,CUST00935,Approved,Basic,Digital,2025-06-22,2028-06-21,86.47,Passed,90.54,24.84,
KYC000936,CUST00936,Approved,Standard,Third-Party Provider,2026-09-20,2029-09-19,94.98,Passed,68.08,32.98,
KYC000937,CUST00937,Approved,Basic,Third-Party Provider,2024-03-27,2027-03-27,71.39,Passed,85.93,12.01,
KYC000938,CUST00938,Approved,Basic,Digital,2024-07-07,2026-07-07,99.04,Failed,83.15,20.94,
KYC000939,CUST00939,Approved,Standard,Digital,2026-08-02,2029-08-01,98.46,Passed,58.02,32.86,
KYC000940,CUST00940,Approved,Standard,Manual,2025-04-27,2028-04-26,81.76,Failed,97.67,6.82,
KYC000941,CUST00941,Expired,Standard,Branch,2025-12-29,2027-12-29,96.39,Passed,89.67,69.21,
KYC000942,CUST00942,Approved,Standard,Branch,2025-01-22,2027-01-22,86.37,Pending,95.66,23.17,
KYC000943,CUST00943,Rejected,Basic,Branch,2026-03-14,2027-03-14,75.63,Passed,81.63,81.97,
KYC000944,CUST00944,Approved,Basic,Third-Party Provider,2025-04-06,2026-04-06,88.1,Passed,98.55,9.32,
KYC000945,CUST00945,Approved,Basic,Branch,2025-01-26,2028-01-26,60.4,Passed,57.0,24.28,
KYC000946,CUST00946,Approved,Standard,Third-Party Provider,2024-07-02,2025-07-02,84.63,Passed,82.67,12.07,
KYC000947,CUST00947,Approved,Basic,Branch,2025-10-17,2026-10-17,96.79,Passed,63.29,16.52,
KYC000948,CUST00948,Approved,Basic,Branch,2024-12-16,2025-12-16,72.0,Passed,72.51,20.63,
KYC000949,CUST00949,Approved,Standard,Branch,2026-01-15,2029-01-14,61.09,Passed,55.07,32.68,
KYC000950,CUST00950,Approved,Standard,Digital,2024-04-26,2026-04-26,79.65,Passed,61.35,18.4,
KYC000951,CUST00951,Approved,Standard,Digital,2024-10-02,2025-10-02,98.82,Passed,55.63,10.66,
KYC000952,CUST00952,Rejected,Standard,Digital,2026-12-20,2027-12-20,84.49,Passed,61.03,88.32,
KYC000953,CUST00953,Expired,Basic,Digital,2026-09-23,2027-09-23,87.65,Passed,59.76,66.57,
KYC000954,CUST00954,Approved,Standard,Branch,2026-07-06,2028-07-05,83.9,Failed,62.75,15.25,
KYC000955,CUST00955,Approved,Standard,Manual,2026-05-23,2029-05-22,78.53,Passed,83.96,19.82,
KYC000956,CUST00956,Approved,Basic,Manual,2026-12-26,2029-12-25,73.96,Passed,76.01,17.88,
KYC000957,CUST00957,Approved,Basic,Branch,2026-01-16,2029-01-15,66.42,Passed,93.4,11.42,
KYC000958,CUST00958,Approved,Enhanced Due Diligence,Manual,2024-05-10,2027-05-10,98.48,Passed,97.15,16.93,
KYC000959,CUST00959,Approved,Standard,Branch,2025-08-31,2026-08-31,61.32,Passed,95.33,22.0,
KYC000960,CUST00960,Expired,Standard,Third-Party Provider,2024-12-25,2026-12-25,77.1,Pending,63.82,78.56,
KYC000961,CUST00961,Approved,Standard,Branch,2026-05-05,2029-05-04,77.14,Failed,69.03,19.93,
KYC000962,CUST00962,Approved,Standard,Third-Party Provider,2026-01-18,2027-01-18,88.92,Passed,69.47,21.82,
KYC000963,CUST00963,Approved,Standard,Digital,2026-02-05,2029-02-04,96.94,Passed,93.89,7.0,
KYC000964,CUST00964,Approved,Enhanced Due Diligence,Branch,2024-12-05,2026-12-05,73.26,Passed,77.64,5.08,
KYC000965,CUST00965,Approved,Standard,Third-Party Provider,2025-09-05,2028-09-04,61.86,Passed,87.83,6.41,
KYC000966,CUST00966,Approved,Enhanced Due Diligence,Branch,2025-01-10,2028-01-10,75.59,Passed,77.82,28.47,
KYC000967,CUST00967,Approved,Standard,Manual,2024-11-29,2025-11-29,90.52,Passed,69.86,30.77,
KYC000968,CUST00968,Pending,Basic,Third-Party Provider,2025-07-30,2027-07-30,91.02,Pending,65.09,35.38,
KYC000969,CUST00969,Pending,Basic,Third-Party Provider,2024-07-15,2026-07-15,79.7,Passed,65.96,63.69,
KYC000970,CUST00970,Pending,Standard,Branch,2025-11-04,2027-11-04,72.6,Passed,59.39,55.19,
KYC000971,CUST00971,Approved,Basic,Branch,2025-04-09,2027-04-09,99.39,Passed,69.09,31.93,
KYC000972,CUST00972,Approved,Standard,Branch,2025-12-12,2026-12-12,84.57,Pending,88.85,18.0,
KYC000973,CUST00973,Rejected,Standard,Manual,2025-10-20,2026-10-20,73.59,Pending,61.01,86.46,
KYC000974,CUST00974,Approved,Basic,Digital,2026-07-25,2027-07-25,81.93,Passed,77.34,14.06,
KYC000975,CUST00975,Approved,Standard,Branch,2024-07-16,2025-07-16,69.55,Passed,74.06,5.76,
KYC000976,CUST00976,Approved,Enhanced Due Diligence,Third-Party Provider,2024-07-27,2027-07-27,72.89,Failed,88.84,24.05,
KYC000977,CUST00977,Rejected,Basic,Branch,2026-11-30,2027-11-30,93.88,Pending,71.3,79.72,
KYC000978,CUST00978,Expired,Standard,Digital,2025-09-05,2026-09-05,89.42,Passed,62.56,65.49,
KYC000979,CUST00979,Pending,Standard,Branch,2026-04-13,2028-04-12,95.06,Passed,63.41,53.82,
KYC000980,CUST00980,Approved,Standard,Branch,2025-09-28,2026-09-28,66.96,Pending,69.8,26.18,
KYC000981,CUST00981,Approved,Basic,Third-Party Provider,2026-08-12,2027-08-12,68.2,Passed,71.64,18.43,
KYC000982,CUST00982,Approved,Standard,Third-Party Provider,2024-07-08,2027-07-08,96.11,Passed,99.41,25.45,
KYC000983,CUST00983,Approved,Standard,Branch,2025-02-23,2027-02-23,92.65,Pending,62.73,21.26,
KYC000984,CUST00984,Approved,Standard,Third-Party Provider,2024-05-06,2027-05-06,74.58,Passed,98.62,19.53,
KYC000985,CUST00985,Pending,Standard,Branch,2026-02-06,2028-02-06,76.63,Passed,92.75,38.31,
KYC000986,CUST00986,Approved,Basic,Manual,2024-02-09,2025-02-08,80.95,Passed,63.01,17.74,
KYC000987,CUST00987,Pending,Basic,Third-Party Provider,2025-06-14,2027-06-14,65.5,Passed,96.53,57.88,
KYC000988,CUST00988,Approved,Standard,Branch,2025-02-02,2028-02-02,68.22,Pending,66.74,12.84,
KYC000989,CUST00989,Approved,Basic,Digital,2025-07-04,2028-07-03,79.07,Passed,80.52,20.36,
KYC000990,CUST00990,Approved,Standard,Digital,2026-11-22,2027-11-22,88.27,Passed,77.41,5.08,
KYC000991,CUST00991,Approved,Standard,Digital,2025-03-02,2026-03-02,84.4,Passed,94.48,33.09,
KYC000992,CUST00992,Approved,Basic,Third-Party Provider,2024-07-20,2025-07-20,96.21,Passed,55.56,18.96,
KYC000993,CUST00993,Approved,Standard,Digital,2024-03-24,2027-03-24,69.83,Passed,77.95,27.78,
KYC000994,CUST00994,Rejected,Basic,Branch,2024-04-20,2026-04-20,62.02,Passed,77.84,69.25,
KYC000995,CUST00995,Approved,Standard,Branch,2024-07-19,2026-07-19,94.46,Passed,60.05,19.72,
KYC000996,CUST00996,Approved,Standard,Digital,2025-11-28,2028-11-27,61.38,Passed,68.09,9.24,
KYC000997,CUST00997,Approved,Standard,Digital,2024-07-18,2026-07-18,80.45,Passed,62.38,13.25,
KYC000998,CUST00998,Approved,Standard,Third-Party Provider,2024-07-14,2025-07-14,93.17,Passed,99.3,30.56,
KYC000999,CUST00999,Approved,Basic,Third-Party Provider,2025-11-30,2028-11-29,68.97,Passed,95.04,6.78,
KYC001000,CUST01000,Approved,Standard,Digital,2025-12-12,2028-12-11,63.64,Passed,65.05,12.38,
